Food,Score
Soya bean white,37815.129590000004
Soya bean brown,35595.528229999996
Catfish Eggs,24838.901550000002
Tuna,24577.70065
Lentil dal,24361.937570000002
Green gram dal,23889.38687
Ground nut,23667.8461
Sunflower seeds,23543.03417
Garden cress seeds,23384.4505
Pistachio nuts,23359.06162
