source,code,name,lang,lang_bn,grup,enerc_kcal,water,protcnt,fatce,cho,fibtg,ash,ca,fe,mg,p,k,na,zn,cu,vita,retol,cartbeq,vitd,vite,thia,ribf,nia,vitb6c,folsum,vitc
FCT_2014,01_0001,whole-grain Barley,barley,বার্লি গোটা শস্য কাঁচা,Cereals and Millets,324,11.7,10.9,2.2,56.4,17.3,1.5,0.026,0.0055,0.133,0.264,0.452,0.004,0.00277,0.0005,1.00E-06,,1.30E-05,,0.0009,0.00047,0.0002,0.0078,0.000318,3.40E-05,
FCT_2014,01_0034,"Biscuit, sweet",misti buscuit,মিষ্টি বিস্কুট,Cereals and Millets,344,24.3,5.8,10,56.7,2.4,0.8,0.083,0.0021,0.032,0.131,0.116,0.083,0.00087,0.00013,,,,,0.00093,5.00E-05,3.00E-05,0.001,4.90E-05,7.00E-06,
FCT_2014,01_0002,"Bread, bun/roll",ruti/rol,রুটি/রোল,Cereals and Millets,270,33,8.8,2.8,50.9,2.8,1.7,0.026,0.001,0.022,0.096,0.133,0.501,0.00073,0.00013,,,,,0.0005,0.00015,5.00E-05,0.0029,5.30E-05,2.90E-05,
FCT_2014,01_0003,"Bread, white, for toasting",pawruti,পাউরুটি,Cereals and Millets,272,30.4,8,1.4,55.6,2.5,2.1,0.119,0.0022,0.026,0.103,0.131,0.592,0.00068,0.00014,,,,,0.00024,0.00021,0.00034,0.0039,6.30E-05,3.00E-05,
FCT_2014,01_0006,"Millet, Foxtail, raw",kaun ba kaun chal,কাওন বা কাউন চাল,Cereals and Millets,344,11.8,10.4,4.3,61.7,8.5,3.3,0.032,0.0028,0.081,0.29,0.25,0.007,0.0015,0.0014,5.00E-06,,6.00E-05,,5.00E-05,0.00059,0.00011,0.0032,0.000384,8.50E-05,
FCT_2014,01_0008,"Pear millet, whole-grain, raw",bajra,বাজরা,Cereals and Millets,349,12.4,10.1,5,61.4,8.8,2.3,0.042,0.008,0.137,0.296,0.307,0.011,0.0031,0.00106,,,,,5.00E-05,0.00033,0.00016,0.0023,0.000384,8.50E-05,
FCT_2014,01_0035,Plain Khichuri,khicuri,খিচুড়ি,Cereals and Millets,163,65.7,5.1,7.4,17.7,2.5,1.6,0.013,0.0011,0.019,0.054,0.092,0.41,0.00069,0.00012,2.40E-05,2.10E-05,2.70E-05,1.00E-07,0.00013,8.00E-05,2.00E-05,0.0003,4.10E-05,4.00E-06,0.0002
FCT_2014,01_0036,Plain pulao,plain polao,প্লেইন পোলাও,Cereals and Millets,128,69.7,2.2,2.3,24.1,1.1,0.6,0.006,,0.016,0.039,0.027,0.167,0.00034,5.00E-05,,,,,0.0001,1.00E-05,1.00E-05,0.0003,4.00E-06,2.00E-06,0.0001
FCT_2014,01_0009,"Popcorn, maize (salt added)",popcorn,পপকর্ন,Cereals and Millets,328,13.7,10,3.1,58.6,12.9,1.6,0.01,0.0028,0.135,0.349,0.294,0.785,0.0037,0.00023,7.00E-06,,8.00E-05,,0.0002,9.00E-05,7.00E-05,0.0015,0.00014,2.80E-05,
FCT_2014+BD,01_0010,Rice flaked,Chira,চিড়া,Cereals and Millets,356,9.9,6.5,1.1,79.2,1.3,2,0.025,0.0068,0.047,0.13,0.15,0.002,0.00136,0.00037,,,,,,0.00021,5.00E-05,0.004,,,
FCT_2014,01_0011,"Rice flakes, white grain, water-soaked",chira vija,চিড়া ভিজে,Cereals and Millets,105,73.2,2,0.3,23,0.9,0.6,0.008,0.002,0.014,0.039,0.045,0.001,0.0004,0.00011,,,,,,6.00E-05,1.00E-05,0.0012,,,
FCT_2014,01_0037,"Rice, BR-28, boiled (without salt)",bhat (BR-28),ভাত (বিআর-২৮),Cereals and Millets,109,71.2,2.1,0.1,24.3,1.1,0.2,0.006,0.0003,0.016,0.039,0.039,0.003,0.00041,7.00E-05,,,,,4.00E-05,3.00E-05,1.00E-05,0.0011,2.80E-05,3.00E-06,
FCT_2014,01_0013,"Rice, BR-11, parboiled, milled, raw",bhat (BR-11),ভাত (বিআর-১১),Cereals and Millets,345,11.9,7.9,0.3,76.1,3.4,0.4,0.001,0.0007,0.043,0.127,0.146,0.002,0.00132,0.0002,,,,,7.00E-05,6.00E-05,4.00E-05,0.0008,0.000169,1.10E-05,
FCT_2014,01_0014,"Rice, BR-16, parboiled, milled, raw",bhat (BR-16),ভাত (বিআর-১৬),Cereals and Millets,346,11.8,6.2,0.3,77.9,3.4,0.5,0.002,0.0007,0.043,0.127,0.147,0.002,0.00133,0.0002,,,,,8.00E-05,0.0001,3.00E-05,0.0018,0.000148,1.10E-05,
FCT_2014,01_0015,"Rice, BR-26, parboiled, milled, raw",bhat (BR-26),ভাত (বিআর-২৬),Cereals and Millets,346,11.7,8.4,0.4,75.5,3.4,0.6,0.002,0.0007,0.043,0.127,0.147,0.002,0.00133,0.0002,,,,,0.00011,9.00E-05,3.00E-05,0.0017,0.000171,1.10E-05,
FCT_2014,01_0016,"Rice, BR-3, parboiled, milled, raw",bhat (BR-3),ভাত (বিআর-৩),Cereals and Millets,344,12,7.1,0.2,76.8,3.4,0.5,0.002,0.0007,0.043,0.126,0.146,0.002,0.00132,0.0002,,,,,4.00E-05,,2.00E-05,0.0006,0.000169,1.10E-05,
FCT_2014,01_0017,"Rice, BRRI Dhan-30, parboiled, milled, raw",bhat (BRRI dhan-30),ভাত (বিআরআরআই ধান-৩০),Cereals and Millets,349,10.9,6.9,0.3,77.9,3.4,0.6,0.002,0.0007,0.044,0.128,0.148,0.002,0.00134,0.0002,,,,,8.00E-05,0.00011,6.00E-05,0.0018,0.000169,1.10E-05,
FCT_2014,01_0018,"Rice, BRRI Dhan-40, parboiled, milled, raw",bhat (BRRI dhan-40),ভাত (বিআরআরআই ধান-৪০),Cereals and Millets,349,10.8,7,0.3,77.9,3.4,0.6,0.002,0.0007,0.044,0.128,0.148,0.002,0.00134,0.0002,,,,,8.00E-05,9.00E-05,6.00E-05,0.0012,0.000172,1.10E-05,
FCT_2014,01_0038,"Rice, brown, home-pounded, boiled (without salt)",bhat (dheki chhata),ভাত (ঢেঁকি ছাঁটা),Cereals and Millets,112,72,2.4,0.7,23.2,1.2,0.4,0.006,0.001,0.018,0.075,0.052,0.004,0.00058,0.00012,,,,,0.00022,4.00E-05,2.00E-05,0.0016,0.0001,1.10E-05,
FCT_2014,01_0039,"Rice, brown, parboiled, milled, boiled (without salt)",bhat (kolechhata),ভাত (কোলেছাঁটা),Cereals and Millets,112,71.9,2.5,0.8,23.2,1.2,0.4,0.007,0.0004,0.018,0.078,0.084,0.004,0.00058,0.00012,,,,,0.00022,4.00E-05,2.00E-05,0.0016,0.0001,1.10E-05,
FCT_2014,01_0022,"Rice, popped",khoi,খই,Cereals and Millets,380,3.9,7.1,0.1,87,1.4,0.4,0.01,0.0007,0.047,0.138,0.16,0.005,0.00087,0.00021,,,,,0.0001,0.00021,0.00027,0.0035,,1.20E-05,
FCT_2014,01_0023,"Rice, puffed, salted",muri,মুড়ি,Cereals and Millets,361,7.3,6.7,0.1,82.7,1.4,1.8,0.009,0.0007,0.045,0.133,0.154,0.65,0.00084,0.0002,,,,,0.0001,0.00021,0.00012,0.0035,,1.20E-05,
FCT_2014,01_0025,"Rice, white, sunned, polished, milled, raw",atop chaler bhat,আতপ চাউলের ভাত,Cereals and Millets,345,12.2,6.6,0.3,77.4,3.1,0.4,0.005,0.0009,0.043,0.126,0.109,0.005,0.00109,0.00014,,,,,0.0001,9.00E-05,3.00E-05,0.0025,,6.00E-06,
FCT_2014,01_0042,Ruti,ruti,রুটি,Cereals and Millets,246,37.3,7.5,1.2,49.7,3.1,1.1,0.011,0.0027,0.042,0.099,0.149,0.231,0.0011,0.00013,,,,,0.0003,7.00E-05,4.00E-05,0.0013,6.30E-05,7.00E-06,
FCT_2014,01_0026,"Semolina, wheat, raw",suji,সুজি,Cereals and Millets,346,12.8,10.9,1.4,70.6,3.9,0.5,0.017,0.0011,0.04,0.105,0.158,0.005,0.00218,0.00025,,,,,0.0001,0.00018,5.00E-05,0.004,8.50E-05,5.70E-05,
FCT_2014,01_0027,"Sorghum, raw",joar dhan ba bajra,জোয়ার ধান বাজরা,Cereals and Millets,350,11.9,10.1,3.3,66.9,6.3,1.5,0.025,0.0058,0.29,0.222,0.35,0.006,0.0016,0.00046,,,,,0.0011,0.00021,0.00013,0.0029,0.00025,2.00E-05,
FCT_2014,01_0028,"Sweet corn, yellow, on the cob, raw",bhutta,ভুট্টা,Cereals and Millets,147,62.9,3.5,1.4,28.7,2.8,0.8,0.005,0.0007,0.03,0.112,0.228,0.002,0.0008,0.00013,4.00E-06,,5.20E-05,,0.0006,0.00012,9.00E-05,0.0018,0.00016,2.90E-05,0.0059
FCT_2014,01_0029,"Vermicelli, wheat, raw",semai,সেমাই,Cereals and Millets,347,11.7,8.9,0.6,74.9,3.2,0.7,0.022,0.002,0.042,0.092,0.14,0.008,0.00138,0.00029,,,,,0.00011,0.00019,5.00E-05,0.0034,0.000142,1.80E-05,
FCT_2014,01_0032,"Wheat flour, white, refined",moyda,ময়দা,Cereals and Millets,346,12.8,9.8,1,73.1,2.7,0.6,0.013,0.0027,0.058,0.14,0.21,0.01,0.00155,0.00019,,,,,6.00E-05,0.00012,7.00E-05,0.004,4.40E-05,2.00E-05,
FCT_2014,01_0033,"Wheat, whole, raw",gom,গম,Cereals and Millets,344,10,11.2,2.9,62,12.2,1.6,0.041,0.0049,0.142,0.316,0.293,0.018,0.00279,0.0007,,,5.00E-06,,0.0019,0.00049,0.00012,0.0055,0.0003,3.80E-05,
FCT_2014,02_0001,"Bengal gram, dehulled, split, dried, raw",chholar dal,ছোলার ডাল,Grain Legumes,375,10.5,20.2,6,59.2,1.2,2.8,0.056,0.0088,0.11,0.331,0.725,0.039,0.00334,0.00134,3.00E-06,,4.00E-05,,0.00288,0.00048,0.00027,0.0024,0.000535,0.000148,
FCT_2014,02_0012,"Bengal gram, whole, boiled (without salt)",chhola (ranna kora),ছোলা (রান্না করা),Grain Legumes,182,52.5,10.6,3.1,23.3,9.1,1.3,0.094,0.004,0.059,0.172,0.28,0.016,0.00126,0.00045,2.00E-06,,2.10E-05,,0.00135,0.0001,0.0001,0.0017,0.000195,4.80E-05,
FCT_2014,02_0003,"Black gram, dehulled, dried, raw",mashkalai dal,মাষকলাই ডাল,Grain Legumes,317,11.3,22.3,1.7,45.1,16.3,3.3,0.184,0.0059,0.189,0.337,1.121,0.033,0.00231,0.00107,2.00E-06,,2.40E-05,,0.0019,0.00042,0.00026,0.0059,0.00028,0.00014,
FCT_2014,02_0013,"Green gram, split, boiled (without salt)",mug dal (ranna kora),মুগ ডাল (রান্না করা),Grain Legumes,161,58.5,10.9,0.5,28.1,0.3,1.7,0.03,0.0029,0.059,0.131,0.448,0.013,0.00113,0.00054,1.00E-06,,1.80E-05,,0.0008,0.00011,5.00E-05,0.002,0.0002,3.20E-05,
FCT_2014,02_0006,"Green gram, whole, dried, raw",mugkalai,মুগকলাই,Grain Legumes,318,10.4,23.7,1.3,44.8,16.3,3.5,0.137,0.0079,0.189,0.326,1.78,0.028,0.00268,0.00117,3.00E-06,,3.90E-05,,0.0019,0.00047,0.00039,0.0066,0.0005,0.00014,
FCT_2014,02_0014,"Grass pea, split, boiled (without salt)",khesarir dal (ranna kora),খেসারির ডাল (রান্না করা),Grain Legumes,142,63.5,11.4,0.4,22.8,0.9,1,0.024,0.0019,0.036,0.136,0.246,0.013,0.00123,0.00031,2.00E-06,,2.40E-05,,0.0002,0.0001,6.00E-05,0.0008,9.80E-05,4.20E-05,
FCT_2014,02_0015,"Lentil, boiled (without salt)",moshur dal (ranna kora),মসুর ডাল (রান্না করা),Grain Legumes,155,56.9,13.6,0.4,21.2,6.5,1.4,0.012,0.0022,0.031,0.115,0.234,0.016,0.00172,0.00027,1.00E-06,,1.70E-05,,0.00016,0.00024,5.00E-05,0.002,0.000115,9.00E-06,
FCT_2014,02_0016,"Pea, boiled (without salt)",motor (ranna kora),মটর (রান্না করা),Grain Legumes,170,54,11.5,1.1,25.2,6.8,1.4,0.037,0.0023,0.047,0.14,0.277,0.012,0.00164,0.00047,2.00E-06,,2.00E-05,,0.00049,0.00016,5.00E-05,0.0019,2.70E-05,9.00E-06,
FCT_2014,02_0010,"Red gram, split, dried, raw",orhor dal (ranna kora),অড়হর ডাল (রান্না করা),Grain Legumes,347,10.8,22.3,1.5,60.4,1.5,3.5,0.055,0.0027,0.096,0.304,1.1,0.029,0.0021,0.0012,3.00E-06,,3.00E-05,,0.00083,0.00045,0.00019,0.0029,0.000283,0.000103,
FCT_2014,02_0011,"Soybean, dried, raw",gari kalai ba soyabin,গাড়ী কলাই বা সয়াবিন,Grain Legumes,424,9.2,32.9,19.9,23.6,9.3,5,0.241,0.0113,0.207,0.691,1.53,0.005,0.0057,0.00125,1.00E-06,,1.30E-05,,0.0029,0.00073,0.0005,0.0079,0.000417,0.0001,
FCT_2014,02_0001,"Bengal gram, dehulled, split, dried, raw",chholar dal (bhaja),ছোলার ডাল (ভাজা),Grain Legumes,375,10.5,20.2,6,59.2,1.2,2.8,0.056,0.0088,0.11,0.331,0.725,0.039,0.00334,0.00134,3.00E-06,,4.00E-05,,0.00288,0.00048,0.00027,0.0024,0.000535,0.000148,
FCT_2014,02_0002,"Bengal gram, whole, dried, raw",shukna chhola,শুকনা ছোলা,Grain Legumes,350,8.9,20.4,6,44.8,17.4,2.6,0.203,0.0088,0.13,0.368,0.716,0.033,0.00268,0.00123,3.00E-06,,4.00E-05,,0.00288,0.0003,0.00027,0.0049,0.000535,0.000186,
FCT_2014,02_0014,"Grass pea, split, boiled (without salt)",khesari dal (ranna kora),খেসারি ডাল (রান্না করা),Grain Legumes,142,63.5,11.4,0.4,22.8,0.9,1,0.024,0.0019,0.036,0.136,0.246,0.013,0.00123,0.00031,2.00E-06,,2.40E-05,,0.0002,0.0001,6.00E-05,0.0008,9.80E-05,4.20E-05,
FCT_2014,03_0001,"Amaranth, stem, raw",data,ডাঁটা,Other Vegetables,21,92.3,0.9,0.1,3.7,1.2,1.8,0.114,0.0018,,0.03,,,0.00052,,2.60E-05,,0.000306,,,1.00E-05,0.00018,,,,0.0358
FCT_2014,03_0002,"Bean, scarlet runner, raw",shim,শিম,Other Vegetables,54,85,3.9,0.1,8.3,2,0.7,0.044,0.0011,0.025,0.034,0.22,,0.00048,2.00E-05,3.20E-05,,0.000384,,6.00E-05,5.00E-05,1.00E-05,,8.00E-05,6.00E-05,0.0087
FCT_2014,03_0003,"Bean, seeds and pods, raw",kacha shimer bichi o shuti,কাঁচা শিমের বিচি ও শুঁটি,Other Vegetables,29,90,2.4,0.1,2.5,4.3,0.6,0.07,0.0009,0.051,0.049,0.17,0.01,0.00037,0.0006,1.90E-05,,0.000227,,0.00051,8.00E-05,9.00E-05,0.0005,6.30E-05,6.20E-05,0.0096
FCT_2014,03_0004,"Beet root, red, raw",bitrut,বিটরুট,Other Vegetables,46,85.8,2,0.1,7.9,2.8,1.4,0.015,0.001,0.023,0.04,0.325,0.078,0.00035,8.00E-05,1.00E-06,,7.00E-06,,8.00E-05,3.00E-05,6.00E-05,0.0004,6.70E-05,0.000109,0.0145
FCT_2014,03_0005,"Brinjal, purple, long, raw",lomba begun,লম্বা বেগুন,Other Vegetables,24,91.4,1.9,0.1,2,4.1,0.7,0.021,0.0004,0.024,0.047,0.178,0.008,0.00057,0.00068,4.00E-06,,4.50E-05,,0.0001,3.00E-05,7.00E-05,0.0009,7.90E-05,3.40E-05,0.0013
FCT_2014,03_0033,"Brinjal, purple, long, boiled (without salt)",begun (ranna kora),বেগুন (রান্না করা),Other Vegetables,26,90.6,2.1,0.1,2.1,4.4,0.7,0.024,0.0004,0.021,0.047,0.132,0.008,0.00052,0.00063,4.00E-06,,4.70E-05,,0.00011,2.00E-05,6.00E-05,0.0007,6.00E-05,2.00E-05,0.001
FCT_2014,03_0006,"Broad beans, raw",makhon shim,মাখন শিম,Other Vegetables,50,85.4,4.5,0.6,4.5,4.2,0.8,0.05,0.0014,0.038,0.095,0.25,0.05,0.00058,7.00E-05,8.00E-06,,0.000102,,0.00028,8.00E-05,0.00011,0.0024,3.80E-05,9.60E-05,0.009
FCT_2014,03_0034,"Cabbage, boiled (without salt)",bandhakopi (ranna kora),বাঁধাকপি (রান্না করা),Other Vegetables,27,91.7,1.7,0.4,2.9,2.8,0.5,0.035,0.0005,0.012,0.031,0.097,0.009,0.00034,3.00E-05,5.00E-06,,6.00E-05,,0.00023,4.00E-05,4.00E-05,0.0004,0.000115,2.40E-05,0.0073
FCT_2014,03_0035,"Carrot, boiled (without salt)",gajor (ranna kora),গাজর (রান্না করা),Other Vegetables,43,87.3,1.1,0.3,7.3,3.1,0.7,0.034,0.0005,0.014,0.039,0.081,0.04,7.00E-05,0.00026,0.000364,,0.00696,,0.00068,4.00E-05,7.00E-05,0.001,0.000115,9.00E-06,0.0007
FCT_2014,03_0036,"Cauliflower, boiled (without salt)",fulkopi (ranna kora),ফুলকপি (রান্না করা),Other Vegetables,28,91.4,2.7,0.3,2.7,2.1,0.8,0.036,0.0008,0.02,0.042,0.214,0.018,0.00037,2.00E-05,1.00E-06,,8.00E-06,,0.00022,2.00E-05,2.00E-05,0.0007,0.000135,3.20E-05,0.0466
FCT_2014,03_0010,"Chilli, green, with seeds, raw",kacha morich,কাচা মরিচ,Other Vegetables,45,85.5,2.8,0.1,5.9,4.7,1,0.022,0.0016,0.043,0.03,0.282,0.012,0.00197,0.00087,1.00E-05,,0.000115,,0.00029,3.00E-05,5.00E-05,0.0013,0.00023,1.00E-05,0.1023
FCT_2014,03_0037,"Cowpea, boiled (without salt)",borboti (ranna kora),বরবটি (রান্না করা),Other Vegetables,40,86.5,3.1,0.4,3,6.3,0.8,0.054,0.0005,0.043,0.05,0.306,0.02,0.0009,0.00012,8.00E-06,,0.000101,,,0.0001,2.00E-05,0.0014,4.90E-05,9.50E-05,
FCT_2014,03_0012,"Cucumber, peeled, raw",shosha,শসা,Other Vegetables,17,95.1,0.8,0.1,2.9,0.7,0.4,0.013,0.0006,0.012,0.017,0.105,0.002,0.00017,5.00E-05,4.00E-06,,4.40E-05,,7.00E-05,0.00016,2.00E-05,0.0003,5.10E-05,1.40E-05,0.0072
FCT_2014,03_0013,"Drumstick, pods, raw",shojne data,সজনে ডাটা,Other Vegetables,43,85.2,2.9,0.2,5.1,4.8,1.9,0.024,0.0002,0.028,0.11,0.259,0.042,0.00016,1.00E-05,2.60E-05,,0.000311,,,4.00E-05,4.00E-05,0.0006,0.00012,4.40E-05,0.0699
FCT_2014,03_0014,"Garlic, raw",roshun,রসুন,Other Vegetables,147,61.6,6.9,0.6,27.6,2.1,1.3,0.025,0.0016,0.025,0.162,0.511,0.011,0.00108,0.00018,,,,,8.00E-05,0.00013,0.00012,0.0024,0.001235,4.00E-06,0.0241
FCT_2014,03_0015,"Gourd, ash, raw",chalkumra,চালকুমড়া,Other Vegetables,10,96.5,0.4,0.1,1,1.7,0.3,0.03,0.0008,0.017,0.014,0.139,0.039,0.0001,2.00E-05,,,3.00E-06,,,6.00E-05,1.00E-05,0.0004,4.30E-05,1.60E-05,0.031
FCT_2014,03_0047,"Gourd, bitter, boiled (without salt)",korola shiddho (ranna kora),করলা (রান্না করা তরকারি),Other Vegetables,35,89,2.3,0.4,4.1,3,1.2,0.02,0.0018,0.029,0.02,0.141,0.033,0.00034,0.00026,2.60E-05,,0.000311,,,4.00E-05,3.00E-05,0.0005,,2.80E-05,0.0628
FCT_2014,03_0017,"Gourd, bottle, raw",lau,লাউ,Other Vegetables,34,90.8,1.1,0.1,6.8,0.6,0.6,0.026,0.0007,0.011,0.053,0.15,0.039,0.00058,0.00016,1.00E-06,,1.70E-05,,,1.00E-05,2.00E-05,0.0004,4.00E-05,6.00E-06,0.0087
FCT_2014,03_0038,"Gourd, pointed, boiled (without salt)",Potal  (ranna kora),পটল (রান্না করা),Other Vegetables,28,91.6,2.3,0.4,2.5,2.5,0.6,0.02,0.0017,0.015,0.018,0.115,0.026,0.00039,0.00017,6.00E-06,,7.00E-05,,,0.00013,3.00E-05,0.0006,3.00E-05,1.00E-05,0.0135
FCT_2014,03_0019,"Gourd, ridge, raw",Jhinga or jhinge,ঝিঙ্গা বা ঝিঙে,Other Vegetables,29,92.4,1.3,0.4,4.6,1.1,0.3,0.021,0.0013,0.014,0.032,0.139,0.039,0.0005,0.00023,2.00E-06,,2.60E-05,,0.0001,0.00011,3.00E-05,0.0005,4.30E-05,7.00E-06,0.0046
FCT_2014,03_0020,"Gourd, snake, raw",cicinggaa,চিচিঙ্গা,Other Vegetables,24,93.4,0.5,0.3,4.5,0.8,0.5,0.031,0.0004,0.017,0.028,0.155,0.039,0.00032,0.00018,,,,,,4.00E-05,6.00E-05,0.0008,4.00E-05,1.60E-05,0.0188
FCT_2014,03_0021,"Gourd, sponge, raw",dhundl baa dhuNdhul,ধুন্দল বা ধুঁধুল,Other Vegetables,24,92.9,0.9,0.2,4.3,1.1,0.7,0.019,0.0006,0.014,0.032,0.139,0.039,0.0005,0.00023,,,,,0.0001,3.00E-05,1.00E-05,0.0002,4.30E-05,7.00E-06,0.0062
FCT_2014,03_0039,"Gourd, teasle, boiled (without salt)",kaaNkrol (raannaa kraa),কাঁকরোল (রান্না করা),Other Vegetables,69,81.5,2.2,0.5,13.4,1.3,1.2,0.031,0.0026,0.019,0.027,0.144,0.046,0.00046,0.0001,1.50E-05,,0.000178,,0.00026,6.00E-05,5.00E-05,0.0006,3.40E-05,1.00E-05,0.099
FCT_2014,03_0040,"Okra/ladies finger, boiled (without salt)",ddheNdd's (raannaa kraa),ঢেঁড়স (রান্না করা),Other Vegetables,32,90,1.7,0.1,4.7,2.5,0.9,0.072,0.0007,0.013,0.021,0.099,0.024,0.00023,6.00E-05,1.50E-05,,0.000177,,0.00021,2.00E-05,0.0001,0.0008,0.000123,2.60E-05,0.0087
FCT_2014,03_0046,Lady's finger-tomato bhuna,ddheNdd's-ttmetto bhunaa,ঢেঁড়স-টমেটো ভুনা,Other Vegetables,127,72.1,3.4,7.4,9,5,3.1,0.128,0.0014,0.031,0.05,0.319,0.565,0.00067,0.00053,2.60E-05,,0.000299,,0.00081,6.00E-05,0.00022,0.0015,0.000297,6.00E-05,0.0245
FCT_2014,03_0025,"Papaya, unripe, raw",kaaNcaa peNpe,কাঁচা পেঁপে,Other Vegetables,30,90.6,0.8,0.1,5.7,1.5,1.3,0.015,0.0006,0.056,0.015,0.129,0.007,0.00022,2.00E-05,1.00E-06,,7.00E-06,,,3.00E-05,2.00E-05,0.0002,,,0.0186
FCT_2014,03_0041,"Papaya, unripe, boiled (without salt)",kaaNcaa peNpe (raannaa kraa),কাঁচা পেঁপে (রান্না করা),Other Vegetables,32,89.9,0.8,0.1,6.1,1.6,1.4,0.017,0.0006,0.048,0.015,0.094,0.008,0.0002,2.00E-05,1.00E-06,,7.00E-06,,,2.00E-05,2.00E-05,0.0001,,,0.0122
FCT_2014,03_0026,"Peas, raw",mttrshuNtti,মটরশুঁটি,Other Vegetables,91,74.3,7,0.4,12.5,5.1,0.9,0.043,0.0016,0.047,0.108,0.244,0.005,0.00124,0.00018,3.80E-05,,0.000455,,0.00013,0.0004,0.00014,0.0028,0.000169,6.50E-05,0.0076
FCT_2014,03_0027,"Plantain, raw",kaaNcaa klaa,কাঁচা কলা,Other Vegetables,77,78.9,2,0.3,15.5,2.3,1,0.022,0.0006,0.028,0.021,0.242,0.004,0.00014,8.00E-05,5.60E-05,,0.000676,,0.00014,9.00E-05,6.00E-05,0.0009,0.000299,2.20E-05,0.0073
FCT_2014,03_0042,"Plantain, boiled (without salt)",kaaNcaa klaa (trkaari),কাঁচা কলা (তরকারি),Other Vegetables,76,79.3,1.9,0.3,15.2,2.3,1,0.022,0.0006,0.023,0.018,0.161,0.005,0.00012,7.00E-05,5.30E-05,,0.000636,,0.00013,6.00E-05,4.00E-05,0.0006,0.000205,1.20E-05,0.0043
FCT_2014,03_0043,"Pumpkin, boiled (without salt)",misstti kumdd'aa (raannaa kraa),মিষ্টি কুমড়া (রান্না করা),Other Vegetables,29,90.4,2.2,0.5,2.1,3.8,1.1,0.079,0.0011,0.014,0.023,0.371,0.013,0.00014,0.00028,0.000554,,0.00664,,0.00161,8.00E-05,7.00E-05,0.0008,6.70E-05,1.40E-05,0.0201
FCT_2014,03_0044,"Radish, boiled (without salt)",mulaa (raannaa kraa),মুলা (রান্না করা),Other Vegetables,24,92.4,1.2,0.1,3.3,2.1,0.8,0.035,0.0005,0.014,0.028,0.086,0.033,0.00038,4.00E-05,,,,,,0.0004,,0.0004,6.60E-05,1.70E-05,0.0092
FCT_2014,03_0030,"Tomato, green, raw",kaaNcaa ttmetto,কাঁচা টমেটো,Other Vegetables,23,93.3,1.9,0.2,2.5,1.7,0.4,0.016,0.0003,0.007,0.028,0.156,0.007,0.00019,0.0003,,,,,0.00038,7.00E-05,1.00E-05,0.0006,4.80E-05,9.00E-06,0.0306
FCT_2014,03_0031,"Tomato, red, ripe, raw",paakaa ttmetto,পাকা টমেটো,Other Vegetables,16,95,1.1,0.2,1.4,1.7,0.5,0.013,0.0002,0.007,0.024,0.156,0.007,0.00041,0.00097,9.00E-06,,0.000104,,0.00054,4.00E-05,4.00E-05,0.0006,4.90E-05,1.50E-05,0.0123
FCT_2014,03_0045,"Tomato, red, ripe, boiled (without salt)",paakaa ttmetto (raannaa kraa),পাকা টমেটো (রান্না করা),Other Vegetables,30,90.6,2.1,0.5,2.7,3.1,1,0.024,0.0004,0.012,0.041,0.2,0.011,0.00066,0.00155,1.60E-05,,0.000187,,0.00098,5.00E-05,5.00E-05,0.0007,6.40E-05,1.50E-05,0.0141
FCT_2014,03_0032,"Turnip, raw",shaalgm,শালগম,Other Vegetables,26,92.1,1.1,0.2,4.1,1.8,0.7,0.032,0.0004,0.01,0.034,0.236,0.041,0.00052,5.00E-05,,,,,3.00E-05,4.00E-05,2.00E-05,0.0006,9.00E-05,1.50E-05,0.0247
FCT_2014,04_0001,"Agathi, raw",bkphuler shaak,বকফুলের শাক,Green Leafy Vegetables,88,73.1,8.4,1.8,5.7,7.9,3.1,1.13,0.0039,,0.08,,,,,0.00128,,0.0154,,,0.00021,9.00E-05,0.0034,,,0.169
FCT_2014,04_0002,"Alligator weed, raw",maalnyc shaak,মালঞ্চ শাক,Green Leafy Vegetables,57,84.7,4.9,1.2,6.6,,2.6,0.019,0.0005,,0.046,,,,,0.000475,,0.0057,,,,,,,,
FCT_2014,04_0003,"Amaranth, leaves, spiney, raw",kaaNttaa ntte shaak,কাঁটা নটে শাক,Green Leafy Vegetables,51,81.8,4.8,0.3,5.2,4.4,3.6,0.64,0.0144,0.265,0.072,0.679,0.056,0.00032,0.00036,0.000908,,0.0109,,,3.00E-05,6.00E-05,0.0016,0.000192,8.50E-05,0.0434
FCT_2014,04_0032,"Amaranth, leaves, red, boiled (without salt)",laal shaak,লাল শাক,Green Leafy Vegetables,37,86.8,5.3,0.4,0.6,5,2,0.287,0.0053,0.129,0.034,0.154,0.053,0.00085,0.00025,0.000842,,0.0101,,,2.00E-05,0.0001,0.0012,0.000147,5.00E-05,0.0198
FCT_2014,04_0033,"Amaranth, leaves, green, boiled (without salt)",sbuj ddaaNttaa shaak,সবুজ ডাঁটা শাক,Green Leafy Vegetables,30,89.3,2.3,0.3,1.7,5.1,1.1,0.192,0.0074,0.129,0.05,0.19,0.032,0.00086,0.00014,0.000789,,0.00946,,,2.00E-05,0.00014,0.0012,0.000147,5.00E-05,0.0175
FCT_2014,04_0006,"Dock leaves, raw",cukaai shaak baa cukur shaak,চুকাই শাক বা চুকুর শাক,Green Leafy Vegetables,46,86.4,3.1,0.7,5.9,1.8,2.1,0.074,0.0067,0.082,0.048,0.602,0.014,0.00043,0.00013,0.000217,,0.0026,,,0.00011,0.00017,0.0016,0.000262,0.000125,0.0175
FCT_2014,04_0007,Beet greens leaves,bitter shaak,বিটের শাক,Green Leafy Vegetables,31,88.7,2.8,0.5,2.1,3.7,2.3,0.249,0.0026,0.07,0.036,0.762,0.226,0.00041,0.00014,0.000463,,0.00556,,0.0015,0.00018,0.00039,0.0038,0.000106,1.50E-05,0.0471
FCT_2014,04_0008,"Bengal dayflower, leaves, raw",btt baa bthuy'aa shaak,বট বা বথুয়া শাক,Green Leafy Vegetables,22,92.3,2,0.3,2.2,1.4,1.7,0.113,0.0071,0.077,0.019,0.473,0.021,0.00063,9.00E-05,0.000318,,0.00381,,,4.00E-05,,,,,0.02
FCT_2014,04_0009,"Bitter gourd leaves, green, raw",krlaa shaak,করলা শাক,Green Leafy Vegetables,55,84,4.9,0.5,6.1,3.1,1.4,0.11,0.0052,0.167,0.09,0.724,0.031,0.00095,0.00059,0.000357,,0.00428,,,0.00012,0.00029,0.0014,0.000803,0.000128,0.0783
FCT_2014,04_0010,"Bottle gourd leaves, raw",laau shaak,লাউ শাক,Green Leafy Vegetables,26,90.2,2.5,0.6,0.6,4.4,1.7,0.094,0.0031,0.069,0.028,0.276,0.041,0.00049,0.00015,0.000198,,0.00237,,,7.00E-05,0.00017,0.0014,0.000188,7.30E-05,0.0477
FCT_2014,04_0011,"Bugleweed, raw",saabaaraaN,সাবারাং,Green Leafy Vegetables,43,88.6,2.6,1.3,4.6,1.3,1.7,0.049,0.0028,,0.052,0.268,,0.00052,,3.90E-05,,0.000467,,,,,,,,0.0131
FCT_2014,04_0012,"Cassava, leaves, raw",shim aalu shaak,শিম আলু শাক,Green Leafy Vegetables,62,82.4,4.7,1.2,5.7,4.8,1.3,0.201,0.0049,0.054,0.036,0.303,0.022,0.00045,0.00081,0.000356,,0.00427,,,0.00016,0.0003,0.0011,0.0002,7.70E-05,0.0273
FCT_2014,04_0013,"Colocasia leaves, black, raw",kaalo kcu shaak,কালো কচু শাক,Green Leafy Vegetables,62,81.8,5.6,1.2,5.3,3.7,2.4,0.392,0.0021,0.13,0.039,0.763,0.048,0.00098,0.00025,0.000699,,0.00839,,0.00336,6.00E-05,0.00045,0.0026,0.000146,0.000126,0.063
FCT_2014+BD,04_0014,"Colocasia leaves, green, raw",sbuj kcu shaak,সবুজ কচু শাক,Green Leafy Vegetables,51,84.7,4,1.1,4.4,3.7,2.1,0.235,0.0049,0.061,0.04,0.764,0.047,0.00068,0.00019,0.000596,,0.00715,,0.00202,0.00022,0.00026,0.0026,0.00015,0.000126,0.0481
FCT_2014,04_0015,"Cowpea, leaves, raw",brbtti paataa,বরবটি পাতা,Green Leafy Vegetables,34,89,3.4,0.7,1.7,3.6,1.6,0.29,0.0051,0.06,0.061,0.475,0.044,0.0005,0.00027,0.00015,,0.0018,,,5.00E-05,0.00018,0.0016,0.00024,0.000129,0.057
FCT_2014,04_0016,"Dima leaves, raw",gimaa shaak baa gime shaak,গিমা শাক বা গিমে শাক,Green Leafy Vegetables,33,91.1,1.7,1,3.6,1,1.6,,,,,,,,,,,,,,,,,,,0.007
FCT_2014,04_0017,"Drumstick, leaves, raw",sjinaa paataa,সজিনা পাতা,Green Leafy Vegetables,72,79.7,6.7,1.8,4.6,5.2,2,0.44,0.0009,0.042,0.07,0.259,0.03,0.00016,7.00E-05,0.0011,,0.01316,,,0.00026,0.00066,0.0026,0.0012,0.000205,0.22
FCT_2014,04_0018,"Fern, leaves, raw",ddheNki shaak,ঢেঁকি শাক,Green Leafy Vegetables,68,82.3,1.3,0.6,13.7,1,1.1,,,,,,,,,,,,,,,,,,,
FCT_2014,04_0019,"Fenugreek, leaves, raw",methi shaak,মেথি শাক,Green Leafy Vegetables,50,86.1,4.4,0.9,5,2.1,1.5,0.395,0.0019,0.041,0.051,0.031,0.076,0.00034,0.0001,0.000758,,0.0091,,,0.00012,0.00031,0.0017,0.000268,0.000104,0.052
FCT_2014,04_0036,"Indian spinach, boiled (without salt)",puNi shaak siddh,পুঁই শাক সিদ্ধ,Green Leafy Vegetables,33,89.2,3.1,0.4,2.8,2.9,1.6,0.14,0.0022,0.142,0.037,0.123,0.069,0.00035,8.00E-05,0.000201,,0.00241,,,2.00E-05,0.00031,0.0004,0.00021,9.20E-05,0.0273
FCT_2014,04_0021,"Jute leaves, raw",paatt shaak,পাট শাক,Green Leafy Vegetables,32,87.6,2.9,0.3,1.7,5.8,1.8,0.12,0.0097,0.042,0.06,0.225,0.06,0.00147,2.00E-05,0.000305,,0.00366,,,0.0001,0.00055,0.0016,0.0006,0.000123,0.0544
FCT_2014,04_0022,"Pumpkin leaves, raw",misstti kumrraar shaak,মিষ্টি কুমড়ার শাক,Green Leafy Vegetables,29,90.8,2.4,0.4,2.8,2.1,1.4,0.04,0.0022,0.038,0.104,0.436,0.011,0.0002,0.00013,0.000162,,0.00194,,,0.00012,0.00024,0.0015,0.000207,3.60E-05,0.0372
FCT_2014,04_0023,"Radish leaves, raw",mulaa shaak,মুলা শাক,Green Leafy Vegetables,32,90.7,1.8,0.7,3.4,2.6,0.8,0.147,0.0028,0.02,0.041,0.26,0.07,0.00048,7.00E-05,0.000156,,0.00187,,,8.00E-05,9.00E-05,0.0016,0.000179,7.00E-05,0.0689
FCT_2014,04_0034,"Slender amaranth leaves, boiled (without salt)",ntte shaak,নটে শাক,Green Leafy Vegetables,55,81.1,4.8,0.6,5.1,5.1,3.3,0.255,0.0048,0.023,0.053,0.395,0.05,0.00106,0.00025,0.00103,,0.0124,,,2.00E-05,0.00012,0.0012,0.000147,5.00E-05,0.0844
FCT_2014,04_0035,"Spinach, boiled (without salt)",paalN shaak,পালং শাক,Green Leafy Vegetables,47,83.1,5.4,0.9,1.6,5.3,3.6,0.157,0.0031,0.057,0.074,0.43,0.235,0.00123,0.00016,0.000672,,0.00806,,0.0037,4.00E-05,0.00011,0.0017,0.000231,0.000177,0.0155
FCT_2014,04_0026,"Sweet potato leaves, raw",misstti aalur shaak,মিষ্টি আলুর শাক,Green Leafy Vegetables,45,84,4,0.8,1.8,7.3,2.1,0.194,0.0027,0.05,0.081,0.497,0.047,0.00032,0.00019,0.000308,,0.0037,,,0.0001,0.00014,0.0021,0.000137,8.00E-05,0.027
FCT_2014,04_0027,"Sweet potato leaves, SP4, dark green, mature, raw",misstti aalur shaak (SP4),মিষ্টি আলুর শাক (SP4),Green Leafy Vegetables,45,83.3,3.9,0.4,2.8,7.7,2,0.198,0.0028,0.065,0.085,0.69,0.067,0.00036,0.00015,0.000448,,0.00538,,,4.00E-05,0.0001,0.0022,4.90E-05,8.40E-05,0.0009
FCT_2014,04_0028,"Sweet potato leaves, SP7, dark green, mature, raw",misstti aalur shaak (SP7),মিষ্টি আলুর শাক (SP7),Green Leafy Vegetables,45,82.4,4.9,0.3,1.2,8.5,2.7,0.117,0.0029,0.038,0.089,0.347,0.063,0.00034,0.00019,0.000276,,0.00331,,,0.00023,0.00011,0.0023,0.00032,8.80E-05,0.0033
FCT_2014,04_0029,"Sweet potato leaves, SP8, light green, mature, raw",misstti aalur shaak (SP8),মিষ্টি আলুর শাক (SP8),Green Leafy Vegetables,50,82.6,3.6,0.4,3.9,8,1.6,0.106,0.0029,0.047,0.088,0.53,0.051,0.00026,0.00024,0.000118,,0.001421,,,5.00E-05,0.00011,0.0023,4.00E-05,8.70E-05,0.0024
FCT_2014,04_0030,"Water spinach, raw",klmi shaak,কলমি শাক,Green Leafy Vegetables,43,87.1,1.9,0.4,6,3.7,0.9,0.107,0.0022,0.019,0.036,0.207,0.107,0.00051,6.00E-05,0.000199,,0.00238,,,0.00014,0.0004,0.0009,9.60E-05,5.70E-05,0.0304
FCT_2014,04_0031,"Watercress, raw",helenycaa shaak,হেলেঞ্চা শাক,Green Leafy Vegetables,49,87.4,2,0.5,8.8,0.5,0.8,0.031,0.0019,0.027,0.052,0.23,0.049,0.00052,2.00E-05,0.00053,,0.00636,,0.00146,4.00E-05,0.00016,0.001,0.000129,4.50E-05,0.043
FCT_2014,05_0011,"Colocasia/Taro, boiled (without salt)",kcur mukhi (raannaa kraa),কচুর মুখি (রান্না করা),Roots and Tubers,115,67.5,2.5,0.2,23.6,4.6,1.6,0.04,0.0008,0.035,0.088,0.53,0.012,0.00023,0.00017,4.00E-06,,4.80E-05,,0.00267,0.0001,3.00E-05,0.0009,0.000238,1.60E-05,0.0048
FCT_2014,05_0017,"Colocasia/Taro/Tannia, cormel, boiled (without salt)",dudh kcu (raannaa kraa),দুধ কচু (রান্না করা),Roots and Tubers,113,68.5,2.4,0.2,23.1,4.6,1.2,0.046,0.0011,0.035,0.034,0.53,0.01,0.00023,0.00017,,,,,0.00267,0.00013,3.00E-05,0.0009,0.000238,1.60E-05,0.0049
FCT_2014,05_0018,"Elephant foot, corm, boiled (without salt)",ol kcu (raannaa kraa),ওল কচু (রান্না করা),Roots and Tubers,83,76.1,1.3,0.1,16.9,4.6,0.9,0.056,0.0007,0.035,0.088,0.53,0.01,0.00023,0.00017,,,,,0.00267,5.00E-05,7.00E-05,0.0009,0.000238,1.60E-05,0.0035
FCT_2014,05_0019,"Giant taro, corm, boiled (without salt)",maankcu (raannaa kraa),মানকচু (রান্না করা),Roots and Tubers,92,73.9,1.6,0.2,18.6,4.6,1.1,0.052,0.0011,0.035,0.075,0.53,0.01,0.00023,0.00017,,,,,0.00267,8.00E-05,3.00E-05,0.0009,0.000238,1.60E-05,0.0052
FCT_2014,05_0005,"Potato, Diamond, raw",ddaay'mndd aalu,ডায়মন্ড আলু,Roots and Tubers,66,81.7,1.2,0.2,14,2.1,0.9,0.011,0.0005,0.021,0.04,0.286,0.016,0.00079,0.00043,2.00E-06,,2.70E-05,,2.00E-05,8.00E-05,9.00E-05,0.0008,0.000277,1.80E-05,0.0191
FCT_2014,05_0012,"Potato, Diamond, boiled (without salt)",gol aalu (raannaa kraa),গোল আলু (রান্না করা),Roots and Tubers,67,81.5,1.2,0.2,14.2,2.1,0.9,0.014,0.0006,0.02,0.038,0.232,0.015,0.00072,0.00039,2.00E-06,,2.60E-05,,2.00E-05,6.00E-05,8.00E-05,0.0006,0.00021,1.10E-05,0.0135
FCT_2014,05_0021,Potato Mash,aalu siddh (lbnn chaarraa),আলু সিদ্ধ (লবণ ছাড়া),Roots and Tubers,84,77,1.4,0.8,16.6,2.5,1.8,0.014,0.0006,0.023,0.044,0.273,0.31,0.00085,0.00047,3.00E-06,,3.20E-05,,0.00011,7.00E-05,0.0001,0.0004,0.000247,1.40E-05,0.0165
FCT_2014,05_0016,"Sweet potato, Komola Sundori, orange flesh, boiled (without salt)",misstti aalu raannaa kraa),মিষ্টি আলু রান্না করা),Roots and Tubers,98,73.4,0.9,0.3,21.4,3,1,0.031,0.0007,0.024,0.036,0.174,0.02,0.00027,0.00014,0.000692,,0.0083,,0.00026,6.00E-05,5.00E-05,0.0006,0.000159,7.00E-06,0.0163
FCT_2014,05_0015,"Sweet potato, skin purple, flesh pale-yellow, boiled (without salt)",laal khosaar misstti aalu (siddh),লাল খোসার মিষ্টি আলু (সিদ্ধ),Roots and Tubers,106,71.4,0.6,0.3,23.6,3,1,0.033,0.0014,0.026,0.047,0.188,0.02,0.00037,8.00E-05,3.00E-06,,3.80E-05,,0.00026,6.00E-05,5.00E-05,0.0006,0.000159,7.00E-06,0.0249
FCT_2014,05_0020,"Yam, tuber, boiled (without salt)",bn aalu raannaa kraa),বন আলু রান্না করা),Roots and Tubers,109,69.8,1.7,0.2,22.8,4.6,0.9,0.021,0.0009,0.019,0.036,0.316,0.01,0.00034,0.00018,3.00E-06,,3.20E-05,,0.00052,0.0001,3.00E-05,0.0006,0.000246,1.60E-05,0.01
FCT_2014,06_0001,"Sunflower seeds, dried",suurymukhii biij,সূর্যমুখী বীজ,Nuts and Oil Seeds,552,4.7,17.1,40.1,26.4,8.6,3,0.078,0.0053,0.325,0.66,0.645,0.009,0.005,0.0018,2.00E-06,,2.30E-05,,0.03523,0.00148,0.00036,0.0091,0.001345,0.000227,
FCT_2014,06_0002,"Cashew nuts, raw",hijli baadaam,হিজলি বাদাম,Nuts and Oil Seeds,595,5.9,18,46.9,23.5,3.3,2.4,0.05,0.005,0.292,0.593,0.66,0.012,0.00578,0.0022,1.00E-06,,6.00E-06,,0.00085,0.00063,0.00019,0.0057,0.000417,2.50E-05,
FCT_2014,06_0003,"Chilgoza pine, dried",cilgojaa baa paain baadaam,চিলগোজা বা পাইন বাদাম,Nuts and Oil Seeds,712,2.9,13.7,68.4,8.7,3.7,2.7,0.041,0.0049,0.251,0.575,0.597,0.002,0.00645,0.00132,1.00E-06,,1.80E-05,,0.01365,0.00035,0.00025,0.0062,9.40E-05,3.40E-05,0.0005
FCT_2014,06_0004,Coconut milk,naarkeler dudh,নারকেলের দুধ,Nuts and Oil Seeds,213,72,2.1,21.7,1.2,2.2,0.8,0.018,0.003,0.045,0.097,0.227,0.014,0.0006,0.00023,,,,,0.0007,3.00E-05,1.00E-05,0.0007,2.80E-05,1.50E-05,0.0013
FCT_2014,06_0005,"Coconut, desiccated",shukno naarkel,শুকনো নারকেল,Nuts and Oil Seeds,652,4.3,5.6,62.2,8.5,17.8,1.6,0.032,0.0047,0.09,0.185,0.66,0.028,0.0009,0.00078,,,,,0.00126,6.00E-05,2.00E-05,0.0029,9.00E-05,1.30E-05,
FCT_2014,06_0006,"Coconut, mature kernel",naarkel,নারকেল,Nuts and Oil Seeds,389,42.9,3.3,36.7,6.9,9.2,1,0.016,0.0022,0.037,0.117,0.424,0.016,0.00074,0.00031,,,,,0.00073,5.00E-05,4.00E-05,0.0011,5.40E-05,2.30E-05,0.0033
FCT_2014,06_0007,"Groundnuts/Peanut, raw",cinaa baadaam,চিনা বাদাম,Nuts and Oil Seeds,585,5.3,22.5,46.6,14.8,8.5,2.4,0.076,0.0029,0.189,0.403,0.688,0.01,0.00339,0.00108,,,,,0.01009,0.00077,0.00012,0.0184,0.000348,0.000175,
FCT_2014,06_0008,"Jackfruit seeds, raw",kaaNtthaaler bici,কাঁঠালের বিচি,Nuts and Oil Seeds,151,60.1,5.6,0.4,30.4,1.5,2,0.04,0.0015,0.054,0.097,0.246,0.063,,0.00019,,,,,,0.00021,0.00011,0.0031,,,0.0086
FCT_2014,06_0009,"Linseed, raw",tisi,তিসি,Nuts and Oil Seeds,500,6.5,17.2,39.1,6.1,27.3,3.7,0.255,0.0057,0.392,0.642,0.813,0.03,0.00434,0.00122,,,,,0.01035,0.00164,0.00016,0.0077,0.000473,8.70E-05,
FCT_2014,06_0010,"Lotus seeds, dried",shukno pdmbiij,শুকনো পদ্মবীজ,Nuts and Oil Seeds,339,12.7,16.3,2.2,61.6,4.1,3.2,0.147,0.0056,0.21,0.626,1.37,0.005,0.00105,0.00035,3.00E-06,,3.00E-05,,,0.00064,0.00015,0.0053,0.000629,0.000104,
FCT_2014,06_0011,"Lotus seeds, green",kaacaa pdmbiij,কাচা পদ্মবীজ,Nuts and Oil Seeds,74,80.8,4.1,0.6,12.5,0.9,1.1,0.047,0.001,0.056,0.168,0.367,0.001,0.00028,9.00E-05,1.00E-06,,1.20E-05,,,0.00017,4.00E-05,0.0014,0.000168,2.80E-05,
FCT_2014,06_0012,"Mustard seeds, dried",srissaa,সরিষা,Nuts and Oil Seeds,501,8.5,22,35,18.5,11.8,4.2,0.257,0.0089,0.357,0.8,0.713,0.013,0.00587,0.00062,1.00E-06,,1.70E-05,,0.00507,0.00065,0.00026,0.0082,0.000383,0.000156,
FCT_2014,06_0013,"Pistachio nuts, dried",pestaa baadaam,পেস্তা বাদাম,Nuts and Oil Seeds,574,4.5,19.2,44.9,18.2,10.3,2.9,0.117,0.0053,0.121,0.49,1.02,0.001,0.0022,0.0013,1.60E-05,,0.000195,,0.0023,0.0008,0.0002,0.0058,0.0017,5.10E-05,0.0053
FCT_2014,06_0014,"Pumpkin seeds, dried",misstti kumrraar bici,মিষ্টি কুমড়ার বিচি,Nuts and Oil Seeds,580,6.3,25.1,47.3,10.6,6,4.7,0.045,0.0081,0.431,1.042,0.815,0.013,0.00721,0.00146,1.00E-06,,1.00E-05,,0.00218,0.00027,0.00021,0.0104,0.000143,5.80E-05,0.0015
FCT_2014,06_0015,"Sesame seeds, whole, dried",til,তিল,Nuts and Oil Seeds,563,5.3,17.7,45.8,14.3,11.7,5.2,0.969,0.0105,0.349,0.625,0.465,0.011,0.0077,0.00406,,,5.00E-06,,0.002,0.00079,0.00034,0.0122,0.00078,9.70E-05,
FCT_2014+BD,06_0016,Walnuts,aakhrott,আখরোট,Nuts and Oil Seeds,684,4.5,15.2,64.5,7.3,6.7,1.8,0.1,0.0048,0.158,0.346,0.441,0.002,0.00309,0.00159,1.00E-06,,1.20E-05,,0.00361,0.00045,0.00015,0.004,0.000537,9.80E-05,0.0013
FCT_2014,07_0009,Fennel seeds,misstti jiraa baa maurii,মিষ্টি জিরা বা মৌরী,Spices and Condiments,329,8.3,15.8,14.9,13,39.8,8.2,1.2,0.0164,0.387,0.495,1.68,0.088,0.0037,0.00107,7.00E-06,,8.40E-05,,,0.00041,0.00035,0.0116,0.00047,,
FCT_2014,07_0012,"Indian pennywort, raw",thaankuni,থানকুনি,Spices and Condiments,37,84.5,2.3,0.5,1.6,8.7,2.6,0.119,0.0032,0.056,0.045,0.508,0.2,0.00184,0.0003,0.000108,,0.0013,,,9.00E-05,0.0001,0.0012,,,0.024
FCT_2014,07_0013,"Lemon grass, raw",lebu ghaas,লেবু ঘাস,Spices and Condiments,116,70.3,1.4,0.9,25.5,,2,0.05,0.0028,0.06,0.03,0.196,0.009,0.0006,8.00E-05,3.00E-06,,3.50E-05,,,6.00E-05,8.00E-05,0.0014,8.00E-05,7.50E-05,0.0018
FCT_2014,07_0015,"Mace, ground",jy'trii guNrro,জয়ত্রী গুঁড়ো,Spices and Condiments,415,15.9,6.5,24.4,33.1,18.5,1.6,0.18,0.0126,0.213,0.1,0.424,0.073,0.00126,0.00156,3.00E-05,,0.000361,,,0.00025,0.00042,0.0014,0.00015,7.00E-05,
FCT_2014,07_0016,"Nutmeg, dried",jaay'phl,জায়ফল,Spices and Condiments,480,14.3,7.5,36.4,21.1,19,1.7,0.12,0.0046,0.229,0.24,0.32,0.015,0.00122,0.00071,5.00E-06,,6.10E-05,,,0.00033,1.00E-05,0.0014,0.000146,6.90E-05,
FCT_2014,07_0018,Poppy seeds,post daanaa,পোস্ত দানা,Spices and Condiments,523,5.7,17.2,43.1,6.8,19.5,7.7,1.49,0.0096,0.339,0.86,0.71,0.024,0.00905,0.00163,,,,,0.00272,0.00085,0.00014,0.0051,0.00055,8.20E-05,0.001
FCT_2014,07_0019,"Spearmint leaves, fresh",pudinaa paataa,পুদিনা পাতা,Spices and Condiments,35,87.4,3,0.7,0.6,6.9,1.4,0.11,0.0156,0.042,0.062,0.355,0.03,0.00176,0.00015,6.20E-05,,0.00074,,0.005,9.00E-05,0.00026,0.0009,0.000158,0.000114,0.022
FCT_2014,09_0001,"Anchovy, Gangetic hairfin, dried",pheshaa shuNttki,ফেশা শুঁটকি,Marine Fish,328,10.3,70.9,4.9,0,0,11.9,1.68,0.018,0.138,0.772,0.982,,,0.00071,1.50E-05,1.50E-05,,,0.00058,0.00019,0.00086,,0.000482,3.00E-05,
FCT_2014,09_0003,"Anchovy, Gold spotted grebadier, raw",aluy'aa,অলুয়া,Marine Fish,71,79.9,13.2,2.1,0,0,3.3,0.449,0.0045,0.038,0.238,0.276,0.06,0.00125,9.00E-05,,,,,,7.00E-05,8.00E-05,0.0041,0.000224,,
FCT_2014,09_0004,"Anchovy, Scaly hairfin, raw",teli phaasaa,তেলি ফাসা,Marine Fish,101,75.3,19.3,2.7,0,0,2.8,0.327,0.0023,0.038,0.175,0.338,0.04,0.0016,0.0002,8.00E-06,8.00E-06,,,0.00032,5.00E-05,0.00024,0.013,0.000133,8.00E-06,
FCT_2014,09_0005,"Barb, Olive, raw",srpuNtti,সরপুঁটি,Marine Fish,175,70.6,17.4,11.7,0,0,1.7,0.227,0.0006,0.021,0.151,0.267,0.043,0.00074,3.00E-05,,,,,,2.00E-05,7.00E-05,0.0035,0.000329,,
FCT_2014,09_0008,"Barb, Pool barb, without bones, eyes included, raw",puNtti maach,পুঁটি মাছ,Marine Fish,94,76.6,17.6,2.6,0,0,1.4,0.11,0.002,0.038,0.096,0.238,0.053,0.003,7.00E-05,,,,,,1.00E-05,3.00E-05,0.0003,0.000262,,
FCT_2014,09_0009,"Bata, raw",baattaa maach,বাটা মাছ,Marine Fish,106,74.6,15.9,4.7,0,0,2.1,0.493,0.0012,0.033,0.2,0.201,0.083,0.00094,0.00017,,,,,,8.00E-05,0.0001,0.0052,0.000285,,
FCT_2014,09_0010,"Boal, without bones, raw",boy'aal maach,বোয়াল মাছ,Marine Fish,80,80.8,15.4,2.1,0,0,1.3,0.083,0.0008,0.037,0.134,0.146,0.063,0.00027,5.00E-05,1.00E-06,1.00E-06,,,,6.00E-05,7.00E-05,0.0039,0.000215,,
FCT_2014,09_0011,"Bronze feather back, raw",phli maach,ফলি মাছ,Marine Fish,80,75.8,17.8,1,0,0,2.7,0.59,0.001,0.035,0.45,0.31,0.034,0.00074,5.00E-05,3.00E-05,3.00E-05,,,,0.00012,8.00E-05,0.0008,0.000271,,
FCT_2014,09_0012,"Calbasu, without bones, raw",kaalibaaush maach,কালিবাউশ মাছ,Marine Fish,95,76.7,17,3,0,0,1.2,0.013,0.0011,0.027,0.141,0.287,0.1,0.00036,0.0001,,,,,,5.00E-05,7.00E-05,0.0041,0.000112,,
FCT_2014,09_0013,"Catfish, Bacha, raw",baacaa maach,বাচা মাছ,Marine Fish,122,72.2,16.1,6.4,0,0,2.2,0.52,0.0007,,0.36,,,,0.00011,,,,,,,,0.0005,,,
FCT_2014,09_0014,"Catfish, Pabda, raw",paabdaa maach,পাবদা মাছ,Marine Fish,95,73.7,17.3,2.8,0,0,2.3,0.267,0.0012,0.018,0.266,0.353,0.105,0.00125,9.00E-05,,,,,,3.00E-05,6.00E-05,0.0054,0.000294,,
FCT_2014,09_0015,"Catla, raw",kaatlaa maach,কাতলা মাছ,Marine Fish,103,76.7,19.9,2.6,0,0,1.3,0.53,0.0006,0.036,0.235,0.293,0.056,0.00048,3.00E-05,3.00E-06,3.00E-06,,,,8.00E-05,9.00E-05,0.0044,0.000261,,
FCT_2014,09_0016,"Chanda, Indian glaasy fish, eyes included, raw",raangaa caaNdaa,রাঙা চাঁদা,Marine Fish,115,74.8,15.5,5.9,0,0,4.8,0.931,0.002,,0.64,0.206,0.061,0.00245,,0.000106,0.000103,3.60E-05,,,,,,,,
FCT_2014,09_0017,"Climbing perch, indigenous, eyes included, raw",deshi ki maach,দেশি কই মাছ,Marine Fish,130,73,17.5,6.6,0,0,2,0.41,0.0012,0.053,0.39,0.214,0.052,0.00113,4.00E-05,0.000215,0.000209,7.40E-05,,,3.00E-05,0.00018,0.0026,,,
FCT_2014,09_0018,"Climbing perch, Thai, without bones, eyes included, raw",thaai ki maach,থাই কই মাছ,Marine Fish,139,73,17.5,7.7,0,0,1.5,0.064,0.0012,0.053,0.161,0.214,0.052,0.00113,4.00E-05,0.000215,0.000209,7.40E-05,,,3.00E-05,0.00018,0.0026,0.000302,,
FCT_2014,09_0019,"Clown knife fish, without bones, raw",citl maach,চিতল মাছ,Marine Fish,96,77.3,17.8,2.8,0,0,1,0.104,0.0016,0.023,0.197,0.203,0.114,0.00061,2.00E-05,3.00E-05,3.00E-05,,,,1.00E-05,0.00032,0.0013,0.000254,,
FCT_2014,09_0020,"Common carp, without bones, raw",paati kaarp,পাতি কার্প,Marine Fish,88,79,18.7,1.5,0,0,1.2,0.047,0.0009,0.025,0.24,0.228,0.093,0.00073,6.00E-05,2.00E-06,2.00E-06,,6.60E-06,0.00063,0.00012,6.00E-05,0.0058,0.00018,1.50E-05,
FCT_2014,09_0021,"Croaker, Black spotted, without bones, raw",poy'aa maach,পোয়া মাছ,Marine Fish,100,75.8,18.6,2.9,0,0,1.2,0.032,0.0004,0.028,0.162,0.341,0.077,0.00065,2.00E-05,1.70E-05,1.70E-05,,6.00E-07,0.00117,7.00E-05,0.00011,0.0077,0.000344,1.70E-05,
FCT_2014,09_0022,"Day's mystus, combined species, eyes included, raw",tteNraa maach,টেংরা মাছ,Marine Fish,114,73.6,18.2,4.6,0,0,4,0.627,0.0028,0.022,0.348,0.323,0.054,0.00077,0.00018,4.30E-05,4.30E-05,7.00E-06,,,1.00E-05,4.00E-05,0.0054,0.000296,,
FCT_2014,09_0072,Fish ball,maacher kophtaa,মাছের কোফতা,Marine Fish,220,48.5,15.7,6.7,21.7,5,2.1,0.048,0.0025,0.073,0.211,0.296,0.345,0.00196,0.00052,3.40E-05,2.30E-05,0.000121,2.00E-07,0.00089,0.00024,0.00015,0.002,0.00018,1.50E-05,0.0052
FCT_2014,09_0023,"Fish (Catla, Mrigal, Rohu), dorsal with skin, raw","(rui, kaatlaa o mRgel) maacher gaadaa","(রুই, কাতলা ও মৃগেল) মাছের গাদা",Marine Fish,104,78.1,19.7,2.8,0,0,1.2,0.038,0.0009,0.041,0.164,0.267,0.05,0.00027,2.00E-05,6.00E-06,6.00E-06,3.00E-06,2.10E-06,0.00069,7.00E-05,9.00E-05,0.0049,0.000196,1.60E-05,
FCT_2014,09_0071,Small fish fry,kaacki maach bhaajaa,কাচকি মাছ ভাজা,Marine Fish,107,79.3,7.4,6.1,5.3,0.9,1.6,0.215,0.0013,0.02,0.186,0.148,0.242,0.0016,0.00018,1.50E-05,1.30E-05,2.40E-05,9.00E-07,0.0005,3.00E-05,5.00E-05,0.0004,0.000165,7.00E-06,0.0053
FCT_2014,09_0025,"Ganges river sprat, combined species, raw",bibhinn prjaatir kbcki maach,বিভিন্ন প্রজাতির কবচকি মাছ,Marine Fish,93,80.4,16.1,3.2,0,0,1.6,0.489,0.0024,0.026,0.45,0.134,0.038,0.0031,5.00E-05,3.80E-05,3.50E-05,3.50E-05,2.40E-06,0.00077,3.00E-05,5.00E-05,0.0035,0.000243,7.00E-06,
FCT_2014,09_0026,"Gangetic ailia, raw",kaajli maach,কাজলি মাছ,Marine Fish,117,76.6,15.3,6.2,0,0,2,0.313,0.0009,,0.525,,,,,,,,,,,,,,,
FCT_2014,09_0027,"Gangetic mystus, raw",gulshaa maach,গুলশা মাছ,Marine Fish,86,78.6,15.4,2.7,0,0,2.4,0.3,0.0013,0.018,0.21,0.265,0.05,0.00088,0.00014,,,,,,1.00E-05,3.00E-05,0.0044,0.000239,,
FCT_2014,09_0028,"Giant river-catfish, raw",guijjaa maach,গুইজ্জা মাছ,Marine Fish,75,78.1,15.9,1.3,0,0,1.2,0.38,0.0007,0.036,0.18,0.271,0.084,0.00023,6.00E-05,,,,,,7.00E-05,8.00E-05,0.0005,0.000245,,
FCT_2014,09_0029,"Giant sea perch, whole, dried",bhettki shuNttki,ভেটকি শুঁটকি,Marine Fish,318,20.1,60.2,8.6,0,0,15.9,0.939,0.003,0.181,0.612,0.706,,0.00057,0.00042,,,,4.70E-06,,0.00013,0.0005,0.002,0.000378,1.40E-05,
FCT_2014,09_0031,"Goby, Tank goby, raw",bele maach,বেলে মাছ,Marine Fish,81,79.6,14.7,2.5,0,0,2.7,0.397,0.0012,0.012,0.335,0.269,0.079,0.00093,7.00E-05,,,,,,2.00E-05,4.00E-05,0.0032,0.000229,,
FCT_2014,09_0032,"Gourami, Banded gourami, eyes included, raw",cokh sh khlishaa maach,চোখ সহ খলিশা মাছ,Marine Fish,105,75.2,15.8,4.6,0,0,1.4,0.422,0.0009,0.036,0.498,0.201,0.034,0.00135,0.00051,3.90E-05,3.80E-05,1.10E-05,,,8.00E-05,9.00E-05,0.0026,0.000278,,
FCT_2014,09_0033,"Hilsha, without bones, raw",ilish maach kaaNttaa chaarraa,ইলিশ মাছ কাঁটা ছাড়া,Marine Fish,223,62.7,18,16.8,0,0,1.9,0.086,0.0013,0.026,0.195,0.162,0.052,0.00054,0.00018,,,,,,0.00012,0.00014,0.0056,0.000417,,
FCT_2014,09_0034,"Indian river shad, raw",caapilaa,চাপিলা,Marine Fish,106,76.9,15.4,4.9,0,0,4.4,1.06,0.0048,0.037,0.56,0.231,0.057,0.00197,,6.00E-06,6.00E-06,,,,,,,,,
FCT_2014,09_0035,"Indian threadfin, without bones, raw",laakssaa maach kaaNttaa chaadd'aa,লাক্ষা মাছ কাঁটা ছাড়া,Marine Fish,100,77.1,20.3,2.1,0,0,1.2,0.053,0.0005,0.029,0.208,0.278,0.075,0.00135,5.00E-05,,,,,0.0008,4.00E-05,7.00E-05,0.0023,0.000256,,
FCT_2014,09_0036,"Indo-pacific king mackerel, without bones, raw",surmaa baa bijoraa maach,সুরমা বা বিজোরা মাছ,Marine Fish,102,76,20.9,2,0,0,1.6,0.035,0.0008,0.04,0.259,0.306,0.078,0.00078,2.00E-05,,,,,,8.00E-05,9.00E-05,0.0049,0.000268,,
FCT_2014,09_0037,"Kuria labeo, without bones, raw",gniyyaa maach,গনিয়া মাছ,Marine Fish,109,76.5,17.6,4.3,0,0,1.1,0.03,0.0003,0.042,0.175,0.203,0.06,6.00E-05,9.00E-05,,,,,,6.00E-05,7.00E-05,0.0059,0.000112,,
FCT_2014,09_0038,"Long-whiskered catfish, without bones, raw",aadd' maach,আড় মাছ,Marine Fish,89,78.1,17,2.3,0,0,1.2,0.011,0.0009,0.036,0.102,0.271,0.084,0.00023,9.00E-05,,,,,,7.00E-05,8.00E-05,0.0005,0.000245,1.10E-05,
FCT_2014,09_0039,"Mackerel, narrow-barred Spanish, raw",cmpaa maach,চম্পা মাছ,Marine Fish,112,73.3,19.8,3.6,0,0,1.5,0.092,0.002,0.048,0.161,0.285,0.145,0.0004,2.00E-05,3.00E-05,3.00E-05,,,,3.00E-05,0.00014,0.0023,0.000299,,
FCT_2014,09_0040,"Minnow, Finescale razorbelly, raw",phulcelaa maach,ফুলচেলা মাছ,Marine Fish,95,77.6,15.3,3.7,0,0,3,0.534,0.0019,,0.221,0.395,0.053,0.0031,,,,,,,,,,,,
FCT_2014,09_0041,"Minnow, Finescale razorbelly, dried",shukno phulcelaa maach,শুকনো ফুলচেলা মাছ,Marine Fish,412,4.7,64.8,17,0,0,13.4,3.59,0.0067,,0.844,1.43,,,,,,,,,,,,,,
FCT_2014,09_0042,"Minnow, Large scale razorbelly, raw",naarkeli celaa maach,নারকেলি চেলা মাছ,Marine Fish,119,71.7,18.1,5.2,0,0,2.1,0.352,0.0054,0.041,0.202,0.578,0.156,0.0031,0.00012,,,,,,9.00E-05,0.00011,0.0058,0.000317,,
FCT_2014,09_0043,"Mola carplet, whole, eyes included, raw",mlaa maach,মলা মাছ,Marine Fish,108,77.5,17.1,4.4,0,0,2.7,0.767,0.0038,0.03,0.44,0.178,0.043,0.00319,,0.00268,,,,,,,,,,
FCT_2014,09_0044,"Mrigal carp, eyes included, raw",mRgel maach,মৃগেল মাছ,Marine Fish,102,78.4,18.6,3,0,0,1.6,0.655,0.0018,0.038,0.28,0.236,0.063,0.00029,2.00E-05,1.10E-05,1.10E-05,,,,7.00E-05,8.00E-05,0.0007,0.000242,1.70E-05,
FCT_2014,09_0045,"Mullet, Gold spot, raw",baattaa maach,বাটা মাছ,Marine Fish,120,70.7,18.7,5,0,0,3.5,1.05,0.0021,0.042,0.49,0.764,0.041,0.00143,0.00014,,,,,,0.0001,0.00011,0.0008,0.000328,,
FCT_2014,09_0047,"Pangas, without bones, raw",paangaash maach,পাঙাশ মাছ,Marine Fish,162,70.8,15.9,11,0,0,1,0.014,0.0001,0.029,0.13,0.169,0.046,0.00185,7.00E-05,5.00E-06,5.00E-06,,,,0.00015,6.00E-05,0.0045,0.000107,,
FCT_2014,09_0048,"Perch, Mud, raw",meni maach,মেনি মাছ,Marine Fish,99,75.8,15.8,4,0,0,3.8,0.516,0.0019,,0.429,0.268,0.057,0.00142,4.00E-05,,,,,,,,,,,
FCT_2014,09_0049,"Pomfret, Black, raw",kaalo ruupcaaNdaa,কালো রূপচাঁদা,Marine Fish,112,78.9,19.6,3.7,0,0,1.1,0.286,0.0009,0.025,0.306,0.166,0.131,0.00048,2.00E-05,,,,,,0.00013,0.0002,0.0019,,,
FCT_2014,09_0050,"Pomfret, Chinese Silver, raw",ruupcaaNdaa caainij,রূপচাঁদা চাইনিজ,Marine Fish,103,74.9,15.9,4.4,0,0,1.5,0.2,0.0004,0.026,0.29,0.183,0.145,0.00059,3.00E-05,,,,,,,0.00017,0.003,,,
FCT_2014,09_0051,"Pomfret, Silver, dried",ruupcaaNdaa saadaar shuNttki,রূপচাঁদা সাদার শুঁটকি,Marine Fish,349,21.6,62.1,11.2,0,0,3.8,,,,,,,,,,,,,,,,,,,
FCT_2014,09_0052,"Pomfret, Silver, without bones, raw",saadaa ruupcaaNdaa,সাদা রূপচাঁদা,Marine Fish,108,76.5,17.9,4,0,0,1.5,0.013,0.0005,0.025,0.17,0.19,0.151,0.00027,9.00E-05,,,,,,1.00E-05,8.00E-05,0.0018,,,
FCT_2014,09_0053,"Prawn, Birma river prawn, raw",birmaa ndiir ciNdd'i,বিরমা নদীর চিংড়ি,Marine Fish,86,78.5,18.8,1.3,0,0,1.4,0.016,0.0006,0.019,0.141,0.375,0.098,0.00106,0.00057,2.00E-06,1.00E-06,7.00E-06,,,,,,,,
FCT_2014,09_0054,"Prawn, Giant river prawn, raw",gldaa ciNdd'i,গলদা চিংড়ি,Marine Fish,102,74.8,20.9,2,0,0,1.2,0.018,0.0007,0.022,0.166,0.441,0.116,0.00125,0.00068,2.00E-06,2.00E-06,1.10E-05,,,,,,,,
FCT_2014,09_0055,"Prawn, Giant tiger prawn, raw",baagdaa ciNdd'i,বাগদা চিংড়ি,Marine Fish,92,78.8,16.5,2.9,0,0,1.6,0.017,0.0006,0.043,0.141,0.423,0.117,0.00173,0.00063,,,,,,,,,,,
FCT_2014,09_0056,"Prawn, Hairy river prawn, raw",ciNdd'i,চিংড়ি,Marine Fish,75,79.9,17.6,0.6,0,0,1.4,0.015,0.0005,0.018,0.132,0.352,0.092,0.001,0.00054,1.00E-06,,3.00E-06,,,,,,,,
FCT_2014,09_0057,"Prawn, Indian white prawn, raw",mitthaa paanir ciNdd'i,মিঠা পানির চিংড়ি,Marine Fish,95,79,16.4,3.3,0,0,1.7,0.304,0.0005,0.041,0.922,0.545,0.196,0.00225,0.00052,,,,,,,,,,,
FCT_2014,09_0058,"Prawn, Monsoon river prawn, raw",chaattkaa ciNrri,ছাটকা চিংড়ি,Marine Fish,79,79.7,18.2,0.7,0,0,1.3,0.015,0.0005,0.018,0.133,0.355,0.093,0.00101,0.00054,1.00E-06,1.00E-06,4.00E-06,,,,,,,,
FCT_2014,09_0059,"Rohu, river, raw",ndiir rui,নদীর রুই,Marine Fish,90,76.7,16.6,2.7,0,0,1.2,0.65,0.001,0.012,0.175,0.288,0.101,0.00113,0.00035,,,,,,5.00E-05,7.00E-05,0.0059,0.000112,,
FCT_2014,09_0060,"Rohu, without bones, raw",rui maach,রুই মাছ,Marine Fish,105,76.3,20.6,2.6,0,0,0.9,0.03,0.0004,0.037,0.175,0.309,0.038,0.00113,0.00035,4.00E-06,3.00E-06,6.00E-06,,,0.00061,0.0001,0.0059,0.000112,,
FCT_2014,09_0061,"Shrimp, Speckled, raw",hrinaa ciNdd'i,হরিনা চিংড়ি,Marine Fish,81,78.9,17,1.4,0,0,2,0.421,0.0006,0.026,0.941,0.503,0.117,0.00136,0.00056,,,,,,,,,,,
FCT_2014,09_0062,"Silver carp, without bones, raw",silbhaar kaarp maach,সিলভার কার্প মাছ,Marine Fish,123,75.6,17.5,6,0,0,1.1,0.022,0.0015,0.027,0.182,0.225,0.115,0.00028,2.00E-05,,,,,,8.00E-05,9.00E-05,0.005,0.000273,,
FCT_2014,09_0063,"Silver needle fish, eyes included, raw",kaakilaa maach,কাকিলা মাছ,Marine Fish,94,76.9,16.6,3.1,0,0,3.4,0.21,0.0008,0.025,0.47,0.243,0.055,0.00094,0.0001,6.50E-05,6.10E-05,5.60E-05,,0.00195,1.00E-05,9.00E-05,0.0125,0.0009,1.00E-06,
FCT_2014,09_0064,"Spotted snakehead, raw",ttaaki maach,টাকি মাছ,Marine Fish,91,78.2,17.3,2.4,0,0,4,0.624,0.0015,0.035,0.44,0.245,0.068,0.00108,0.00016,0.000191,9.10E-05,2.50E-05,,,4.00E-05,5.00E-05,0.002,0.000244,,
FCT_2014,09_0065,"Stinging catfish, raw",shiN maacher,শিং মাছের,Marine Fish,101,76.7,17.2,3.5,0,0,2.5,0.319,0.0021,,0.304,0.434,0.083,0.00055,,1.60E-05,1.50E-05,1.10E-05,,,8.00E-05,9.00E-05,0.0006,0.000261,,
FCT_2014,09_0066,"Stone roller, raw",ttaattkini,টাটকিনি,Marine Fish,97,76.2,15.3,3.9,0,0,2.6,0.195,0.0022,0.052,0.124,0.834,0.035,0.00109,9.00E-05,,,,,,8.00E-05,7.00E-05,0.0048,0.000266,,
FCT_2014,09_0067,"Striped snake-head, raw",shol maach,শোল মাছ,Marine Fish,101,78.4,17.7,3.3,0,0,1.4,0.104,0.001,0.043,0.13,0.362,0.05,0.00031,0.0002,,,,,,4.00E-05,5.00E-05,0.002,0.000242,,
FCT_2014,09_0068,"Tilapia, without bones, raw",telaapiy'aa maach,তেলাপিয়া মাছ,Marine Fish,110,76.2,20.8,3,0,0,1.1,0.019,0.0005,0.036,0.35,0.341,0.055,0.0014,0.00011,2.00E-06,2.00E-06,,5.50E-06,0.00071,0.00097,9.00E-05,0.008,0.000111,2.40E-05,
FCT_2014,09_0069,"Tuna, without bones, raw",ttunaa maach,টুনা মাছ,Marine Fish,118,72,25,2,0,0,1.3,0.016,0.0013,0.033,0.312,0.427,0.047,0.00027,0.00015,3.10E-05,3.10E-05,,3.12E-06,,0.00019,0.00013,0.0193,0.00085,9.00E-06,
FCT_2014,09_0070,"Walking catfish, without bones, raw",maagur maach,মাগুর মাছ,Marine Fish,103,77.6,15.6,4.6,0,0,1.1,0.027,0.0008,0.025,0.18,0.344,0.071,0.00053,6.00E-05,1.50E-05,1.00E-05,6.40E-05,,,3.00E-05,6.00E-05,0.0017,0.000251,,
FCT_2014,10_0016,Beef handi kabab,haaNdd'i kaabaab (gru),হাঁড়ি কাবাব (গরু),Animal Meat,233,60.4,12.7,16.9,6.6,1.8,1.7,0.025,0.002,0.025,0.088,0.22,0.345,0.00302,0.00021,1.20E-05,7.00E-06,6.60E-05,3.00E-07,0.00052,4.00E-05,0.001,0.0018,0.000109,1.00E-05,0.0022
FCT_2014,10_0001,"Beef liver, raw",grur klijaa,গরুর কলিজা,Animal Meat,130,70.8,20.4,3.6,3.9,0,1.3,0.004,0.0035,0.018,0.387,0.313,0.069,0.00371,0.0015,0.004968,0.004948,0.000244,1.20E-06,0.00038,0.00019,0.00276,0.0132,0.001083,0.00029,0.0013
FCT_2014,10_0002,"Beef, meat, lean, boneless, raw",haarr o crbi chaarraa grur maaNs,হাড় ও চর্বি ছাড়া গরুর মাংস,Animal Meat,103,76,20.7,2.3,0,0,1,0.004,0.002,0.015,0.19,0.395,0.052,0.00352,0.00014,,,,4.00E-07,0.00023,6.00E-05,0.00019,0.01003,0.00032,7.00E-06,
FCT_2014,10_0003,"Beef, meat, 15-20% fat, boneless, raw",haarr chaarraa grur maaNs,হাড় ছাড়া গরুর মাংস,Animal Meat,207,65.4,19.7,14.2,0,0,0.9,0.005,0.0022,0.022,0.17,0.309,0.069,0.0046,7.00E-05,1.50E-05,1.50E-05,,6.00E-07,0.00035,5.00E-05,0.0002,0.0093,0.00032,9.00E-06,
FCT_2014,10_0004,"Beef, mince, lean, raw",grur maaNser kimaa,গরুর মাংসের কিমা,Animal Meat,126,75,20.3,5,0,0,1,0.009,0.0024,0.022,0.198,0.346,0.066,0.00509,8.00E-05,,,,1.00E-07,0.00028,4.00E-05,0.00016,0.0055,0.000392,5.00E-06,
FCT_2014,10_0005,"Buffalo meat, raw",mhisser maaNs,মহিষের মাংস,Animal Meat,95,78.7,19.4,1.9,0,0,1,0.012,0.0016,0.032,0.189,0.297,0.053,0.00193,0.00015,,,,1.00E-07,5.00E-05,4.00E-05,0.0002,0.006,0.00053,8.00E-06,
FCT_2014,10_0006,"Chicken breast, without skin, raw",murgir (buker) maaNs,মুরগির (বুকের) মাংস,Animal Meat,106,72.9,22.3,1.8,0,0,1.1,0.015,0.0005,0.032,0.173,0.315,0.037,0.0017,6.00E-05,2.50E-05,2.50E-05,,1.00E-07,0.00012,0.00012,7.00E-05,0.0114,0.000315,7.00E-06,
FCT_2014,10_0007,"Chicken leg, without skin, raw",murgir (raaner) maaNs,মুরগির (রানের) মাংস,Animal Meat,128,71.9,19.2,5.7,0,0,1,0.018,0.001,0.029,0.18,0.299,0.055,0.00209,0.00022,2.30E-05,2.30E-05,,1.00E-07,0.00024,9.00E-05,0.00012,0.0095,0.00035,4.00E-06,
FCT_2014,10_0008,"Chicken liver, raw",murgir klijaa,মুরগির কলিজা,Animal Meat,114,76.5,16.9,4.8,0.7,0,1.1,0.018,0.009,0.019,0.297,0.23,0.071,0.0025,0.00029,0.003296,0.00329,6.70E-05,,0.0007,0.00031,0.00178,0.0097,0.000853,0.000588,0.0179
FCT_2014,10_0009,"Duck, meat, raw",haaNser maaNs,হাঁসের মাংস,Animal Meat,130,72.3,21.6,4.8,0,0,1.2,0.004,0.0024,0.019,0.235,0.271,0.074,0.0019,0.00025,2.40E-05,2.40E-05,,1.00E-07,2.00E-05,0.00036,0.00045,0.0088,0.00034,2.50E-05,
FCT_2014,10_0010,"Frog, legs, raw",byaang,ব্যাঙ,Animal Meat,68,81.9,16.4,0.3,0,0,1.4,0.018,0.0015,0.02,0.147,0.285,0.058,0.00137,5.00E-05,1.50E-05,1.50E-05,,2.00E-07,0.001,0.00014,0.00025,0.0012,0.00012,1.50E-05,
FCT_2014,10_0011,"Goat meat, lean, raw",khaasir maaNs,খাসির মাংস,Animal Meat,118,74.2,21.4,3.6,0,0,1.1,0.012,0.0028,0.027,0.193,0.385,0.082,0.004,0.00026,,,,,0.00018,0.00011,0.00049,0.0038,0.0004,5.00E-06,
FCT_2014,10_0012,"Lamb/mutton, meat, moderately fat, raw",bhedd'aar maaNs,ভেড়ার মাংস,Animal Meat,196,71.5,18.5,13.5,0,0,1.3,0.013,0.0022,0.019,0.15,0.136,0.041,0.00392,8.00E-05,9.00E-06,9.00E-06,,2.00E-07,0.00031,0.00018,0.00014,0.0041,0.000125,6.00E-06,
FCT_2014,10_0013,"Lamb/Mutton, liver, raw",bhedd'aar klijaa,ভেড়ার কলিজা,Animal Meat,150,70.4,19.3,7.5,1.3,0,1.5,0.01,0.0063,0.019,0.38,0.29,0.073,0.004,0.00967,0.00825,0.00824,0.000103,2.00E-06,0.00093,0.00036,0.0017,0.0207,0.0009,0.000205,0.02
FCT_2014,10_0014,"Pigeon meat, raw",kbutrer maaNs,কবুতরের মাংস,Animal Meat,137,70.4,23.3,4.9,0,0,1.4,0.012,0.0025,0.03,0.29,0.283,0.06,0.00294,0.00047,1.80E-05,1.80E-05,,,,0.00026,0.00026,0.008,0.00058,4.00E-06,0.0056
FCT_2014,10_0015,"Pork, meat, <5 % fat, raw",shuy'orer maaNs,শুয়োরের মাংস,Animal Meat,114,77.4,18.7,4.4,0,0,1,0.03,0.0022,0.018,0.2,0.261,0.06,0.00257,7.00E-05,,,,4.00E-08,,0.00053,0.00016,0.0052,0.000311,1.00E-06,
FCT_2014,11_0001,"Egg, chicken, farmed, raw",phaarmer murgir ddim,ফার্মের মুরগির ডিম,Egg and Egg Products,139,72.3,14.5,9,Tr,0,0.8,0.029,0.0015,0.021,0.22,0.11,0.116,0.00236,0.0003,0.000165,0.000165,,1.90E-06,0.00083,0.00018,0.0004,0.0038,0.000149,5.00E-05,
FCT_2014,11_0005,"Egg, chicken, farmed, boiled (without salt)",murgir ddim siddh,মুরগির ডিম সিদ্ধ,Egg and Egg Products,158,68.5,16.5,10.2,0,0,0.9,0.035,0.0018,0.024,0.238,0.12,0.128,0.00254,0.00033,0.000178,0.000178,,2.00E-06,0.00094,0.00017,0.00036,0.0034,0.000136,4.50E-05,
FCT_2014,11_0002,"Egg, chicken, native, raw",deshi murgir ddim (trkaari),দেশি মুরগির ডিম (তরকারি),Egg and Egg Products,158,76.1,13.3,11.6,Tr,0,0.9,0.06,0.0017,0.011,0.22,0.097,0.135,0.00203,0.0003,0.000213,0.000213,,2.40E-06,0.0012,0.00018,0.0004,0.0038,0.000149,5.00E-05,
FCT_2014,11_0006,"Egg, chicken, native, boiled (without salt)",siddh deshi murgir ddim,সিদ্ধ দেশি মুরগির ডিম,Egg and Egg Products,179,72.9,15.1,13.2,0,0,1,0.068,0.0019,0.013,0.238,0.105,0.148,0.00219,0.00033,0.000229,0.000229,,2.60E-06,0.00136,0.00017,0.00036,0.0034,0.000136,4.50E-05,
FCT_2014,11_0003,"Egg, chicken, native, yolk, raw",deshi murgir ddimer kusum,দেশি মুরগির ডিমের কুসুম,Egg and Egg Products,325,51.9,16,27.8,2.6,0,1.7,0.12,0.0048,0.011,0.477,0.113,0.048,0.00333,0.00013,0.000496,0.000486,0.000124,5.40E-06,0.00416,0.00023,0.00049,0.0041,0.0003,0.000109,
FCT_2014,11_0004,"Egg, duck, whole, raw",haaNser ddim (trkaari),হাঁসের ডিম (তরকারি),Egg and Egg Products,188,69.7,13.5,14.3,1.4,0,1.1,0.065,0.0024,0.011,0.22,0.222,0.134,0.00141,6.00E-05,0.000362,0.00036,2.10E-05,1.80E-06,0.00139,0.00012,0.00026,0.0047,0.00025,8.00E-05,
FCT_2014,11_0007,"Egg, duck, whole, boiled (without salt)",siddh haaNser ddim,সিদ্ধ হাঁসের ডিম,Egg and Egg Products,214,65.6,15.3,16.2,1.6,0,1.2,0.073,0.0027,0.013,0.238,0.24,0.147,0.00152,7.00E-05,0.000391,0.000389,2.20E-05,1.90E-06,0.00158,0.00011,0.00024,0.0045,0.000227,7.30E-05,
FCT_2014,12_0001,"Buttermilk, fluid, low fat",ghol,ঘোল,Milk and Milk Products,33,92.2,3.4,0.7,3.1,0,0.6,0.103,,0.012,0.092,0.152,0.068,0.00041,1.00E-05,8.00E-06,8.00E-06,1.00E-06,,1.00E-05,4.00E-05,0.00017,0.0009,4.20E-05,6.00E-06,0.0007
FCT_2014,12_0002,"Cheese, cottage, 25% fat",pnir,পনির,Milk and Milk Products,346,40.3,24.6,25.1,5.4,0,4.6,0.79,0.0003,0.022,0.414,0.083,0.509,0.00355,3.00E-05,0.000205,0.00019,0.000182,3.00E-07,0.00049,2.00E-05,0.00047,0.0065,,4.00E-05,
FCT_2014,12_0003,"Curd, sweetened, whole milk",misstti di,মিষ্টি দই,Milk and Milk Products,94,80.6,3.2,4,11.4,0,0.8,0.103,0.0001,0.013,0.09,0.131,0.051,0.00045,5.00E-05,3.20E-05,3.10E-05,1.40E-05,,8.00E-05,5.00E-05,0.00016,0.0008,5.30E-05,9.00E-06,0.001
FCT_2014,12_0004,"Milk, buffalo, whole fat",mhisser dudh,মহিষের দুধ,Milk and Milk Products,101,83.3,3.8,7.5,4.7,0,0.8,0.206,0.0002,0.018,0.246,0.178,0.052,0.00022,5.00E-05,4.70E-05,4.40E-05,3.00E-05,,,5.00E-05,0.00022,0.0001,2.30E-05,6.00E-06,0.0017
FCT_2014,12_0005,"Milk, cow, powder, skimmed",skimdd paauddaar milk,স্কিমড পাউডার মিল্ক,Milk and Milk Products,358,3.8,37.6,1,49.8,0,7.9,1.37,0.0011,0.11,0.956,1.6,0.435,0.0047,0.0001,,,,,0.0001,0.00045,0.00164,0.0097,0.000645,2.10E-05,0.005
FCT_2014,12_0006,"Milk, cow, powder, whole",nniiyukt grur guNrraa dudh,ননীযুক্ত গরুর গুঁড়া দুধ,Milk and Milk Products,497,3.2,26.6,26.7,37.5,0,5.9,0.959,0.0007,0.092,0.758,1.18,0.365,0.00371,6.00E-05,0.000238,0.000228,0.000124,,0.00059,0.00031,0.00137,0.0068,0.000276,3.80E-05,0.0107
FCT_2014,12_0007,"Milk, cow, skimmed",grur dudh maakhn tolaa/nnihiin,গরুর দুধ মাখন তোলা/ননিহীন,Milk and Milk Products,30,92.1,3.1,0.1,4.1,0,0.6,0.103,0.0001,0.013,0.09,0.131,0.051,0.00045,5.00E-05,,,,,1.00E-05,6.00E-05,0.00028,0.0008,5.30E-05,9.00E-06,0.001
FCT_2014,12_0008,"Milk, cow, whole fat (pasteurized, UTH)",grur dudh nni sh,গরুর দুধ ননি সহ,Milk and Milk Products,63,88.3,3.1,3.7,4.3,0,0.6,0.103,0.0001,0.013,0.09,0.131,0.051,0.00045,5.00E-05,3.20E-05,3.00E-05,1.60E-05,,8.00E-05,6.00E-05,0.00028,0.0008,5.30E-05,9.00E-06,0.002
FCT_2014,12_0009,"Milk, cow, whole, condensed, sweetened",knddensdd milk (grur),কনডেন্সড মিল্ক (গরুর),Milk and Milk Products,334,26.5,8.2,9.4,54,0,1.8,0.287,0.0002,0.028,0.247,0.366,0.134,0.00097,2.00E-05,9.50E-05,9.20E-05,4.20E-05,2.00E-07,0.00019,9.00E-05,0.00044,0.0023,5.10E-05,1.30E-05,0.0033
FCT_2014,12_0010,"Milk, goat, combined breeds",chaagler dudh,ছাগলের দুধ,Milk and Milk Products,68,87.2,3.5,4.1,4.3,0,0.9,0.152,0.0002,0.014,0.111,0.204,0.05,0.0003,5.00E-05,3.20E-05,3.00E-05,1.80E-05,6.00E-08,3.00E-05,5.00E-05,9.00E-05,0.001,4.60E-05,1.00E-06,0.0012
FCT_2014,12_0011,"Milk, human, colostrum, raw",shaaldudh,শালদুধ,Milk and Milk Products,58,88.2,2,2.6,6.6,0,0.6,0.028,0.0001,0.003,0.014,0.07,0.047,0.0006,5.00E-05,0.000166,0.000155,0.000135,,0.0013,,3.00E-05,0.001,,2.00E-06,0.007
FCT_2014,12_0013,Payesh,paay'es,পায়েস,Milk and Milk Products,205,53.8,4.3,4.7,36.2,0.2,0.9,0.132,0.0002,0.031,0.12,0.169,0.065,0.00065,0.00011,3.90E-05,3.80E-05,2.00E-05,,0.0001,7.00E-05,0.00033,0.0003,5.60E-05,7.00E-06,0.0017
FCT_2014,13_0001,"Butter, salted",maakhn,মাখন,Edible Oils and Fats,733,15.9,0.9,81,0.2,0,2.1,0.024,,0.002,0.024,0.024,0.714,9.00E-05,,0.000633,0.00062,0.000158,1.50E-06,0.00185,1.00E-05,3.00E-05,4.00E-05,3.00E-06,3.00E-06,
FCT_2014,13_0002,Cottonseed oil,tulaabiijer tel,তুলাবীজের তেল,Edible Oils and Fats,900,0,0,100,0,0,0,,,,,,,,,,,,,0.04277,,,,,,
FCT_2014,13_0003,"Fish oil, cod liver",kdd libhaar tel,কড লিভার তেল,Edible Oils and Fats,900,0,0,100,0,0,0,0.001,0.0001,,,,,6.00E-05,1.00E-05,0.0025,0.03,,0.00025,0.03,,,,,,
FCT_2014,13_0004,"Ghee, cow",gaaoy'aa ghi,গাওয়া ঘি,Edible Oils and Fats,898,0.1,0,99.8,0,0,0.1,0.001,0.0002,,,0.001,0.002,1.00E-05,1.00E-05,0.000642,0.0006,0.0005,1.90E-06,0.00331,,,,,,
FCT_2014,13_0010,Peanut oil,cinaa baadaamer tel,চিনা বাদামের তেল,Edible Oils and Fats,900,0,0,100,0,0,0,,,,,,,1.00E-05,,,,,,0.01516,,,,,,
FCT_2014,13_0011,Sesame oil,tiler tel,তিলের তেল,Edible Oils and Fats,900,0,0,100,0,0,0,,,,,,,,,,,,,0.0014,,,,,,
FCT_2014+BD,14_0001,Coconut water,ddaaber paani,ডাবের পানি,Miscellaneous Foods,20,94.5,0.6,0.3,3.2,1.1,0.3,0.02,0.0002,0.025,0.018,0.26,0.096,0.0001,4.00E-05,,,,,,6.00E-05,3.00E-05,0.0001,3.20E-05,3.00E-06,0.0033
FCT_2014,14_0002,"Coffee infusion (instant with sugar and milk powder, whole fat)",milk kphi,মিল্ক কফি,Beverages,38,91.3,0.9,0.8,6.8,0,0.3,0.033,0.0002,0.007,0.025,0.065,0.014,0.00012,1.00E-05,7.00E-06,7.00E-06,4.00E-06,,2.00E-05,1.00E-05,4.00E-05,0.0003,8.00E-06,1.00E-06,0.0003
FCT_2014,14_0003,"Coffee, powder",kphi,কফি,Beverages,355,3.1,12.2,0.5,75.4,0,8.8,0.141,0.0044,0.327,0.303,3.54,0.037,0.00035,0.00014,,,,,,1.00E-05,7.00E-05,0.0282,2.90E-05,,
FCT_2014,14_0004,"Soft drinks, carbonated",koml paaniiy',কোমল পানীয়,Beverages,41,89.6,0,0,10.3,0,0.1,0.006,0.0003,,0.011,0.001,0.004,2.00E-05,1.00E-05,,,,,,,,,,,
FCT_2014,14_0005,Soya milk (not sweetened),sy'aa dudh,সয়া দুধ,Beverages,54,87.8,2.8,2.4,4.9,0.5,1.6,0.013,0.00043,0.015,0.048,0.074,0.032,0.0003,9.00E-05,,,,,0.00032,6.00E-05,5.00E-05,0.0008,3.00E-05,9.00E-06,
FCT_2014+BD,14_0006,Sugar cane Juice,aakher rs,আখের রস,Sugars,33,91.7,0.7,0,7.5,0,0.1,0.008,0.0011,0.01,0.006,0.025,0.007,1.00E-05,6.00E-05,,,,,,4.00E-05,,,,,
FCT_2014,14_0007,"Tea infusion (with sugar and milk powder, whole fat)",dudh caa,দুধ চা,Beverages,41,90.4,0.73,0.8,7.6,0.2,0.3,0.028,0.0004,0.005,0.023,0.048,0.014,0.00011,2.00E-05,6.00E-06,6.00E-06,3.00E-06,,,1.00E-05,4.00E-05,0.0003,7.00E-06,1.00E-06,0.0003
FCT_2014,14_0008,"Tea, infusion (with sugar)",rN caa baa laal caa,রং চা বা লাল চা,Beverages,29,92.4,0.21,0,7.1,0.1,0.2,0.005,0.0001,0.004,0.003,0.064,0.003,3.00E-05,1.00E-05,,,,,,,1.00E-05,0.0001,4.00E-06,1.00E-06,
FCT_2014,14_0010,"Water, drinking",khaabaar paani,খাবার পানি,Beverages,0,100,0,0,0,0,Tr,0.003,0.0001,0.002,,,0.003,2.00E-06,1.00E-06,,,,,,,,,,,
FCT_2014,15_0001,Baking powder,bekiN paauddaar,বেকিং পাউডার,Miscellaneous Foods,,6.3,5.2,0,37.8,0,50.7,11.3,,0.009,8.43,0.049,11.8,,,,,,,,,,,,,
FCT_2014,15_0002,"Betel leaves, raw",paan paataa,পান পাতা,Miscellaneous Foods,42,85.4,3.1,0.4,4.1,4.7,2.3,0.23,0.007,0.082,0.06,0.684,0.003,0.001,0.0003,,,,,,7.00E-05,3.00E-05,0.0007,,,0.005
FCT_2014,15_0003,Honey,mdhu,মধু,Miscellaneous Foods,326,18.2,0.3,0,81.1,0.2,0.2,0.005,0.0005,0.002,0.009,0.051,0.009,0.00049,4.00E-05,,,,,,,6.00E-05,0.00016,0.00016,1.00E-06,0.0014
FCT_2014,15_0004,"Jaggery, sugarcane, solid",aakher gurr,আখের গুড়,Miscellaneous Foods,385,3.4,0.5,0.1,95.4,0,0.6,0.092,0.0016,0.12,0.072,0.29,0.079,0.0001,0.00075,,,,,,,4.00E-05,,,,
FCT_2014,15_0005,"Jaggery/Panela, date palm",khejurer gurr,খেজুরের গুড়,Miscellaneous Foods,352,9.6,1.5,0.3,85.7,0.3,2.6,0.363,,,0.062,,,,,,,,,,,,,,,
FCT_2014,15_0006,"Jagggery liquid, date palm",nlen gudd',নলেন গুড়,Miscellaneous Foods,86,78.3,0.3,0.1,20.9,0.1,0.3,0.087,,,0.015,,,,,,,,,,,,,,,
FCT_2014,15_0008,"Sugar, white",saadaa cini,সাদা চিনি,Miscellaneous Foods,398,0.4,0,0,99.5,0,0.1,0.012,0.0002,0.002,0.001,0.005,0.005,0.0001,0.00012,,,,,,,,,,,
BD_original,H001,Almond,kaatthbaadaam,কাঠবাদাম,Nuts and Oil Seeds,609.2,4.37,18.41,58.49,2.24,13.06,2.62,0.228,0.00459,0.318,0.446,0.699,0.0015,0.0035,0.00108,0,0,0,1.61E-06,0.02586,0.00015,0.00026,0.00371,9.00E-05,3.65E-05,0.00074
BD_original,H005,Cashew nut,kaaju baadaam,কাজু বাদাম,Nuts and Oil Seeds,582.7,4.44,18.78,45.2,23.23,3.86,2.25,0.034,0.00595,0.307,0.5,0.635,0.009,0.00534,0.00223,0,0,0,3.85E-06,0.00105,0.00061,3.00E-05,0.00103,0.00016,2.52E-05,0
BD_original,H006,Coconut kernel dry,Narkel,নারকেল,Nuts and Oil Seeds,624,3.97,7.27,63.26,6.93,15.88,1.61,0.032,0.00313,0.09721,0.203,0.739,0.01668,0.00141,0.0009,0,0,0,0,0.00606,4.00E-05,4.00E-05,0.00071,0.00015,2.43E-05,0
BD_original,H007,Coconut kernel fresh,Daber Shaas,ডাবের শাঁস,Nuts and Oil Seeds,408.9,36.14,3.84,41.38,6.2,10.42,1.93,0.008,0.0013,0.035,0.06773,0.246,0.00812,0.00058,0.00036,2.66E-06,0,2.66E-06,0,0.00272,3.00E-05,8.00E-05,0.0003,0.0001,2.54E-05,0.0008
BD_original,H008,Garden cress seeds,Halim,হালিম দানা বা শাহীদানা,Nuts and Oil Seeds,445.3,4.6,23.36,23.74,31.03,8.27,6.37,0.318,0.0172,0.307,0.539,0.952,0.02184,0.00483,0.00051,0,0,0,1.92E-06,7.00E-05,0.00052,0.00015,0.00567,5.00E-05,3.09E-05,0
BD_original,H009,Gingelly seeds black,Til,কালো তিল,Nuts and Oil Seeds,507.6,4.51,19.17,43.1,9.53,17.16,5.78,1.664,0.0139,0.39,0.568,0.48,0.01591,0.00859,0.00176,1.31E-05,0,1.31E-05,6.78E-05,9.00E-05,0.00034,0.0001,0.00312,0.00064,0.000127,0
BD_original,H010,Gingelly seeds brown,Til,বাদামী তিল,Nuts and Oil Seeds,516.5,3.62,21.61,43.22,9.31,17.21,4.58,1.174,0.01495,0.328,0.613,0.491,0.01194,0.00784,0.00168,5.41E-06,0,5.41E-06,7.65E-05,0.00023,0.00027,8.00E-05,0.00305,0.00049,9.26E-05,0
BD_original,H011,Gingelly seeds white,Til,সাদা তিল,Nuts and Oil Seeds,519.6,3.3,21.7,43.05,8.61,16.99,4.13,1.283,0.01504,0.372,0.754,0.46,0.01543,0.00777,0.0015,1.29E-05,0,1.29E-05,6.27E-05,0.00126,0.00036,7.00E-05,0.00394,0.00062,0.000131,0
BD_original,H012,Ground nut,China badam,চীনাবাদাম,Nuts and Oil Seeds,520.1,6.97,23.65,39.63,14.61,10.38,2.11,0.054,0.00344,0.197,0.391,0.679,0.01221,0.00318,0.00092,2.28E-05,0,2.28E-05,7.10E-06,0.00028,0.00057,0.00012,0.01135,0.00023,9.09E-05,0
BD_original,H013,Mustard seeds,Sorse,সরিষার বীজ বা সর্ষে,Nuts and Oil Seeds,509.6,5.67,19.51,40.19,14.12,14.1,3.73,0.402,0.01349,0.266,0.715,0.694,0.00397,0.00403,0.00069,3.67E-05,0,3.67E-05,3.18E-05,0.00045,0.00055,0.00033,0.0038,0.00024,9.49E-05,0
BD_original,H014,Linseeds,Tishi,তিসি,Nuts and Oil Seeds,443.8,5.48,18.55,35.67,8.15,26.17,3.15,0.257,0.00544,0.349,0.445,0.655,0.03293,0.00486,0.00134,1.05E-06,0,1.05E-06,5.50E-07,0.00828,0.00028,5.00E-05,0.00109,0.00035,8.65E-05,0
BD_original,H016,Niger seeds grey,Ram til,রামতিল,Nuts and Oil Seeds,508.6,5.66,18.34,39.53,16.75,10.96,4.92,0.375,0.01961,0.379,0.474,0.874,0.00808,0.00362,0.00137,1.12E-05,0,1.12E-05,2.70E-06,0.00266,0.00038,0.00035,0.00088,0.00034,7.31E-05,0
BD_original,H017,Pine seeds,Pine seeds,পাইন নাট,Nuts and Oil Seeds,594.2,5.32,12.55,48.79,22.6,3.79,2.78,0.017,0.0045,0.268,0.618,0.686,0.00131,0.00418,0.00117,1.98E-06,0,1.98E-06,6.10E-07,1.00E-05,0.00036,8.00E-05,0.00352,0.00011,3.16E-05,0
BD_original,H018,Pistachio nuts,Pesta,পেস্তা বাদাম,Nuts and Oil Seeds,539.4,4.68,23.35,42.49,14.55,10.64,3.02,0.135,0.0045,0.149,0.537,1.053,0.00693,0.00242,0.00089,0.00011,0,0.00011,1.80E-06,0.03392,0.00098,4.00E-05,0.00086,0.00096,6.49E-05,0
BD_original,H019,Safflower seeds,Kusum,কুসুম ফুল,Nuts and Oil Seeds,473.5,5.24,17.66,30.87,28.15,13.49,2.57,0.211,0.00406,0.321,0.644,0.55,0.00305,0.0039,0.00056,2.07E-06,0,2.07E-06,1.91E-06,0.03509,0.00085,0.00015,0.00112,0.00093,8.24E-05,0
BD_original,H020,Sunflower seeds,Suraj mukhi,সূর্যমুখী বীজ,Nuts and Oil Seeds,586.3,3.53,23.53,51.85,6.79,10.8,3.44,0.176,0.00585,0.413,0.752,0.559,0.0019,0.00707,0.00278,8.15E-06,0,8.15E-06,1.54E-06,0.01293,0.00059,0.00013,0.0016,0.00094,8.18E-05,0
BD_original,I001,Jaggery cane,Gurh,গুড়,Sugars,353.7,11.2,1.85,0.16,84.32,0,1.92,0.107,0.00463,0.115,0.07453,0.488,0.02538,0.00045,7.00E-05,0,0,0,4.70E-07,4.00E-05,4.00E-05,1.00E-05,2.00E-05,0.00071,1.44E-05,0
BD_original,J001,Button mushroom fresh,fresh masrom,বোতাম মাশরুম (তাজা),Mushrooms,27.5,90.09,3.68,0.42,0.8,3.11,0.71,0.01838,0.00029,0.0183,0.08711,0.318,0.00772,0.00017,9.00E-05,0,0,0,2.05E-05,1.00E-05,1.00E-05,3.00E-05,0.00068,0.00012,8.28E-06,0
BD_original,J003,Shiitake mushroom fresh,masrom(sitaki),শিটাকে মাশরুম (তাজা),Mushrooms,58.1,82.94,3.19,0.76,4.51,3.02,1.11,0.0053,0.00193,0.02447,0.09636,0.323,0.0093,0.00121,0.00023,0,0,0,3.64E-05,1.00E-05,5.00E-05,0.00016,0.00192,0.00045,1.09E-05,0
BD_original,J004,Oyster mushroom dried,dry Jhinuk masrom,ঝিনুক মাশরুম (তাজা),Mushrooms,243.5,4.51,19.04,2.86,22,39.12,1.41,0.02361,0.00358,0.136,0.702,0.35,0.00867,0.00867,0.0009,0,0,0,0.000109,1.00E-05,0.00024,0.00017,0.00377,0.00085,1.04E-05,0
BD_original,K001,Toddy,Tari,তাড়ি,Miscellaneous Foods,24.1,93.86,0.18,0.03,5.73,0,0.21,0.00044,0.00042,0.00399,0.00582,0.08354,0.00164,1.00E-05,2.00E-05,0,0,0,0,1.00E-05,1.00E-05,0.00027,0.00035,3.00E-05,7.30E-07,0.00092
BD_original,L001,Buffalo Milk,Dudha (Mosher),মহিষের দুধ,Milk and Milk Products,107.3,80.68,3.68,6.58,5.48,0,0.67,0.121,0.00016,0.01005,0.08694,0.109,0.0301,0.0003,3.00E-05,8.42E-06,0,8.42E-06,1.63E-06,0.00019,5.00E-05,0.00013,7.00E-05,4.00E-05,8.57E-06,0.00237
BD_original,L002,Cow Milk,Doodh (garu),গরু দুধ,Milk and Milk Products,72.9,86.64,3.26,4.48,4.94,0,0.68,0.118,0.00015,0.00828,0.09656,0.115,0.02546,0.00033,3.00E-05,1.37E-05,0,1.37E-05,1.22E-06,0.00022,3.00E-05,0.00011,8.00E-05,4.00E-05,7.03E-06,0.00201
BD_original,L003,Paneer,Chena,পনির বা ছানা,Milk and Milk Products,257.9,51.96,18.86,14.78,12.01,0,1.98,0.476,0.0009,0.02662,0.33,0.06353,0.01804,0.00274,0.0001,4.39E-06,0,4.39E-06,1.30E-07,2.00E-05,2.00E-05,0.0001,0.00013,4.00E-05,9.33E-05,0
BD_original,L004,Khoa,Khoa,ঘন দুধ,Milk and Milk Products,316,42.51,16.34,20.62,16.33,0,4,0.602,0.00232,0.05853,0.476,0.536,0.0481,0.00234,7.00E-05,3.52E-06,0,3.52E-06,1.20E-07,3.00E-05,0.00011,0.00011,0.00043,6.00E-05,9.43E-05,0
BD_original,M001,Egg poultry whole,Dim,পোলট্রি মুরগির ডিমের তরকারি,Egg and Egg Products,134.8,76.51,13.28,9.15,0,0,0.81,0.04944,0.00182,0.01201,0.185,0.138,0.123,0.00123,7.00E-05,0.00021257,0.000198,1.46E-05,8.40E-07,0.00151,6.00E-05,0.00019,0.00011,0.00016,4.93E-05,0
BD_original,M002,Egg poultry white,Dimer Shada Ongsho,সিদ্ধ পোলট্রি মুরগির ডিমের শ্বেতাংশ,Egg and Egg Products,44.7,86.68,10.84,0.06,0,0,0.75,0.00564,7.00E-05,0.01142,0.01581,0.152,0.166,3.00E-05,3.00E-05,0,0,0,1.05E-06,0,2.00E-05,0.00016,1.00E-05,0.00436,4.96E-06,0
BD_original,M003,Egg poultry yolk,Dimer Kushum,কাঁচা পোলট্রি মুরগির ডিমের কুসুম,Egg and Egg Products,296.8,53.57,15.74,26.34,0,0,1.05,0.116,0.00317,0.01317,0.549,0.118,0.04633,0.00164,0.0001,0.00062996,0.000539,9.10E-05,3.29E-06,0.00297,0.00011,0.00016,0.00069,0.00029,0.000112,0
BD_original,M004,Egg poultry,Sheddho Dim,সিদ্ধ পোলট্রি মুরগির ডিম,Egg and Egg Products,147.7,73.46,13.43,10.54,0,0,0.86,0.05512,0.00187,0.01376,0.209,0.127,0.121,0.00131,7.00E-05,0.00019426,0.00018,1.43E-05,7.40E-07,0.00134,6.00E-05,0.00018,0.00021,0.00014,4.83E-05,0
BD_original,M005,Egg poultry white,Sheddho Dimer Shada,পোলট্রি মুরগির ডিমের শ্বেতাংশ,Egg and Egg Products,52.6,83.54,12.37,0.26,0,0,0.81,0.00807,0.00015,0.01162,0.023,0.147,0.144,9.00E-05,5.00E-05,0,0,0,1.80E-07,0,2.00E-05,0.00018,1.00E-05,0.00437,4.10E-06,0
BD_original,M006,Egg poultry yolk,Sheddho Dimer Kushum,সিদ্ধ পোলট্রি মুরগির ডিমের কুসুম,Egg and Egg Products,308.3,51.42,16.13,27.46,0,0,1.38,0.12,0.00492,0.01552,0.586,0.106,0.04483,0.00359,0.00013,0.00052628,0.000456,7.03E-05,3.04E-06,0.0028,0.00017,0.00015,0.00045,0.00027,0.00011,0
BD_original,M007,Egg poultry omlet,"Egg, poultry, omlet",পোলট্রি মুরগির ডিমের অমলেট,Egg and Egg Products,169.7,68.48,16.53,11.6,0,0,0.96,0.05326,0.00216,0.01484,0.222,0.163,0.169,0.00131,0.00015,0.00019311,0.000181,1.21E-05,2.98E-06,0.00188,0.00011,0.0002,0.00033,0.00014,3.77E-05,0
BD_original,M008,Egg country hen,Deshi Murgir Dim,দেশি মুরগির ডিমের তরকারি,Egg and Egg Products,168.3,72.96,13.14,13,0,0,0.86,0.05014,0.00164,0.011,0.198,0.117,0.157,0.00112,6.00E-05,0.00022611,0.000206,2.01E-05,4.46E-06,0.0021,0.00014,8.00E-05,0.00014,0.00018,5.46E-05,0
BD_original,M009,Egg country hen,Sheddho Deshi Murgir Dim,সিদ্ধ দেশি মুরগির ডিম,Egg and Egg Products,183.3,70.43,14.43,14.1,0,0,0.94,0.05779,0.00173,0.011,0.206,0.12,0.149,0.00125,9.00E-05,0.00021351,0.000195,1.85E-05,2.99E-06,0.00205,0.00011,8.00E-05,0.00012,0.00018,6.00E-05,0
BD_original,M010,Egg country hen omlet,"Egg, country hen, omlet",দেশি মুরগির ডিমের অমলেট,Egg and Egg Products,204.3,67.8,14.8,16.3,0,0,1.08,0.05588,0.00215,0.013,0.243,0.151,0.157,0.00126,0.00017,0.0002177,0.000202,1.57E-05,3.44E-06,0.00279,0.00014,7.00E-05,0.00014,0.00018,5.88E-05,0
BD_original,M011,Egg duck,Sheddho Haasher Dim,সিদ্ধ হাঁসের ডিম,Egg and Egg Products,176.4,71.61,13.8,13.61,0,0,0.97,0.05612,0.00261,0.012,0.263,0.221,0.11,0.00158,0.00012,0.00021484,0.000171,4.38E-05,1.90E-06,0.00206,0.00021,7.00E-05,0.00018,0.00015,7.33E-05,0
BD_original,M012,Egg duck,Haasher Dim,হাঁসের ডিম (কাঁচা),Egg and Egg Products,181.6,70.53,14.6,13.83,0,0,0.99,0.05246,0.00246,0.012,0.247,0.228,0.113,0.00149,0.00011,0.00022774,0.000181,4.67E-05,2.67E-06,0.00247,0.00018,7.00E-05,0.00013,0.00015,7.55E-05,0
BD_original,M013,Egg duck omlet,"Egg, duck, whole, omlet",হাঁসের ডিমের অমলেট,Egg and Egg Products,192.2,68.9,15.1,14.8,0,0,1.18,0.07179,0.00328,0.015,0.309,0.154,0.175,0.00189,0.00017,0.00020506,0.000166,3.91E-05,2.10E-06,0.00266,0.00031,9.00E-05,0.00014,0.00015,6.80E-05,0
BD_original,M014,Egg quial,Bater Dim,কোয়েল পাখির ডিম (কাঁচা ),Egg and Egg Products,151.8,75.11,12.39,11.46,0,0,0.94,0.06067,0.00255,0.011,0.236,0.119,0.132,0.00151,9.00E-05,0.00016753,0.000151,1.65E-05,5.72E-06,0.00099,0.00015,0.00011,0.00012,0.00017,5.49E-05,0
BD_original,M015,Egg Quial,Sheddho Bater Dim,কোয়েল পাখির ডিম (সিদ্ধ),Egg and Egg Products,154.6,74.41,13.03,11.5,0,0,0.99,0.06135,0.00263,0.012,0.237,0.115,0.13,0.00155,0.00013,0.00015241,0.00014,1.24E-05,4.91E-06,0.00084,0.00011,8.00E-05,0.00015,0.00015,5.17E-05,0
BD_original,N001,"Chicken, poultry, leg, skinless",Murgir Thyang/Ran,মুরগির পা,Poultry,383.6,67.61,19.44,12.64,0,0,1.14,0.02052,0.00127,0.02382,0.199,0.283,0.06507,0.00177,0.00025,1.10E-05,1.10E-05,0,1.14E-06,0.00061,0.00017,0.00013,0.0056,0.00033,7.47E-06,0
BD_original,N002,"Chicken, poultry thigh",Murgir Ran,মুরগির রান,Poultry,199.8,67.58,18.18,14.23,0,0,1.14,0.01837,0.00111,0.02255,0.186,0.263,0.06459,0.00142,0.00023,1.65E-05,1.65E-05,0,1.24E-06,0.00066,0.00013,0.0001,0.00562,0.00038,9.00E-06,0
BD_original,N003,"Chicken, poultry breast",Murgir Book,মুরগির মাংস,Poultry,168.3,67.15,21.81,9,0,0,1.19,0.01291,0.00083,0.0202,0.178,0.295,0.0367,0.00078,0.00027,6.96E-06,6.96E-06,0,1.38E-06,0.00029,0.0001,6.00E-05,0.00806,0.00053,1.04E-05,0
BD_original,N004,Chicken poultry wing,Murgir Dana/Pakha,মুরগির ডানা বা পাখা,Poultry,192.9,67.48,17.42,13.81,0,0,1.13,0.02813,0.00138,0.02281,0.189,0.185,0.07278,0.00148,0.00043,3.12E-05,3.12E-05,0,1.11E-06,0.00058,8.00E-05,7.00E-05,0.00666,0.00039,7.87E-06,0
BD_original,N005,Poultry chicken liver,Murgir Mete/Kolija,মুরগির কলিজা,Poultry,123.8,73.2,21.57,4.08,0,0,1.11,0.0041,0.00992,0.016,0.244,0.241,0.06158,0.00265,0.00029,0.003486,0.003486,0,2.64E-06,0.00073,0.00028,0.0002,0.00444,0.00092,0.001032,0
BD_original,N006,Poultry chicken gizzard,Murgir Gila,মুরগির গিলা,Poultry,92.3,78.05,18.22,2.07,0,0,1.46,0.00546,0.00319,0.014,0.119,0.244,0.0506,0.00265,0.0002,4.68E-05,4.68E-05,0,1.60E-06,0.00063,1.00E-05,0.00011,0.00287,0.00014,8.72E-06,0
BD_original,N007,Country hen leg,Deshi Murgir Thyang/Ran,দেশি মুরগির পা,Poultry,172.8,70.02,17.01,11.73,0,0,1.2,0.02256,0.00166,0.025,0.25,0.357,0.05046,0.00271,0.00022,1.74E-05,1.74E-05,0,1.12E-06,0.0007,0.00017,0.0001,0.00244,0.00036,8.10E-06,0
BD_original,N008,Country hen thigh,Deshi Murgir Ran,দেশি মুরগির রান,Poultry,187.6,67.46,18.29,12.82,0,0,1.23,0.02012,0.0014,0.024,0.232,0.33,0.05114,0.00216,0.0004,2.70E-05,2.70E-05,0,1.05E-06,0.00055,0.00011,0.00013,0.00362,0.00042,1.04E-05,0
BD_original,N009,Country hen breast,Deshi Murgir Book,দেশি মুরগির বুক,Poultry,180,66.53,22.08,10.2,0,0,1.14,0.01249,0.00109,0.022,0.222,0.365,0.02313,0.00078,0.00013,8.52E-06,8.52E-06,0,8.00E-07,0.00036,0.00011,4.00E-05,0.00562,0.00059,1.30E-05,0
BD_original,N010,Country hen wing,Deshi Murgir Dana/Pakha,দেশি মুরগির ডানা বা পাখা,Poultry,182.6,68.01,18.65,12.09,0,0,1.14,0.03546,0.00145,0.025,0.235,0.249,0.05415,0.00164,0.00015,2.75E-05,2.75E-05,0,6.10E-07,0.00058,7.00E-05,3.00E-05,0.00319,0.00043,9.19E-06,0
BD_original,N011,Duck meat,Haasher Mangsho,হাঁসের মাংস,Poultry,130.7,73.49,19.07,6.03,0,0,1.22,0.02277,0.00426,0.026,0.237,0.273,0.08225,0.00292,0.001,4.89E-05,4.89E-05,0,9.10E-07,0.0007,0.00022,0.00013,0.00224,0.00031,2.80E-05,0
BD_original,N012,Emu meat,Emu meat,এমু পাখির মাংস,Poultry,132.9,71.65,22.65,4.62,0,0,0.98,0.0074,0.00395,0.025,0.243,0.275,0.04848,0.00291,0.00065,2.84E-06,2.84E-06,0,6.70E-07,0.00042,0.0001,0.00017,0.00326,0.00035,7.07E-06,0
BD_original,N013,Guinea fowl meat,Guinea fowl meat,তিতির মুরগির মাংস,Poultry,112.1,75.21,20.52,3.24,0,0,0.92,0.03077,0.0022,0.021,0.187,0.24,0.05764,0.00148,0.00017,2.26E-06,2.26E-06,0,1.02E-06,0.00188,2.00E-05,0.00018,0.00364,0.00058,5.69E-06,0
BD_original,N014,Pigeon meat,Payra Mangsho,কবুতরের মাংস,Poultry,126.2,74.61,17.94,6.03,0,0,1.32,0.01811,0.00381,0.029,0.255,0.346,0.0561,0.00248,0.0001,1.53E-05,1.53E-05,0,1.20E-06,0.00154,0.00018,0.00039,0.00345,0.00048,8.41E-06,0
BD_original,N015,Quail meat,Bater Mangsho,কোয়েল পাখির মাংস,Poultry,137.7,71.58,20.92,5.95,0,0,1.35,0.0206,0.0019,0.031,0.3,0.333,0.05621,0.00113,0.0002,1.28E-05,1.28E-05,0,1.53E-06,0.00167,5.00E-05,0.00024,0.00469,0.00056,9.33E-06,0
BD_original,N016,Turkey leg,Turkey leg,টার্কির পা,Poultry,154.6,69.24,20.3,8.15,0,0,1.21,0.02044,0.00201,0.026,0.236,0.308,0.06647,0.00335,0.00053,8.15E-06,8.15E-06,0,5.00E-07,0.00072,5.00E-05,0.00011,0.00492,0.00048,8.55E-06,0
BD_original,N017,Turkey thigh,Turkey thigh,টার্কির রান,Poultry,138.9,72.17,20.46,6.31,0,0,0.97,0.02352,0.00158,0.023,0.194,0.28,0.05001,0.00295,0.00047,1.31E-05,1.31E-05,0,3.60E-07,0.00063,4.00E-05,0.00012,0.00194,0.00051,1.09E-05,0
BD_original,N018,Turkey breast,Turkey breast,টার্কির বুক,Poultry,160.4,68.44,21.96,8.04,0,0,1.01,0.01435,0.00101,0.022,0.182,0.315,0.04045,0.00128,0.0001,8.97E-06,8.97E-06,0,5.20E-07,0.00057,6.00E-05,0.0001,0.00449,0.00056,1.47E-05,0
BD_original,N019,Turkey wing,Turkey wing,টার্কির ডানা,Poultry,184.3,66.16,21.91,10.77,0,0,0.97,0.03349,0.001,0.024,0.199,0.262,0.057,0.00168,0.0002,1.81E-05,1.81E-05,0,5.20E-07,0.00044,3.00E-05,9.00E-05,0.00438,0.00045,1.04E-05,0
BD_original,O001,"Goat, shoulder, meat",Pathar Kandh,খাসির কাঁধ,Animal Meat,188.1,66.39,20.33,11.94,0,0,0.9,0.00618,0.00148,0.02139,0.189,0.332,0.04731,0.00419,0.00011,7.57E-06,7.57E-06,0,8.00E-07,0.00035,7.00E-05,0.00017,0.00514,0.00026,0,0
BD_original,O002,"Goat, chops",Pathar Chaap,খাসির চাপ,Animal Meat,135.8,72.46,20.39,5.98,0,0,0.99,0.00744,0.00187,0.02113,0.195,0.334,0.04572,0.00455,7.00E-05,2.55E-06,2.55E-06,0,4.00E-07,0.00015,5.00E-05,0.00013,0.00551,0.0003,0,0
BD_original,O003,"Goat, legs",Pathar Thyang,খাসির পা,Animal Meat,159.9,68.85,22.07,7.94,0,0,0.97,0.00576,0.00177,0.02171,0.187,0.339,0.04277,0.00352,8.00E-05,8.51E-06,8.51E-06,0,3.20E-07,9.00E-05,7.00E-05,0.00015,0.00515,0.00031,0,0
BD_original,O004,"Goat, brain",Pathar Magaj,খাসির মগজ,Animal Meat,127.4,76.74,13.82,8.06,0,0,1.29,0.01061,0.00163,0.01394,0.296,0.296,0.132,0.00108,0.0003,1.98E-06,1.98E-06,0,3.00E-07,7.00E-05,0.00013,0.00017,0.00204,0.00028,0,0
BD_original,O008,"Goat, liver",Pathar Mete/Kolija,খাসির কলিজা,Animal Meat,125.7,73.37,20.32,4.88,0,0,1.3,0.00609,0.00656,0.018,0.336,0.284,0.05541,0.00348,0.0037,0.015655,0.015655,0,7.40E-07,0.00061,0.0002,0.00037,0.01288,0.00065,0,0
BD_original,O009,"Goat, tripe",Pathar Bhuri/Butt,খাসির ভুরি,Animal Meat,92.3,80.94,15.36,3.36,0,0,0.23,0.02087,0.00081,0.013,0.0592,0.045,0.02238,0.00166,7.00E-05,2.17E-06,2.17E-06,0,0,0.0001,2.00E-05,0.0001,0.00081,0.0002,0,0
BD_original,O014,"Sheep, shoulder",Bherar Kandh,ভেড়ার কাঁধ,Animal Meat,200.8,66.51,18.24,14.31,0,0,0.86,0.00546,0.00163,0.02131,0.195,0.336,0.04565,0.00369,7.00E-05,8.71E-06,8.71E-06,0,7.00E-08,0.00031,5.00E-05,0.00018,0.00453,0.00015,0,0
BD_original,O015,"Sheep, chops",Bherar Chaap,ভেড়ার চাপ,Animal Meat,118.5,75.66,18,5.15,0,0,1.09,0.00798,0.00224,0.02142,0.191,0.323,0.04526,0.00346,8.00E-05,3.49E-06,3.49E-06,0,4.70E-07,0.0001,7.00E-05,0.00016,0.00494,0.00018,0,0
BD_original,O016,"Sheep, leg",Bherar Thyang,ভেড়ার পা,Animal Meat,164,68.26,21.42,8.69,0,0,0.94,0.00687,0.00154,0.02222,0.187,0.333,0.0493,0.00267,9.00E-05,9.93E-06,9.93E-06,0,2.79E-06,8.00E-05,8.00E-05,0.00016,0.00525,0.00024,0,0
BD_original,O017,"Sheep, brain",Bherar Magaj,ভেড়ার মগজ,Animal Meat,117.6,78.36,13.05,7.29,0,0,1.19,0.01027,0.00193,0.01408,0.271,0.312,0.122,0.00111,0.00028,1.55E-06,1.55E-06,0,1.06E-06,9.00E-05,0.00012,0.00021,0.00266,0.00033,0,0
BD_original,O021,"Sheep, liver",Bherar Mete/Kolija,ভেড়ার কলিজা,Animal Meat,133.6,69.71,22.26,4.87,0,0,1.26,0.00592,0.00615,0.01791,0.334,0.28,0.05582,0.00373,0.0057,0.014106,0.014106,0,6.70E-07,0.0006,0.00017,0.00035,0.01566,0.00026,0,0
BD_original,O022,"Sheep, tripe",Bherar Bhuri/Butt,ভেড়ার ভুঁড়ি,Animal Meat,104,78.81,16.76,4.05,0,0,0.26,0.01485,0.0009,0.01781,0.05561,0.04875,0.01837,0.00189,6.00E-05,2.72E-06,2.72E-06,0,0,0.0002,2.00E-05,8.00E-05,0.00063,0.00022,0,0
BD_original,O025,"Beef, shoulder",Goru Kandh,গরুর কাঁধ,Animal Meat,212.5,63.84,20.56,14.59,0,0,0.95,0.0065,0.00222,0.02224,0.201,0.367,0.04559,0.00464,7.00E-05,1.55E-05,1.55E-05,0,6.00E-07,0.0004,3.00E-05,0.00012,0.00518,0.00048,0,0
BD_original,O026,"Beef, chops",Gorur Chaap,গরুর চাপ,Animal Meat,139.8,72.4,19.82,6.71,0,0,0.96,0.00464,0.00195,0.02472,0.209,0.383,0.03247,0.00377,4.00E-05,2.43E-06,2.43E-06,0,5.20E-07,0.0003,2.00E-05,6.00E-05,0.00436,0.00034,0,0
BD_original,O027,"Beef, round (leg)",Gorur Ran,গরুর রন,Animal Meat,157.3,68.04,22.64,7.38,0,0,1.19,0.00586,0.0023,0.02659,0.215,0.366,0.03896,0.00336,6.00E-05,2.52E-06,2.52E-06,0,5.40E-07,0.0004,4.00E-05,6.00E-05,0.0063,0.00044,0,0
BD_original,O028,"Beef, brain",Gorur Magaj,গরুর মগজ,Animal Meat,125,78.71,10.55,9.28,0,0,1.37,0.01138,0.00215,0.01584,0.326,0.32,0.127,0.00118,0.00029,2.18E-06,2.18E-06,0,7.40E-07,0.0001,0.00012,0.00013,0.00191,0.00025,0,0
BD_original,O032,"Beef, liver",Gorur Mete/Kolija,গরুর কলিজা,Animal Meat,119.3,74.15,20.73,3.96,0,0,1.07,0.00546,0.01482,0.01857,0.332,0.289,0.05014,0.00436,0.00123,0.009119,0.009119,0,4.00E-06,0.0006,0.00017,0.00034,0.01401,0.0003,0,0
BD_original,O033,"Beef, tripe",Gorur Bhuri/Butt,গরুর ভুরি,Animal Meat,75.5,83.74,13.1,2.51,0,0,0.55,0.0153,0.00084,0.00933,0.06017,0.143,0.041,0.00202,4.00E-05,4.29E-06,4.29E-06,0,4.06E-06,0.00041,3.00E-05,8.00E-05,0.00131,0.00023,0,0
BD_original,P002,Aluva,Black Pomfret,কালো রূপচাঁদা,Marine Fish,103.7,75.71,21.63,1.8,0,0,1.39,0.01132,0.00042,0.03438,0.245,0.47,0.04486,0.00038,4.00E-05,1.43E-05,1.43E-05,0,1.13E-06,0.001,5.00E-05,2.00E-05,0.00235,0.158,0,0
BD_original,P003,Anchovy,Anchovy,কাচকি মাছ,Marine Fish,87.7,77.77,19.88,0.78,0,0,1.62,0.0366,0.00054,0.053,0.246,0.27,0.212,0.00065,4.00E-05,1.22E-05,1.22E-05,0,2.87E-06,0.00073,3.00E-05,4.00E-05,0.00091,0.06125,0,0
BD_original,P005,Betki,Bhekti,ভেটকি বা কোরাল মাছ,Marine Fish,67.9,82.52,15.28,0.29,0,0,1.12,0.00884,0.00031,0.02416,0.188,0.355,0.06368,0.00036,0.00079,5.58E-06,5.58E-06,0,1.11E-06,0.00038,1.00E-05,4.00E-05,0.00154,0.085,0,0
BD_original,P006,Black snapper,Black snapper,কালো কোরাল,Marine Fish,90.1,78.09,19.5,1.24,0,0,1.19,0.00991,0.00056,0.02672,0.195,0.341,0.04123,0.0004,2.00E-05,1.46E-05,1.46E-05,0,1.49E-06,0.00051,2.00E-05,0,0.00289,0.106,0,0
BD_original,P007,Bombay duck,Lizard fish,লইট্টা মাছ,Marine Fish,68.6,83.24,13.53,1.03,0,0,1.07,0.159,0.00081,0.02427,0.185,0.188,0.223,0.00042,3.00E-05,3.38E-06,3.38E-06,0,1.25E-06,0.00075,3.00E-05,2.00E-05,0.00064,0.098,0,0
BD_original,P009,Cat fish,Cat fish,মাগুর মাছ,Marine Fish,109,76.22,22.18,2.13,0,0,1.32,0.00554,0.00072,0.02569,0.252,0.429,0.03582,0.00058,3.00E-05,1.41E-05,1.41E-05,0,1.89E-06,0.00038,5.00E-05,5.00E-05,0.00138,0.223,0,0
BD_original,P010,Chakla,Black Kingfish,সাগর গজার,Marine Fish,97,78.36,20.21,1.68,0,0,1.07,0.00655,0.00041,0.02471,0.219,0.343,0.05141,0.00057,0.00038,1.39E-06,1.39E-06,0,2.15E-06,0.00072,6.00E-05,4.00E-05,0.00237,0.09911,0,0
BD_original,P011,Chappal,Unicorn filefish,পটকা মাছ,Marine Fish,75.8,80.61,17.17,0.67,0,0,1.23,0.01022,0.00129,0.02585,0.203,0.306,0.03812,0.00067,0.00043,1.37E-06,1.37E-06,0,2.50E-07,0.00109,6.00E-05,2.00E-05,0.00395,0.185,0,0
BD_original,P012,Chelu,Rainbow runner,তোতা মাছ,Marine Fish,87.5,76.36,20.02,0.7,0,0,1.28,0.00817,0.00067,0.03168,0.252,0.406,0.0376,0.00041,0.00013,1.49E-06,1.49E-06,0,1.03E-06,0.00041,6.00E-05,2.00E-05,0.00219,0.161,0,0
BD_original,P013,Chembali,Chembali,লাল কোরাল,Marine Fish,97,77.54,20.06,1.77,0,0,0.86,0.02372,0.00031,0.03055,0.211,0.323,0.03898,0.00032,3.00E-05,1.59E-06,1.59E-06,0,8.80E-07,0.0012,3.00E-05,6.00E-05,0.0018,0.146,0,0
BD_original,P017,Hilsa,"Ilishmach, Ilish, Hilsa, Ilisha, Hilsha",ইলিশ মাছ,Marine Fish,258.8,60.09,21.8,18.49,0,0,1.11,0.01982,0.00119,0.03062,0.278,0.341,0.08088,0.00064,0.00015,7.42E-06,7.42E-06,0,5.98E-06,0.00135,1.00E-05,4.00E-05,0.00285,0.12,0,0
BD_original,P018,Jallal,Tengra,ট্যাংরা মাছ,Marine Fish,100.4,77.5,21.55,1.46,0,0,1.17,0.01473,0.00046,0.02912,0.204,0.368,0.07433,0.00083,3.00E-05,8.49E-06,8.49E-06,0,9.70E-07,0.00062,2.00E-05,2.00E-05,0.00324,0.08914,0,0
BD_original,P019,Jathi vela meen,Pink ear emperor (,কারুয়া কোরাল,Marine Fish,108.3,75.66,22.45,1.92,0,0,1.26,0.00665,0.00028,0.03112,0.249,0.467,0.03053,0.00035,2.00E-05,3.16E-06,3.16E-06,0,1.03E-06,0.00149,0.00012,2.00E-05,0.00282,0.06745,0,0
BD_original,P020,Kadal bral,Kadal bral,কোবিয়া বা সাগর শোল,Marine Fish,88,79.66,18.72,1.34,0,0,1.27,0.07392,0.00031,0.02955,0.219,0.366,0.05366,0.00038,2.00E-05,1.06E-05,1.06E-05,0,1.62E-06,0.00012,1.00E-05,6.00E-05,0.00176,0.08919,0,0
BD_original,P021,Kadali,Kadali,কদলি,Marine Fish,126.7,73.74,22.07,4.2,0,0,1.06,0.00862,0.00038,0.02623,0.207,0.39,0.03606,0.00035,2.00E-05,2.56E-05,2.56E-05,0,1.04E-06,0.00058,4.00E-05,1.00E-05,0.00186,0.184,0,0
BD_original,P022,Kalamaara,Kalamaara,তপসে মাছ,Marine Fish,125,75.5,20.89,4.54,0,0,1.08,0.00754,0.0005,0.03429,0.227,0.42,0.02933,0.00038,3.00E-05,9.04E-06,9.04E-06,0,1.50E-06,0.00082,6.00E-05,3.00E-05,0.00222,0.16,0,0
BD_original,P028,Thunnus albacares,tuna fish,টুনা মাছ,Marine Fish,108.5,72.69,20.15,3,0,0,1.28,0.006,0.00098,0.03174,0.266,0.321,0.02512,0.00039,8.00E-05,1.02E-05,1.02E-05,0,3.25E-06,0.00075,8.00E-05,7.00E-05,0.00518,0.264,0,0
BD_original,P032,Kulam paarai,koral mach,কোরাল মাছ,Marine Fish,119.7,73.44,21.62,3.6,0,0,1.25,0.01517,0.0005,0.03079,0.244,0.366,0.04917,0.00052,5.00E-05,3.64E-06,3.64E-06,0,2.76E-06,0.00105,6.00E-05,1.00E-05,0.00197,0.218,0,0
BD_original,P033,Maagaa,Tape Machh,টেপা মাছ,Marine Fish,87.5,79.23,20.11,0.67,0,0,1.01,0.00842,0.00023,0.03032,0.181,0.375,0.05228,0.00035,2.00E-05,1.76E-06,1.76E-06,0,1.27E-06,0.00103,2.00E-05,1.00E-05,0.00073,0.106,0,0
BD_original,P034,Mackerel,Mackerel,আইলা বা সুরমা মাছ,Marine Fish,101.1,74.55,21.51,1.53,0,0,1.2,0.03127,0.00146,0.03746,0.231,0.309,0.08301,0.00067,0.00012,1.63E-05,1.63E-05,0,4.50E-07,0.00071,7.00E-05,0.0001,0.00267,0.1,0,0
BD_original,P038,Moon fish,Moon fish,চান্দা মাছ,Marine Fish,125.7,74.21,20.74,4.69,0,0,1.69,0.02918,0.00167,0.03714,0.169,0.157,0.06517,0.00093,0.00016,8.94E-06,8.94E-06,0,5.70E-07,0.0012,7.00E-05,7.00E-05,0.00183,0.136,0,0
BD_original,P040,Hound Needlefish,Hound Needlefish,বড় টুইট্টা মাছ,Marine Fish,82.5,78.96,19.04,0.58,0,0,1.11,0.00861,0.00024,0.0271,0.224,0.33,0.11,0.00071,2.00E-05,1.61E-06,1.61E-06,0,8.70E-07,0.00044,6.00E-05,3.00E-05,0.00265,0.06724,0,0
BD_original,P041,Indo-Pacific sailfish,Indo-Pacific sailfish,পাখি মাছ,Marine Fish,98,75.57,22.89,0.56,0,0,1.21,0.0072,0.0012,0.03008,0.268,0.365,0.06196,0.00058,0.00012,2.15E-05,2.15E-05,0,4.00E-07,0.00053,4.00E-05,4.00E-05,0.00441,0.119,0,0
BD_original,P044,Blacktip Kingfish,Blacktip Kingfish,মৌরি বা পারা মাছ,Marine Fish,104,75.77,21.58,1.84,0,0,1.21,0.01352,0.00069,0.02759,0.284,0.384,0.04522,0.00045,3.00E-05,3.23E-06,3.23E-06,0,1.78E-06,0.0003,3.00E-05,2.00E-05,0.00286,0.173,0,0
BD_original,P046,Panna croaker,Panna croaker,পোয়া মাছ,Marine Fish,94.2,78.63,19.25,1.81,0,0,1,0.01703,0.00042,0.028,0.195,0.364,0.05485,0.00038,1.00E-05,1.89E-06,1.89E-06,0,1.30E-07,0.00044,3.00E-05,5.00E-05,0.00078,0.126,0,0
BD_original,P047,Ribbon fish,Ribbon fish,ছুরি বা তরোয়াল মাছ,Marine Fish,128.3,74.67,21.95,4.44,0,0,1.41,0.01653,0.00038,0.02987,0.17,0.263,0.08265,0.00041,2.00E-05,2.88E-06,2.88E-06,0,1.35E-06,0.00055,4.00E-05,3.00E-05,0.00196,0.07649,0,0
BD_original,P048,Pandugappa,Pandugappa,ভেটকি বা কোরাল মাছ,Marine Fish,86,77.46,19.73,0.65,0,0,1.15,0.01218,0.00047,0.02915,0.203,0.427,0.04915,0.00033,3.00E-05,1.33E-06,1.33E-06,0,3.00E-07,0.00047,4.00E-05,2.00E-05,0.00054,0.262,0,0
BD_original,P049,False Trevally,False Trevally,নারকেলি মাছ,Marine Fish,111.6,77.19,21.5,2.74,0,0,1.08,0.02912,0.00358,0.03252,0.194,0.363,0.08408,0.00056,2.00E-05,2.56E-06,2.56E-06,0,1.13E-06,0.00055,3.00E-05,3.00E-05,0.00098,0.153,0,0
BD_original,P051,Parrot fish,Parrot fish,তোতা মাছ,Marine Fish,89.6,76.84,20.82,0.57,0,0,1.4,0.00921,0.00038,0.02888,0.316,0.432,0.05179,0.00031,6.00E-05,2.47E-06,2.47E-06,0,6.80E-07,0.00026,6.00E-05,2.00E-05,0.00189,0.132,0,0
BD_original,P052,Perinkilichai,Perinkilichai,লাল মাছ,Marine Fish,92.5,78.33,20.89,0.87,0,0,1.02,0.00725,0.00029,0.02901,0.236,0.365,0.03416,0.00036,2.00E-05,1.62E-06,1.62E-06,0,4.40E-07,0.0011,8.00E-05,1.00E-05,0.00148,0.119,0,0
BD_original,P057,Pomfret,"Chandi, Pomfret",রূপচাঁদা,Marine Fish,122.6,75.91,19.02,5.12,0,0,1.01,0.01364,0.00031,0.0322,0.211,0.255,0.04609,0.00053,5.00E-05,3.03E-05,3.03E-05,0,7.10E-07,0.00126,5.00E-05,3.00E-05,0.00138,0.13,0,0
BD_original,P059,Pulli paarai,Pulli paarai,পুলি পাড়াই,Marine Fish,95.4,75.99,20.06,1.55,0,0,1.19,0.02184,0.00035,0.03112,0.232,0.335,0.05856,0.00052,4.00E-05,1.75E-06,1.75E-06,0,1.61E-06,0.00082,5.00E-05,4.00E-05,0.00194,0.101,0,0
BD_original,P063,Rani,Rani,রানি মাছ,Marine Fish,90.1,78.55,18.83,1.49,0,0,1.01,0.0379,0.00087,0.02991,0.208,0.335,0.06317,0.0004,8.00E-05,1.78E-06,1.78E-06,0,1.90E-06,0.00165,1.00E-05,0,0.00133,0.0757,0,0
BD_original,P068,Salmon,Salmon,স্যালমন মাছ,Marine Fish,172.3,67.84,20.97,9.86,0,0,1.13,0.0243,0.00098,0.03118,0.211,0.345,0.02025,0.00051,8.00E-05,1.56E-05,1.56E-05,0,9.40E-07,0.00058,7.00E-05,6.00E-05,0.00445,0.15,0,0
BD_original,P078,Silver carp,Silver carp,সিলভার কার্প,Marine Fish,132.6,72.47,21.71,5.17,0,0,0.95,0.08555,0.00058,0.02497,0.187,0.249,0.0196,0.00057,2.00E-05,6.74E-06,6.74E-06,0,8.60E-07,0.0006,2.00E-05,2.00E-05,0.00187,0.136,0,0
BD_original,P079,Sole fish,Sole fish,বাঁশপাতা মাছ,Marine Fish,87.7,80.18,19.05,1.18,0,0,1.06,0.04728,0.00033,0.02796,0.123,0.199,0.07457,0.00017,2.00E-05,9.53E-06,9.53E-06,0,1.13E-06,0.00018,1.00E-05,2.00E-05,0.00047,0.06889,0,0
BD_original,P083,Telapia,Telapia,তেলাপিয়া মাছ,Marine Fish,83.4,79.57,18.48,1.08,0,0,1.18,0.09939,0.00284,0.02456,0.184,0.255,0.05255,0.00088,4.00E-05,1.71E-05,1.71E-05,0,9.30E-07,0.00186,2.00E-05,0.00018,0.0014,0.176,0,0
BD_original,P084,Tuna,Tuna,টুনা মাছ,Marine Fish,112.3,72.12,24.5,1.44,0,0,1.11,0.00982,0.0016,0.03585,0.292,0.357,0.05289,0.00069,0.00027,1.67E-05,1.67E-05,0,7.40E-07,0.00057,6.00E-05,7.00E-05,0.00473,0.06824,0,0
BD_original,P090,Whale shark,Whale shark,তিমি হাঙ্গর,Marine Fish,95.8,77.59,21.83,0.82,0,0,1.48,0.00832,0.00033,0.02061,0.274,0.365,0.116,0.00038,0.0001,1.97E-06,1.97E-06,0,2.17E-06,0.00017,6.00E-05,4.00E-05,0.0029,0.125,0,0
BD_original,P092,Catfish Eggs,Pabda dim,মাগুর মাছের ডিম,Marine Fish,143.4,69.34,24.68,5.28,0,0,1.57,0.06169,0.00665,0.05993,0.445,0.252,0.05483,0.00311,8.00E-05,2.55E-06,2.55E-06,0,3.27E-06,0.00028,0,0.00019,0.00109,0.148,0,0
BD_original,Q001,Crab,Kankra,কাঁকড়া,Marine Shellfish,82,79.77,10.23,1.41,0,0,1.74,0.128,0.0011,0.03804,0.1,0.171,0.244,0.00076,0.00042,1.55E-06,1.55E-06,0,8.90E-07,0.00633,1.00E-05,0.0001,0.00166,0.12,0,0
BD_original,Q002,Crab sea,Kankra,সামুদ্রিক কাঁকড়া,Marine Shellfish,67.6,79.67,15.36,0.6,0,0,0.92,0.333,0.00098,0.08004,0.193,0.252,0.313,0.00307,0.00084,5.02E-06,5.02E-06,0,7.30E-07,0.00206,5.00E-05,6.00E-05,0.00097,0.117,0,0
BD_original,Q004,"Lobster, king size",Koral chingri,গোলদা চিংড়ি,Marine Shellfish,89.6,77.77,18.54,0.78,0,0,1.08,0.06644,0.00035,0.05016,0.261,0.315,0.191,0.00192,0.00049,1.50E-05,1.50E-05,0,2.80E-07,0.00052,1.00E-05,2.00E-05,0.00187,0.156,0,0
BD_original,Q005,Mud crab,Chokha kankra,শীলা কাঁকড়া,Marine Shellfish,45.4,83.1,10,0.55,0,0,2.6,0.201,0.00087,0.04692,0.153,0.227,0.305,0.0033,0.00123,8.33E-06,8.33E-06,0,1.08E-06,0.00234,6.00E-05,0.00014,0.0006,0.18,0,0
BD_original,R002,"Clam, white shell, ribbed",Jhinuk,ঝিনুক,Marine Mollusks,59.8,80.27,11.82,1.34,0,0,0.85,0.05,0.00094,0.08664,0.192,0.245,0.404,0.00116,0.00031,8.50E-06,8.50E-06,0,2.18E-06,0.00121,6.00E-05,0.00011,0.0009,0.108,0,0
BD_original,R003,Octopus,Octopus,অক্টোপাস,Marine Mollusks,79.8,80.45,14.71,1.12,0,0,1.21,0.0221,0.00108,0.05092,0.131,0.181,0.23,0.00407,0.00672,2.80E-05,2.80E-05,0,6.70E-07,0.00066,5.00E-05,5.00E-05,0.00118,0.08771,0,0
BD_original,S001,Cat fish,"Tengra, Singi",মাগুর মাছ,Fresh Water Fish and Shellfish,123.8,77.23,15.86,6.24,0,0,0.93,0.02199,0.00082,0.01878,0.157,0.25,0.02829,0.00071,3.00E-05,1.36E-05,1.36E-05,0,1.48E-06,0.00038,1.00E-05,7.00E-05,0.00174,0.114,0,0
BD_original,S002,Catla,"Katla, Pla Kra Ho",কাতল মাছ,Fresh Water Fish and Shellfish,94.2,78.43,17.94,2.15,0,0,0.94,0.04353,0.00114,0.02558,0.182,0.301,0.03656,0.00068,6.00E-05,4.32E-06,4.32E-06,0,2.06E-06,0.00235,1.00E-05,3.00E-05,0.00221,0.116,0,0
BD_original,S003,Fresh water Eel,"Baan maach, Baam",বাইম মাছ,Fresh Water Fish and Shellfish,107.8,75.57,20.41,2.63,0,0,1.03,0.05299,0.00154,0.0425,0.361,0.45,0.08867,0.00223,0.00272,0.000866,0.000866,0,4.38E-06,0.0018,0,0.00031,0.0023,0.106,0,0
BD_original,S004,Gold fish,Shona maach,গোল্ডফিশ,Fresh Water Fish and Shellfish,94.6,79.07,16.91,2.94,0,0,1.1,0.04789,0.00076,0.02166,0.185,0.243,0.02753,0.00169,3.00E-05,2.30E-05,2.30E-05,0,2.80E-07,0.0021,0,5.00E-05,0.00186,0.225,0,0
BD_original,S005,Pangas,Pangas,পাঙ্গাস মাছ,Fresh Water Fish and Shellfish,203.6,68.5,17.12,16.77,0,0,1.12,0.01119,0.00069,0.02509,0.179,0.282,0.03742,0.00069,4.00E-05,1.46E-05,1.46E-05,0,2.80E-07,0.0028,0,5.00E-05,0.00128,0.229,0,0
BD_original,S006,Rohu,"Rahu, Rui, Ruee",রুই,Fresh Water Fish and Shellfish,102.3,76.34,19.71,2.39,0,0,1.28,0.03937,0.00104,0.02653,0.2,0.303,0.03556,0.0008,5.00E-05,3.87E-06,3.87E-06,0,1.01E-06,0.0024,0,4.00E-05,0.00233,0.24,0,0
BD_original,S007,Crab,Kankra,কাঁকড়া,Fresh Water Fish and Shellfish,78.2,80.58,13.23,0.89,0,0,1.23,0.199,0.0011,0.06677,0.208,0.286,0.28,0.00249,0.00052,1.26E-05,1.26E-05,0,1.37E-06,0.00485,1.00E-05,0.00011,0.00154,0.202,0,0
BD_original,S008,"Prawns, big",Golda chingri,গলদা চিংড়ি,Fresh Water Fish and Shellfish,90.8,77.43,19.24,0.52,0,0,0.84,0.04855,0.00078,0.03925,0.237,0.269,0.849,0.00144,0.00069,3.56E-06,3.56E-06,0,4.50E-07,0,0,2.00E-05,0.00131,0.186,0,0
BD_original,S009,"Prawns, small",Kucho chingri,ছোট চিংড়ি,Fresh Water Fish and Shellfish,71,82.58,13.07,0.78,0,0,0.86,0.06799,0.00087,0.02691,0.192,0.224,0.07771,0.00087,0.00014,2.78E-06,2.78E-06,0,1.10E-06,0.00175,1.00E-05,3.00E-05,0.00054,0.207,0,0
BD_original,S010,Tiger prawns,Chingri,বাগদা চিংড়ি,Fresh Water Fish and Shellfish,67.9,83.24,14.24,0.66,0,0,0.83,0.0579,0.00084,0.02294,0.155,0.149,0.08077,0.00102,0.00039,5.50E-07,5.50E-07,0,1.61E-06,0.00165,1.00E-05,4.00E-05,0.00128,0.216,0,0
BD_original,T005,Groundnut oil,China badam tel,চিনাবাদাম তেল,Edible Oils and Fats,0,0,0,100,0,0,0,0,0,0,0,0,0,0,0,0,0,0,0,0,0,0,0,0,0,0
BD_original,code,Barley,Barley,বার্লি,Cereals and Millets,315.7,9.77,10.94,1.3,72.73,15.64,1.06,0.02864,0.00156,0.04897,0.178,0.268,0.00756,0.0015,0.00043,0,0,,0,1.00E-05,0.00036,0.00018,0.00284,0.00031,3.16E-05,0
BD_original,code,Maize dry,Bhutta,ভুট্টা,Cereals and Millets,334.1,9.26,8.8,3.77,61.01,12.24,1.17,0.00891,0.00249,0.145,0.279,0.291,0.00444,0.00227,0.00045,0.000296,0,,3.36E-05,0.00036,0.00033,9.00E-05,0.00269,0.00034,2.58E-05,0
BD_original,code,Maize tender local,Bhutta,ভুট্টা,Cereals and Millets,120,68.29,3.57,1.4,17.35,3.67,0.38,0.00635,0.00071,0.04762,0.163,0.167,0.00224,0.00097,0.00018,7.35E-05,0,,4.23E-05,9.00E-05,0.00017,0.00012,0.00113,0.00045,6.30E-05,0.00426
BD_original,code,Maize tender sweet,Bhutta,ভুট্টা,Cereals and Millets,96.8,74.4,4.16,1.35,12.11,3.3,0.36,0.00637,0.00054,0.03651,0.121,0.297,0.00223,0.00077,0.00011,0.00010542,0,,1.69E-05,0.0001,0.0001,0.00014,0.00114,0.00038,5.97E-05,0.00572
BD_original,code,Rice puffed,Muri,মুড়ি,Cereals and Millets,361.9,9.4,7.47,1.62,69.89,2.56,1.28,0.01509,0.00455,0.06459,0.152,0.14,0.00369,0.00145,0.00025,0,0,,0,4.00E-05,0.00011,4.00E-05,0.00187,7.00E-05,0,0
BD_original,code,Rice raw brown,"Rice, raw, brown",ঢেঁকি ছাঁটা চাল,Cereals and Millets,353.7,9.33,9.16,1.24,72,4.43,1.04,0.01093,0.00102,0.09391,0.267,0.199,0.00364,0.00168,0.00037,0,0,,0,0.00069,0.00027,6.00E-05,0.0034,0.00037,1.15E-05,0
BD_original,code,Rice parboiled milled,Siddha chowl,সিদ্ধ চাল,Cereals and Millets,351.6,10.09,7.81,0.55,76.8,3.74,0.65,0.00811,0.00072,0.02672,0.14,0.142,0.00316,0.00108,0.00027,0,0,,0,9.00E-05,0.00017,6.00E-05,0.00251,0.00022,9.75E-06,0
BD_original,A015,Rice raw milled,Chowl,আতপ চাল,Cereals and Millets,356.4,9.93,7.94,0.52,76.39,2.81,0.56,0.00749,0.00065,0.0193,0.096,0.108,0.00234,0.00121,0.00023,0,0,,0,6.00E-05,5.00E-05,5.00E-05,0.00169,0.00012,9.32E-06,0
BD_original,A016,Samai,Sama,সেমাই,Cereals and Millets,346.3,11.36,10.13,3.89,56.43,7.72,1.34,0.01606,0.00126,0.09141,0.13,0.105,0.00477,0.00182,0.00034,1.91E-06,0,,3.75E-06,0.00055,0.00026,5.00E-05,0.00129,4.00E-05,3.62E-05,0
BD_original,A018,Wheat flour refined,Maida,ময়দা,Cereals and Millets,351.8,11.34,10.36,0.76,71.82,2.76,0.51,0.0204,0.00177,0.03069,0.11,0.148,0.00154,0.00088,0.00017,1.97E-06,0,,6.73E-06,5.00E-05,0.00015,6.00E-05,0.00077,8.00E-05,1.63E-05,0
BD_original,A019,Wheat flour atta,Ata,আটা,Cereals and Millets,320.3,11.1,10.57,1.53,58.62,11.36,1.28,0.03094,0.0041,0.125,0.315,0.311,0.00204,0.00285,0.00048,2.67E-06,0,,1.34E-05,0.00026,0.00042,0.00015,0.00237,0.00025,2.92E-05,0
BD_original,A020,Wheat whole,Gom,আস্ত গম,Cereals and Millets,321.9,10.58,10.59,1.47,59.3,11.23,1.42,0.03936,0.00397,0.125,0.315,0.366,0.0025,0.00285,0.00049,3.03E-06,0,,1.75E-05,0.00077,0.00046,0.00015,0.00268,0.00026,3.01E-05,0
BD_original,A022,Wheat semolina,Suji,সুজি,Cereals and Millets,333.7,8.94,11.38,0.74,59.85,9.72,0.8,0.02938,0.00298,0.03789,0.119,0.284,0.00231,0.00213,0.00046,1.60E-06,0,,8.19E-06,0.0002,0.00029,4.00E-05,0.00113,0.00011,2.57E-05,0
BD_original,A023,Wheat vermicelli,Semai,সেমাই,Cereals and Millets,332.7,9.59,9.7,0.45,56.99,9.28,0.6,0.01942,0.00202,0.03418,0.099,0.163,0.00271,0.00083,0.00019,1.68E-06,0,,4.06E-06,3.00E-05,0.00013,1.00E-05,0.00086,3.00E-05,1.44E-05,0
BD_original,A024,Wheat vermicelli roasted,Semai,সেমাই,Cereals and Millets,340.1,7.61,10.37,0.49,56.69,9.55,0.56,0.02263,0.00209,0.03903,0.107,0.177,0.00343,0.00088,0.00022,9.20E-07,0,,3.21E-06,1.00E-05,0.00012,1.00E-05,0.00067,3.00E-05,1.32E-05,0
BD_original,B001,Bengal gram dal,Cholar dal,ছোলার ডাল,Grain Legumes,329.1,9.18,21.55,5.31,41.52,15.15,2.1,0.04632,0.00608,0.118,0.325,0.957,0.02083,0.00365,0.00082,0.000165,0,,1.75E-06,0.00019,0.00035,0.00015,0.00187,0.00019,0.000182,0
BD_original,B002,Bengal gram whole,Chola,ছোলা,Grain Legumes,287,8.56,18.77,5.11,36.68,25.22,2.78,0.15,0.00678,0.16,0.267,0.935,0.02656,0.00337,0.00085,0.000172,0,,1.93E-06,0.00172,0.00037,0.00024,0.0021,0.00036,0.000233,0
BD_original,B003,Black gram dal,Biulir dal,বিউলির ডাল,Grain Legumes,324.1,9.16,23.06,1.69,48.73,11.93,3.17,0.05567,0.00467,0.173,0.375,1.157,0.01888,0.003,0.00064,1.01E-05,0,,8.42E-06,0.00017,0.00021,9.00E-05,0.00176,0.00022,8.88E-05,0
BD_original,B004,Black gram whole,Mashkolail,মাষকলাই,Grain Legumes,291.3,8.7,21.97,1.58,42.64,20.41,3.35,0.08618,0.00597,0.19,0.345,1.093,0.0268,0.00305,0.00076,1.28E-05,0,,1.68E-05,0.00023,0.00032,0.00011,0.00185,0.00053,0.000134,0
BD_original,B006,Cowpea,Barbati,বরবটি,Grain Legumes,320.3,9.32,21.25,1.14,47.51,11.7,2.83,0.0841,0.00504,0.213,0.378,1.243,0.01252,0.00357,0.00068,8.21E-06,0,,9.30E-07,0.00065,0.00034,9.00E-05,0.00151,0.00026,0.000249,0
BD_original,B009,Field bean,Shim,শিম,Grain Legumes,280.4,8.61,19.84,0.94,44.32,22.99,3.09,0.07724,0.0055,0.19,0.448,1.36,0.0017,0.0028,0.00094,0,0,,4.26E-06,0.00052,0.00037,7.00E-05,0.00196,0.00038,0.000289,0
BD_original,B010,Green gram dal,Mung dal,সবুজ মুগ ডাল,Grain Legumes,325.8,9.77,23.88,1.35,42.01,9.37,3.04,0.04313,0.00393,0.155,0.416,1.268,0.01014,0.00249,0.00097,0.000122,0,,2.05E-06,0.00023,0.00035,0.00012,0.00184,0.00019,9.21E-05,0
BD_original,B012,Horse gram whole,Kulotto- kalai,কুলথি ডাল বা কুর্তি কলাই,Grain Legumes,329.6,9.28,21.73,0.62,48.31,7.88,3.24,0.269,0.00876,0.152,0.298,1.065,0.01214,0.00271,0.00129,5.86E-05,0,,1.80E-06,0.00027,0.00032,0.00024,0.00182,0.00021,0.000163,0
BD_original,B013,Lentil dal,Mosur dal,মসুর ডাল,Grain Legumes,322.4,9.71,24.35,0.75,46.39,10.43,2.23,0.04432,0.00706,0.07469,0.31,0.786,0.01027,0.00361,0.00096,6.34E-06,0,,1.31E-06,0.00016,0.00034,0.00016,0.00181,0.00018,5.00E-05,0
BD_original,B014,Lentil whole brown,Mosur,আস্ত মসুর ডাল,Grain Legumes,299,9.2,22.49,0.64,43.03,16.82,2.39,0.07613,0.00757,0.101,0.274,0.756,0.0112,0.0036,0.00098,1.03E-05,0,,1.45E-05,0.00019,0.0004,0.00022,0.00254,0.00046,0.000132,0
BD_original,B015,Lentil whole yellowish,Mosur,মুগডাল বা ছোলার ডাল,Grain Legumes,297.8,9.75,22.87,0.61,43.58,16.66,2.2,0.07666,0.00791,0.08638,0.261,0.764,0.01087,0.00331,0.00088,1.26E-05,0,,1.77E-05,0.00019,0.00042,0.00022,0.00256,0.00047,0.000121,0
BD_original,B016,Moth bean,Kheri,বনমুগ ডাল,Grain Legumes,308.6,8.14,19.75,1.76,48,15.12,3.14,0.154,0.0079,0.205,0.362,1.356,0.02634,0.00192,0.00064,3.57E-06,0,,9.77E-06,0.00079,0.00045,9.00E-05,0.00187,0.00016,0.000349,0
BD_original,B017,Peas dry,Matar,শুকনো মটর,Grain Legumes,303.3,9.33,20.43,1.89,45.07,17.01,2.41,0.07511,0.00509,0.123,0.334,0.922,0.0234,0.0031,0.00068,6.57E-05,0,,1.52E-05,0.00032,0.00056,0.00016,0.00269,0.00026,0.00011,0
BD_original,B018,Rajmah black,Barbati beej,কালো কিডনি বিন,Grain Legumes,298,8.69,19.01,1.62,40.46,17.74,3.35,0.134,0.00617,0.16,0.386,1.362,0.0094,0.00308,0.00087,1.95E-06,0,,2.80E-05,0.00021,0.00021,0.00019,0.00261,0.00023,0.000332,0
BD_original,B019,Rajmah brown,Barbati beej,বাদামী বা সাদা রাজমা,Grain Legumes,297.6,9.68,19.5,1.68,40.32,16.95,3.36,0.134,0.0063,0.164,0.396,1.366,0.01047,0.0026,0.00089,2.16E-06,0,,2.58E-05,0.00023,0.00026,0.00021,0.00237,0.00021,0.00033,0
BD_original,B020,Rajmah red,Barbati beej,লাল কিডনি বিন,Grain Legumes,299.2,9.87,19.91,1.77,40.07,16.57,3.28,0.126,0.00613,0.173,0.409,1.324,0.01045,0.00269,0.00078,1.60E-06,0,,2.67E-05,0.00023,0.0003,0.00019,0.00242,0.00021,0.000316,0
BD_original,B022,Red gram whole,"Red gram, whole",অড়হর ডাল,Grain Legumes,273.9,9.3,20.47,1.38,40.27,22.84,3.53,0.139,0.00537,0.155,0.312,1.303,0.01903,0.00299,0.00132,0.000149,0,,2.78E-06,0.0008,0.00074,0.00015,0.00242,0.00042,0.000229,0
BD_original,B023,Ricebean,Galmoong,রাম কলাই বা গাইমুং,Grain Legumes,302.3,11.12,19.97,0.74,45.38,13.37,3.54,0.2,0.00476,0.201,0.27,1.196,0.01062,0.00229,0.00075,0,0,,8.26E-06,0.00106,0.00046,0.00014,0.00232,0.00013,0.000122,0.00111
BD_original,B024,Soya bean brown,Garikalai,বাদামী সয়াবিন বা খয়েরি সয়াবিন,Grain Legumes,381.5,5.51,35.58,19.82,9.16,21.55,4.74,0.239,0.00829,0.259,0.483,1.613,0.00207,0.00401,0.00129,3.50E-06,0,,6.62E-05,0.00129,0.00059,0.00024,0.00212,0.00043,0.000297,0
BD_original,B025,Soya bean white,Garikalai,সাদা সয়াবিন,Grain Legumes,377.4,5.47,37.8,19.42,9.46,22.63,4.52,0.195,0.00822,0.189,0.494,1.634,0.00283,0.00347,0.00079,2.82E-06,0,,6.98E-05,0.00133,0.00061,0.00023,0.00228,0.00045,0.000288,0
BD_original,C003,Red Amaranth,Lal Shaakh,লাল শাঁক,Green Leafy Vegetables,33.5,85.56,3.93,0.63,1.05,4.91,2.61,0.245,0.00725,0.177,0.07598,0.564,0.01458,0.00137,0.00022,0.008457,0,,1.51E-05,0.00046,1.00E-05,0.000269,0.00062,0.00022,8.20E-05,0.0862
BD_original,C005,Green amaranth,Kanta-notya,ডাঁটা শাক,Green Leafy Vegetables,26.3,86.46,3.54,0.36,0.83,5.1,2.94,0.359,0.00637,0.202,0.07246,0.569,0.01566,0.00157,0.00023,0.001594,0,,1.52E-05,0.00028,1.00E-05,0.00013,0.00063,0.00022,4.14E-05,0.08256
BD_original,C006,Amaranth spinous leaves red and green,Kanta-notya shaak,নটে শাক,Green Leafy Vegetables,23.7,86.64,2.8,0.34,0.86,5.57,3.2,0.372,0.00458,0.187,0.08502,0.588,0.01627,0.00111,0.00033,0.001487,0,,1.50E-05,0.00028,1.00E-05,0.00015,0.00072,0.0002,4.42E-05,0.0773
BD_original,C007,Basella leaves,Pui shaak,পুঁইশাক,Green Leafy Vegetables,19.6,92.68,1.57,0.45,1.69,2.21,1.09,0.09389,0.0042,0.153,0.03726,0.337,0.01874,0.00039,0.00012,0.002473,0,,9.18E-06,0.00016,6.00E-05,0.00015,0.00046,0.00018,9.03E-05,0.06335
BD_original,C008,Bathua leaves,Beto sak,বেথো শাক,Green Leafy Vegetables,27.7,88.77,2.5,0.44,1.59,4.01,1.71,0.211,0.00266,0.04841,0.03755,0.438,0.01075,0.00098,0.0001,0.001075,0,,1.01E-06,0.00025,6.00E-05,0.00051,0.00054,0.00017,4.26E-05,0.04103
BD_original,C009,Beetroot leaves,Beetroot leaves,বিটরুটের শাক,Green Leafy Vegetables,34.7,86.68,2.38,0.75,2.18,3.64,2.69,0.151,0.0058,0.12,0.03602,0.53,0.111,0.00016,0.00014,0.001703,0,,1.65E-06,0.00021,2.00E-05,0.00017,0.00043,0.00013,1.15E-05,0.03583
BD_original,C010,Betel leaves big,Pan,বাংলা পান,Green Leafy Vegetables,48.3,84.93,2.51,0.75,6.61,2.12,2.33,0.207,0.003,0.107,0.05173,0.649,0.0168,0.00047,0.00024,0.004377,0,,3.78E-06,5.00E-05,3.00E-05,8.00E-05,0.00045,4.00E-05,1.60E-05,0.0184
BD_original,C011,Betel leaves small,Pan,পান পাতা,Green Leafy Vegetables,43.7,85.92,2.62,0.75,5.54,1.97,2.59,0.196,0.00287,0.08994,0.05572,0.678,0.01404,0.00039,0.00029,0.005103,0,,2.27E-06,3.00E-05,2.00E-05,7.00E-05,0.00047,4.00E-05,1.66E-05,0.02451
BD_original,C012,Brussels sprouts,Biliti Bandhakopi,ছোট বাঁধাকপি,Green Leafy Vegetables,44.2,84.39,4.26,0.5,4.42,4.29,1.47,0.05399,0.00154,0.03299,0.09856,0.639,0.01851,0.00057,8.00E-05,0.00036,0,,2.60E-07,0.00021,6.00E-05,0.00016,0.0005,0.00019,8.50E-05,0.08945
BD_original,C013,Cabbage Chinese,"Cabbage, Chinese",চিনা বাঁধাকপি,Green Leafy Vegetables,17.9,93.19,1.58,0.13,1.42,2.01,0.73,0.05846,0.00039,0.01151,0.03305,0.258,0.02028,0.00019,5.00E-05,5.50E-06,0,,3.90E-07,0.00025,1.00E-05,5.00E-05,0.00038,0.00019,5.45E-05,0.01932
BD_original,C014,Cabbage collard greens,"Cabbage, collard greens",খোলা পাতাকপি শাক,Green Leafy Vegetables,30.1,89.53,3.63,0.27,2.35,2.98,0.81,0.17,0.00267,0.0459,0.05467,0.292,0.02298,0.00035,6.00E-05,0.000104,0,,1.80E-07,0.0002,3.00E-05,5.00E-05,0.00026,0.00024,6.35E-05,0.04076
BD_original,C015,Cabbage green,Badha kopi,বাঁধাকপি,Green Leafy Vegetables,21.5,91.85,1.36,0.12,1.54,2.76,0.67,0.05176,0.00035,0.01799,0.03015,0.233,0.01498,0.00016,3.00E-05,2.05E-05,0,,2.10E-07,5.00E-05,3.00E-05,5.00E-05,0.00024,0.00013,4.64E-05,0.03325
BD_original,C016,Cabbage violet,Badha kopi,বেগুনি বাঁধাকপি,Green Leafy Vegetables,23.2,91.94,1.39,0.21,1.33,2.21,0.71,0.048,0.00024,0.02687,0.02214,0.201,0.024,0.00013,2.00E-05,3.12E-05,0,,1.90E-07,3.00E-05,4.00E-05,5.00E-05,0.00027,0.00017,3.48E-05,0.04349
BD_original,C017,Cauliflower leaves,Phul gopi pata,ফুলকপির পাতা,Green Leafy Vegetables,35.4,87.64,3.9,0.42,2.15,3.43,1.22,0.0967,0.00242,0.0415,0.06282,0.374,0.02431,0.00031,0.00014,0.000146,0,,4.15E-06,8.00E-05,5.00E-05,5.00E-05,0.00021,0.00023,4.30E-05,0.05284
BD_original,C019,Drumstick leaves,Sajna pata,সজনে পাতা,Green Leafy Vegetables,67.4,75.65,6.41,1.64,2.51,8.21,2.46,0.314,0.00456,0.09709,0.109,0.397,0.00934,0.00072,0.00044,0.017542,0,,1.43E-05,0.00031,6.00E-05,0.00045,0.00082,0.00087,4.29E-05,0.108
BD_original,C020,Fenugreek leaves,Methi shak,মেথি শাক,Green Leafy Vegetables,34.4,86.73,3.68,0.83,1.48,4.9,1.69,0.274,0.00569,0.06367,0.05305,0.226,0.04701,0.00054,0.00018,0.009245,0,,2.36E-06,0.00036,0.00011,0.00022,0.0007,0.00038,7.53E-05,0.05825
BD_original,C021,Garden cress,Halim sag,হালিম দানা,Green Leafy Vegetables,49.7,84.02,5.62,0.8,2.17,2.6,2.48,0.217,0.00619,0.07924,0.04555,0.379,0.02535,0.00152,0.00023,8.87E-05,0,,5.50E-07,0.00074,3.00E-05,6.00E-05,0.0012,0.0002,5.81E-05,0.04275
BD_original,C022,"Gogu leaves, green stem",Mestapat,মেস্তাপাতা,Green Leafy Vegetables,36.3,87.42,1.86,1.09,1.16,4.59,0.98,0.145,0.00765,0.08309,0.04199,0.26,0.01234,0.00065,0.00023,0.005285,0,,4.28E-06,0.0005,0.00013,6.00E-05,0.00058,0.00033,7.49E-05,0.02965
BD_original,C024,Knol-Khol leaves,Olkopi sag,ওলকপির পাতা বা শাক,Green Leafy Vegetables,42.5,86.2,3.12,0.35,4.57,2.76,1.42,0.368,0.00251,0.066,0.05502,0.309,0.0268,0.00042,7.00E-05,1.20E-05,0,,5.90E-07,0.00053,6.00E-05,0.00015,0.00086,0.00028,4.16E-05,0.07111
BD_original,C025,Lettuce,Lettuce,লেটুস পাতা,Green Leafy Vegetables,21.7,92.27,1.54,0.27,1.72,1.79,1.11,0.05671,0.00273,0.04322,0.0441,0.279,0.01753,0.00051,0.00014,0.001285,0,,1.00E-07,1.00E-05,5.00E-05,9.00E-05,0.00017,8.00E-05,3.07E-05,0.01191
BD_original,C026,Mustard leaves,Sorisa sag,সরিষা শাক,Green Leafy Vegetables,30.4,88.17,3.52,0.51,1.45,3.92,1.47,0.191,0.00284,0.05163,0.07162,0.403,0.01914,0.00068,0.00024,0.002619,0,,5.40E-06,0.00057,8.00E-05,0.00018,0.00058,0.00016,0.00011,0.06032
BD_original,C027,Pak Choi leaves,Pak Choi leaves,চাইনিজ বাঁধাকপি বা শাক,Green Leafy Vegetables,16,93.56,1.41,0.25,1.62,1.91,1.1,0.15,0.00378,0.04528,0.02595,0.25,0.03373,0.00016,6.00E-05,0.00245,0,,1.00E-07,3.00E-05,2.00E-05,0.00022,0.00066,0.00096,9.85E-05,0.0556
BD_original,C028,Parsley,Parsley,পার্সলে পাতা,Green Leafy Vegetables,72.9,77.76,5.55,1.14,7.05,3.87,2.25,0.288,0.00551,0.04918,0.07856,0.466,0.05308,0.00129,0.00019,0.00271,0,,5.55E-06,0.00035,0.00019,0.0001,0.00036,0.00019,0.000197,0.133
BD_original,C029,Ponnaganni,Khanchari,সাঁচিশাক বা শাঞ্চে শাক,Green Leafy Vegetables,50.9,79.43,5.29,0.71,4.1,6.74,2.65,0.388,0.00388,0.08039,0.05826,0.457,0.03936,0.00099,0.00021,0.005288,0,,6.50E-07,0.00054,2.00E-05,0.0001,0.00032,0.00019,4.84E-05,0.103
BD_original,C030,Pumpkin leaves tender,Kumra shak,কচি কুমড়ো শাক,Green Leafy Vegetables,44.2,85.82,4.21,0.74,2.2,2.25,2.24,0.271,0.00558,0.08421,0.06454,0.423,0.0122,0.0009,0.00029,0.001455,0,,3.19E-06,0.00169,7.00E-05,0.00013,0.00149,0.00017,3.38E-05,0.01233
BD_original,C031,Radish leaves,Mulo shak,মুলো শাক,Green Leafy Vegetables,26.1,91.19,2.22,0.51,2.09,1.82,1.5,0.234,0.00382,0.05796,0.05008,0.304,0.01739,0.00049,0.00029,0.002591,0,,1.39E-06,8.00E-05,6.00E-05,0.00013,0.00047,0.00016,5.31E-05,0.06576
BD_original,C032,Rumex leaves,Bun palung,বন পালং,Green Leafy Vegetables,19.6,93.18,1.62,0.33,1.55,1.27,1.27,0.131,0.00367,0.04833,0.0324,0.336,0.01995,0.00046,0.00025,0.002754,0,,1.00E-07,0.00051,3.00E-05,0.00014,0.00033,9.00E-05,4.10E-05,0.05376
BD_original,C033,Spinach,Palong shak,পালং শাক,Green Leafy Vegetables,24.4,90.31,2.14,0.64,1.62,2.38,2.47,0.08229,0.00295,0.08697,0.03259,0.625,0.04255,0.00046,0.00017,0.002605,0,,2.60E-07,0.00129,0.00016,0.0001,0.00033,0.00015,0.000142,0.03028
BD_original,D001,Ash gourd,Chalkumra,চালকুমড়ো,Other Vegetables,17.4,92.17,0.79,0.14,1.2,3.37,0.7,0.01939,0.00047,0.01995,0.02907,0.372,0.00077,0.00013,4.00E-05,0,0,,1.35E-06,2.00E-05,3.00E-05,1.00E-05,0.00012,0.00018,1.41E-05,0.01141
BD_original,D002,Bamboo shoot tender,Bansber ankur,বাঁশ কোড়ল,Other Vegetables,16.3,94.56,1.33,0.35,0.6,1.55,0.55,0.01,0.00033,0.00828,0.03963,0.422,0.00112,0.00037,0.00014,0,0,,4.10E-07,0,6.00E-05,6.00E-05,0.00025,0.00013,1.71E-05,0.01574
BD_original,D003,Bean scarlet tender,"Bean scarlet, tender",নরম লাল শিমের শুঁটি,Other Vegetables,42.8,85.51,2.86,0.99,4.56,4.5,0.96,0.04348,0.00073,0.04375,0.06213,0.164,0.00146,0.00057,0.00017,3.55E-05,0,,1.40E-06,0.00015,0.00013,0.00012,0.00052,0.00031,4.53E-05,0.00661
BD_original,D005,Bitter gourd jagged teeth ridges short,korola,ছোট করলা,Other Vegetables,18.9,91.6,1.34,0.24,0.99,3.49,0.81,0.01627,0.00108,0.03158,0.04021,0.282,0.01259,0.00036,0.00012,0.000126,0,,1.90E-06,3.00E-05,6.00E-05,4.00E-05,0.00029,4.00E-05,5.15E-05,0.05087
BD_original,D006,Bitter gourd jagged smooth ridges elongate,Korola,করলা,Other Vegetables,19.4,91.24,1.61,0.26,0.95,3.72,0.88,0.01762,0.00128,0.03334,0.04475,0.356,0.01116,0.00043,0.0001,0.00013,0,,1.83E-06,3.00E-05,6.00E-05,4.00E-05,0.0003,5.00E-05,6.00E-05,0.0543
BD_original,D007,Bottle gourd elongate pale green,Lau,লম্বাটে হালকা সবুজ লাউ,Other Vegetables,11,95.17,0.53,0.13,1.03,2.12,0.36,0.01542,0.00026,0.01093,0.01601,0.124,0.00146,0.00015,5.00E-05,4.41E-05,0,,7.40E-07,2.00E-05,3.00E-05,1.00E-05,0.00014,2.00E-05,4.20E-05,0.00433
BD_original,D008,Bottle gourd round pale green,Lau,গোল লাউ,Other Vegetables,13.6,94.5,0.42,0.12,1.02,2.1,0.34,0.01505,0.00028,0.01089,0.01699,0.116,0.00152,0.00015,5.00E-05,4.71E-05,0,,7.00E-07,1.00E-05,3.00E-05,1.00E-05,0.00014,2.00E-05,4.96E-05,0.00454
BD_original,D009,Bottle gourd elongate dark green,Lau,লম্বা লাউ,Other Vegetables,12.9,94.63,0.49,0.13,0.97,2.11,0.4,0.01664,0.00034,0.0129,0.02686,0.171,0.00135,0.00018,7.00E-05,4.48E-05,0,,6.00E-07,2.00E-05,3.00E-05,1.00E-05,0.00014,1.00E-05,4.63E-05,0.0038
BD_original,D031,Brinjal - all varieties,Begun,বেগুন,Other Vegetables,25.3,90,1.48,0.32,2.28,3.98,0.7,0.01659,0.00037,0.021,0.03256,0.247,0.00355,0.00021,0.00011,0.000146,0,,1.04E-06,7.00E-05,6.00E-05,0.00011,0.00053,7.00E-05,3.39E-05,0.00209
BD_original,D032,Broad beans,Makhon shim,শিম পোস্ত,Other Vegetables,29.4,84.2,3.85,0.15,2.06,8.63,1.05,0.06437,0.00094,0.04018,0.06797,0.362,0.02074,0.00061,0.0002,6.38E-06,0,,1.16E-05,6.00E-05,0.00012,0.0001,0.00076,0.00023,2.05E-05,0.01098
BD_original,D036,Cauliflower,Phul kopi,ফুলকপি,Other Vegetables,22.9,90.76,2.15,0.44,1.05,3.71,0.91,0.02516,0.00096,0.02308,0.04733,0.329,0.03072,0.00031,5.00E-05,1.59E-06,0,,1.32E-06,2.00E-05,4.00E-05,7.00E-05,0.00031,0.00013,4.60E-05,0.04714
BD_original,D037,Celery stalk,Randhuni,সেলারি ডাঁটি বা সেলারি শাকের ডাটা,Other Vegetables,16.5,92.87,0.98,0.24,1.42,2.09,1.5,0.03873,0.00136,0.01712,0.04484,0.298,0.01068,0.00018,0.00012,0.000465,0,,1.39E-06,3.00E-05,3.00E-05,4.00E-05,0.00048,6.00E-05,2.25E-05,0.0123
BD_original,D038,Cho-cho-marrow,Cho-cho-marrow,পাহাড়ি স্কোয়াশ,Other Vegetables,18.9,93.78,0.66,0.15,1.93,1.55,0.38,0.01864,0.00048,0.01305,0.02161,0.12,0.00128,0.0001,5.00E-05,1.57E-06,0,,5.46E-06,9.00E-05,1.00E-05,3.00E-05,0.00023,7.00E-05,6.30E-05,0.02021
BD_original,D039,Cluster beans,Jhar sim,ঝাড়-শিম,Other Vegetables,40.2,84.65,3.55,0.37,4.54,4.83,1.68,0.121,0.0039,0.08174,0.04528,0.301,0.00405,0.00061,0.00014,0.000241,0,,1.37E-05,0.00081,5.00E-05,3.00E-05,0.00071,0.00012,4.12E-05,0.01796
BD_original,D040,Colocasia stem black,Kochur loti,কচু শাক,Other Vegetables,23.9,91.15,0.76,0.34,1.08,3.01,0.91,0.02946,0.00077,0.01107,0.02031,0.381,0.00045,0.00054,5.00E-05,4.97E-06,0,,2.10E-07,6.00E-05,2.00E-05,4.00E-05,0.00016,6.00E-05,3.09E-05,0.00515
BD_original,D041,Colocasia stem green,Kochur loti,কচুর লতি,Other Vegetables,19.4,92.67,0.91,0.22,1.14,2.33,1,0.04021,0.00055,0.01956,0.03073,0.414,0.0006,0.0002,8.00E-05,2.30E-06,0,,1.40E-07,9.00E-05,2.00E-05,3.00E-05,0.00022,7.00E-05,2.53E-05,0.00583
BD_original,D042,Corn baby,"Corn, baby",কচি ভুট্টা,Other Vegetables,73.1,75.44,2.69,1.33,4.61,6.09,2.79,0.07651,0.00145,0.02547,0.00869,0.26,0.0014,0.00113,0.00012,1.52E-06,0,,3.12E-05,0.00013,0.00015,7.00E-05,0.00053,0.00016,4.55E-05,0.00859
BD_original,D043,Cucumber green elongate,Sosha,লম্বা শসা,Other Vegetables,19.6,92.96,0.71,0.16,0.76,2.14,0.54,0.01639,0.00046,0.02038,0.02834,0.183,0.00633,0.00017,4.00E-05,5.33E-06,0,,1.26E-06,2.00E-05,2.00E-05,1.00E-05,0.00035,6.00E-05,1.68E-05,0.00611
BD_original,D044,Cucumber green short,Sosha,সবুজ শসা,Other Vegetables,17.4,93.52,0.83,0.18,0.79,2.13,0.52,0.01925,0.00059,0.01848,0.02974,0.198,0.00611,0.00019,7.00E-05,4.80E-06,0,,1.36E-06,2.00E-05,2.00E-05,1.00E-05,0.00035,7.00E-05,1.47E-05,0.00621
BD_original,D045,Cucumber orange round,Sosha,লেমন শসা,Other Vegetables,19.6,92.8,0.98,0.24,0.75,2.46,0.52,0.02198,0.00045,0.02034,0.02317,0.185,0.00816,0.00016,4.00E-05,5.55E-06,0,,1.59E-06,2.00E-05,2.00E-05,1.00E-05,0.00036,4.00E-05,1.88E-05,0.00624
BD_original,D046,Drumstick,Sajna danta,সজনে বা সজিনা,Other Vegetables,29.4,85.39,2.62,0.12,2.77,6.83,1.27,0.0333,0.00073,0.0381,0.05287,0.419,0.02238,0.00031,0.0001,1.73E-05,0,,1.67E-06,0.00031,4.00E-05,7.00E-05,0.00062,0.00012,6.28E-05,0.07186
BD_original,D047,Field beans tender broad,Shim,রাজশিম,Other Vegetables,30.8,86.98,3.06,0.64,2.63,5.64,0.94,0.07057,0.00195,0.05088,0.0733,0.345,0.01414,0.00064,0.00024,0.00063848,0,,7.14E-06,0.00011,7.00E-05,7.00E-05,0.00032,0.00042,0.000123,0.00599
BD_original,D048,Field beans tender lean,Shim,শিমের বিচি,Other Vegetables,33.5,85.57,3.71,0.6,2.27,6.19,1.08,0.05859,0.00148,0.04742,0.07654,0.314,0.01276,0.00063,0.0002,0.00063032,0,,7.20E-06,0.0001,8.00E-05,7.00E-05,0.00033,0.00038,0.000127,0.00384
BD_original,D049,French beans country,"French beans, country",বীন শিম,Other Vegetables,24.4,89.14,2.49,0.26,1.82,4.38,1.05,0.05599,0.00125,0.04301,0.05986,0.324,0.00884,0.0005,0.00011,0.00041657,0,,1.82E-06,7.00E-05,4.00E-05,6.00E-05,0.00083,0.00037,4.75E-05,0.01581
BD_original,D050,French beans hybrid,"French beans, hybrid",ফারাসি বা ঝাড় শিম,Other Vegetables,22.2,90.11,2.12,0.19,1.77,4.18,0.77,0.0499,0.00098,0.03498,0.0459,0.317,0.00918,0.00037,7.00E-05,0.00039118,0,,1.85E-06,9.00E-05,5.00E-05,5.00E-05,0.00077,0.00044,6.20E-05,0.00138
BD_original,D051,Jack fruit,Kanthal,কাঁঠাল,Other Vegetables,26.3,85.52,1.98,0.35,2.04,7.69,0.99,0.04574,0.00031,0.0266,0.02778,0.327,0.00353,0.00017,0.00024,0,0,,6.84E-06,5.00E-05,5.00E-05,5.00E-05,0.00019,4.00E-05,3.57E-05,0.01751
BD_original,D052,Jack fruit seeds,Kanthal,কাঁঠালের বিচি,Other Vegetables,77,72.32,5.79,0.44,8.77,8.63,1.02,0.03756,0.00037,0.03704,0.02933,0.376,0.004,0.00029,0.00021,0,0,,1.40E-06,6.00E-05,6.00E-05,3.00E-05,0.00019,8.00E-05,5.46E-05,0.00968
BD_original,D053,Knol - Khol,Olkopi,ওলকপি,Other Vegetables,16,93.14,1.58,0.35,0.94,2.75,0.79,0.03526,0.00024,0.01905,0.04077,0.327,0.02746,0.00015,8.00E-05,0,0,,3.20E-07,0.00017,4.00E-05,6.00E-05,0.00037,0.00019,1.48E-05,0.0647
BD_original,D054,Kovai big,Telakucha,কোয়েম্বাটুর,Other Vegetables,17.4,92.78,1.39,0.24,1.21,3,0.58,0.03439,0.00038,0.0196,0.0369,0.198,0.00153,0.00018,6.00E-05,0.000134,0,,6.25E-06,0.00072,4.00E-05,2.00E-05,0.00055,8.00E-05,4.87E-05,0.01762
BD_original,D055,Kovai small,Telakucha,কুঁদরি/কাকঝিঙ্গা,Other Vegetables,19.1,92.4,1.22,0.24,1.19,3.25,0.47,0.03712,0.00029,0.01887,0.02629,0.167,0.0022,0.00013,6.00E-05,0.000147,0,,6.06E-06,0.0007,4.00E-05,2.00E-05,0.00051,5.00E-05,5.01E-05,0.02108
BD_original,D056,Ladies finger,Dherosh,ঢেঁড়স,Other Vegetables,27.5,89.06,2.08,0.22,1.37,4.08,0.94,0.08612,0.00084,0.0661,0.05748,0.263,0.00737,0.00045,0.00013,6.91E-05,0,,7.46E-06,0.0005,4.00E-05,7.00E-05,0.00061,0.00027,6.37E-05,0.02251
BD_original,D057,Mango green,Aam (kancha),কাঁচা আম,Other Vegetables,49,85.14,0.69,0.08,8.32,3.01,0.49,0.027,0.0004,0.01754,0.01492,0.147,0.03315,9.00E-05,8.00E-05,8.43E-05,0,,7.68E-06,0.00091,2.00E-05,2.00E-05,0.00026,0.00013,2.59E-05,0.09024
BD_original,D058,Onion stalk,Piyaz kali,পেঁয়াজ পাতা,Other Vegetables,25.6,88.35,2.07,0.26,1.51,5.21,1.13,0.03112,0.00309,0.06671,0.02853,0.312,0.01552,0.00099,0.00014,0.0007,0,,6.81E-06,0.00081,3.00E-05,5.00E-05,0.00014,0.00017,5.76E-05,0.02723
BD_original,D059,Papaya,Pempe (Kacha),কাঁচা পেঁপে,Other Vegetables,23.9,92.04,0.5,0.23,3.63,2.28,0.55,0.02272,0.0002,0.01503,0.02411,0.173,0.00755,8.00E-05,5.00E-05,0.0002408,0,,7.80E-06,7.00E-05,2.00E-05,3.00E-05,0.00012,3.00E-05,2.98E-05,0.02073
BD_original,D060,Parwar,Potol,পটোল,Other Vegetables,24.1,91.57,1.4,0.3,1.26,2.61,0.59,0.03076,0.0005,0.02459,0.03381,0.117,0.00229,0.00023,9.00E-05,1.31E-05,0,,6.90E-07,4.00E-05,5.00E-05,5.00E-05,0.00067,0.0002,2.00E-05,0.01924
BD_original,D061,Peas fresh,Motor shuti,মটরশুঁটি,Other Vegetables,81.3,73.37,7.25,0.13,7.89,6.32,1.05,0.02824,0.00158,0.04011,0.05595,0.249,0.00366,0.00109,0.00022,0.000121,0,,1.29E-05,0.00021,0.00027,3.00E-05,0.00128,0.00019,5.48E-05,0.0384
BD_original,D062,Plantain flower,Mocha,কলার মোচা,Other Vegetables,21.3,89.14,1.47,0.63,2.03,5.25,1.35,0.03406,0.0004,0.03976,0.04731,0.488,0.00751,0.00042,0.0001,3.54E-05,0,,1.29E-06,0.00019,2.00E-05,2.00E-05,0.00028,0.00013,4.93E-05,0.00649
BD_original,D063,Plantain green,Kela (kanch),সবুজ কাঁচকলা,Other Vegetables,79.8,76.15,1.18,0.23,16.29,3.6,1.27,0.0138,0.00034,0.03564,0.03169,0.402,0.01857,0.00023,0.0001,3.01E-06,0,,2.70E-07,8.00E-05,1.00E-05,5.00E-05,0.00033,0.0001,1.90E-05,0.02328
BD_original,D064,Plantain stem,Thor,থোড়,Other Vegetables,39.4,87.53,0.35,0.16,5.15,2.12,1.2,0.01124,0.00026,0.03282,0.01631,0.373,0.02317,0.00014,4.00E-05,2.39E-06,0,,3.20E-07,2.00E-05,2.00E-05,2.00E-05,0.00018,0.00014,1.29E-05,0.00377
BD_original,D065,Pumpkin green cylindrical,Kumro,চালকুমড়া,Other Vegetables,24.6,91.73,0.87,0.18,3.1,2.53,0.47,0.0241,0.00029,0.01327,0.02451,0.186,0.00521,0.00014,4.00E-05,0.00042691,0,,1.07E-06,0.00087,3.00E-05,2.00E-05,0.00044,5.00E-05,3.16E-05,0.00729
BD_original,D066,Pumpkin orange round,Kumro,মিষ্টি কুমড়ো,Other Vegetables,23.2,91.85,0.84,0.16,3.3,2.56,0.58,0.02306,0.00036,0.01043,0.02218,0.253,0.00881,0.00011,6.00E-05,0.00023974,0,,1.40E-06,0.0006,3.00E-05,3.00E-05,0.00041,8.00E-05,2.41E-05,0.00804
BD_original,D067,Red gram tender fresh,"Red gram, tender, fresh",কচি অরহর,Other Vegetables,124.3,64,8.09,0.92,14.57,5.9,1.64,0.05858,0.00118,0.05695,0.141,0.616,0.00254,0.0011,0.00045,0.000165,0,,2.90E-05,0.00094,0.00023,9.00E-05,0.00214,0.0003,9.42E-05,0.01513
BD_original,D068,Ridge gourd,Jhinge,ঝিঙে,Other Vegetables,13.1,94.99,0.91,0.14,1.4,1.81,0.44,0.0137,0.00042,0.01615,0.03306,0.118,0.00471,0.00022,0.0001,0.000348,0,,3.70E-07,2.00E-05,2.00E-05,1.00E-05,0.0002,7.00E-05,2.93E-05,0.00542
BD_original,D072,Snake gourd short,Chichinga,চিচিঙ্গা,Other Vegetables,14.6,94.35,0.54,0.26,1.18,2.29,0.41,0.0179,0.0002,0.01507,0.02133,0.084,0.0025,0.00011,5.00E-05,6.28E-05,0,,3.12E-06,1.00E-05,3.00E-05,2.00E-05,0.00033,6.00E-05,1.77E-05,0.0023
BD_original,D073,Tinda tender,"Tinda, tender",টিন্ডা,Other Vegetables,13.9,94.41,1.02,0.17,1.07,2,0.51,0.01968,0.00041,0.01896,0.03037,0.05618,0.02061,0.0002,8.00E-05,7.96E-06,0,,2.76E-06,5.00E-05,2.00E-05,3.00E-05,0.00056,6.00E-05,4.32E-05,0.0142
BD_original,D074,Tomato green,Kacha Tomato,কাঁচা টমেটো,Other Vegetables,20.8,93.21,1.12,0.27,1.31,1.62,0.6,0.00849,0.00042,0.01357,0.0225,0.225,0.01311,0.00016,6.00E-05,3.81E-05,0,,1.10E-06,0.00039,8.00E-05,5.00E-05,0.00046,7.00E-05,1.25E-05,0.01641
BD_original,D075,Tomato ripe hybrid,Tomato,পাকা টমেটো (হাইব্রিড),Other Vegetables,18.9,93.79,0.76,0.25,1.82,1.58,0.43,0.0089,0.00022,0.01186,0.01545,0.167,0.01186,0.00011,4.00E-05,0.00152032,0,,1.18E-05,0.00022,4.00E-05,2.00E-05,0.00051,8.00E-05,1.54E-05,0.02527
BD_original,D076,Tomato ripe local,Tomato,পাকা টমেটো (দেশি),Other Vegetables,19.6,93.62,0.9,0.47,1.34,1.77,0.52,0.01017,0.0003,0.01365,0.01877,0.204,0.00973,0.00012,6.00E-05,0.00091437,0,,1.22E-05,0.00027,3.00E-05,3.00E-05,0.00052,9.00E-05,1.95E-05,0.02747
BD_original,D077,Zucchini green,Dhudul,সবুজ স্কোয়াশ বা জুকিনি,Other Vegetables,20.1,92.83,1.1,0.51,1.61,2.3,0.93,0.01726,0.00052,0.01541,0.02138,0.178,0.0004,0.00029,7.00E-05,8.58E-05,0,,4.00E-07,0.0039,5.00E-05,9.00E-05,0.00103,0.00025,1.89E-05,0.01578
BD_original,D078,Zucchini yellow,Dhudul,ধুন্দুল বা জুকিনি,Other Vegetables,18.9,93.15,1.31,0.44,1.37,1.84,1.08,0.02098,0.00034,0.01082,0.03203,0.131,0.00039,0.00027,0.00011,6.99E-05,0,,3.80E-07,0.00148,3.00E-05,2.00E-05,0.00042,0.0002,2.15E-05,0.01671
BD_original,E001,Apple big,Sev,বড় আপেল,Fruits,62.4,83.01,0.29,0.64,9.53,2.59,0.36,0.01368,0.00026,0.00809,0.01044,0.116,0.00143,9.00E-05,4.00E-05,2.41E-06,0,,1.46E-06,0.00015,3.00E-05,1.00E-05,0.00025,4.00E-05,3.04E-06,0.00357
BD_original,E002,Apple green,Sev,সবুজ আপেল,Fruits,51.1,85.54,0.46,0.5,8.39,2.54,0.31,0.00653,0.0002,0.00542,0.00748,0.09455,0.00147,8.00E-05,0.00033,2.20E-06,0,,2.45E-06,0.0001,1.00E-05,2.00E-05,0.00021,8.00E-05,3.43E-06,0.0029
BD_original,E003,Apple small,Sev,ছোট আপেল,Fruits,63.8,82.91,0.31,0.53,9.8,2.06,0.24,0.00539,0.00025,0.00548,0.00839,0.1,0.00145,5.00E-05,6.00E-05,2.08E-06,0,,1.86E-06,7.00E-05,1.00E-05,1.00E-05,9.00E-05,3.00E-05,3.52E-06,0.004
BD_original,E005,Apricot dried,Suska khubani,শুকনো খুবানি,Fruits,315.7,16.68,3.17,0.74,70.1,3.32,3.46,0.02857,0.0025,0.01404,0.07202,0.285,0.00394,0.00041,0.00043,0.001806,0,,3.98E-06,0.00011,4.00E-05,4.00E-05,0.00166,0.0001,1.05E-05,0.00042
BD_original,E007,Avocado fruit,Kulunashpati,নাশপাতি,Fruits,144.4,73.56,2.95,13.86,1.75,6.69,1.19,0.02848,0.00081,0.04814,0.06314,0.377,0.00281,0.00075,0.00039,1.20E-05,0,,2.10E-06,2.00E-05,7.00E-05,8.00E-05,0.0009,0.00018,6.72E-05,0.00936
BD_original,E008,Bael fruit,Bel,বেল,Fruits,136,61.36,2.63,0.57,23.55,6.31,0.91,0.04795,0.00023,0.0341,0.03729,0.409,0.00156,0.00014,0.00015,2.50E-06,0,,1.60E-06,0.0006,3.00E-05,4.00E-05,0.00025,3.00E-05,5.52E-05,0.0075
BD_original,E009,Banana ripe montham,Kola(paka),আঁটিয়া বা বিচি কলা,Fruits,110.7,70.13,1.25,0.32,18.22,2.21,1.15,0.00677,0.0004,0.03022,0.02085,0.362,0.00125,0.00015,0.00012,5.66E-05,0,,2.00E-07,9.00E-05,1.00E-05,4.00E-05,0.00048,0.00051,1.79E-05,0.00806
BD_original,E010,Banana ripe poovam,Kola (paka),চাপা কলা,Fruits,106.4,71.32,1.49,0.35,17.26,2.33,1.09,0.00873,0.00035,0.04379,0.03363,0.335,0.001,0.00017,0.0001,5.90E-05,0,,2.40E-07,8.00E-05,1.00E-05,3.00E-05,0.00043,0.0005,2.00E-05,0.00674
BD_original,E011,Banana ripe red,Kola (paka),লাল কলা,Fruits,111.6,70.28,1.29,0.29,18.53,1.98,0.95,0.00956,0.00024,0.03144,0.02327,0.313,0.00111,9.00E-05,6.00E-05,5.36E-05,0,,2.10E-07,9.00E-05,1.00E-05,2.00E-05,0.00046,0.00045,1.89E-05,0.00674
BD_original,E012,Banana ripe robusta,Kola (paka),অমৃতসাগর কলা,Fruits,105.2,71.93,1.23,0.33,18.94,1.94,0.94,0.00507,0.00028,0.03498,0.02432,0.306,0.00085,0.00014,0.00013,6.04E-05,0,,2.20E-07,9.00E-05,1.00E-05,3.00E-05,0.00047,0.00044,1.68E-05,0.00476
BD_original,E013,Black berry,Kalojam,ব্ল্যাকবেরি বা কালোজম,Fruits,54.3,82.94,0.92,0.63,7.61,4.35,0.52,0.02381,0.00063,0.0309,0.02008,0.205,0.00121,0.00011,5.00E-05,5.23E-05,0,,1.47E-05,0.00052,1.00E-05,2.00E-05,0.0004,5.00E-05,2.30E-05,0.01945
BD_original,E014,Cherries red,"Cherries, red",লাল চেরি ফল,Fruits,59.8,83.61,1.49,0.46,10.72,2.12,0.45,0.02388,0.00036,0.01437,0.02531,0.165,0.00164,0.00012,7.00E-05,4.08E-05,0,,4.30E-06,6.00E-05,7.00E-05,2.00E-05,0.00019,4.00E-05,4.92E-06,0.00882
BD_original,E015,Currants black,"Currants, black",করমচা,Fruits,54.3,83.27,1.51,0.53,8.89,4.07,0.69,0.04032,0.00136,0.01666,0.0788,0.283,0.00145,0.00021,8.00E-05,6.25E-05,0,,3.01E-06,0.00045,3.00E-05,3.00E-05,0.00035,9.00E-05,8.48E-06,0.182
BD_original,E016,Custard apple,Ata,আতা ফল,Fruits,98.9,71.55,1.62,0.67,13.69,5.1,0.68,0.0282,0.00042,0.03847,0.04081,0.278,0.00311,0.00022,0.00019,0,0,,1.80E-07,0.00019,0.00013,9.00E-05,0.00069,7.00E-05,7.60E-06,0.02151
BD_original,E017,Dates dry pale brown,Kharjura,শুকনা খেজুর,Fruits,320.3,11.14,2.45,0.35,67.5,8.95,2.2,0.0712,0.0032,0.07379,0.07302,0.804,0.00327,0.0007,0.00036,0.0027,0,,2.60E-06,3.00E-05,3.00E-05,3.00E-05,0.00147,0.00014,1.87E-05,0.00442
BD_original,E018,Dates dry dark brown,Kharjura,মরিয়ম খেজুর,Fruits,310.9,13.13,2.38,0.35,69.83,9.1,2.39,0.06613,0.00479,0.07523,0.07026,0.782,0.00309,0.00058,0.00044,0.002705,0,,6.80E-07,3.00E-05,2.00E-05,3.00E-05,0.00109,0.000153,1.28E-05,0.00384
BD_original,E019,Dates processed,Kharjura,খেজুর,Fruits,286.1,22.01,1.18,0.41,58.74,6.52,1.93,0.01573,0.00089,0.01434,0.03388,0.289,0.0016,0.00042,0.00033,0.002781,0,,8.30E-07,3.00E-05,5.00E-05,2.00E-05,0.00051,6.00E-05,2.45E-05,0.01551
BD_original,E021,Goosberry,Goosberry,আমলকি,Fruits,23.7,87.02,0.34,0.16,3.95,7.75,0.34,0.02014,0.00125,0.0065,0.02185,0.223,0.00137,5.00E-05,0.00012,1.58E-06,0,,2.70E-07,0.00012,1.00E-05,3.00E-05,0.00012,0.00027,7.86E-06,0.252
BD_original,E022,Grapes seeded round black,Angoor,কালো আঙুর,Fruits,60.7,83.88,0.76,0.32,10.02,1.35,0.46,0.01057,0.00022,0.00747,0.02104,0.171,0.00193,5.00E-05,6.00E-05,2.94E-05,0,,6.19E-06,5.00E-05,3.00E-05,3.00E-05,0.00014,0.00011,8.69E-06,0.0183
BD_original,E023,Grapes seeded round green,Angoor,আঙুর,Fruits,56.2,85.07,0.77,0.29,9.59,1.25,0.43,0.01116,0.00024,0.00687,0.0195,0.166,0.00189,5.00E-05,7.00E-05,3.08E-05,0,,3.59E-06,7.00E-05,3.00E-05,2.00E-05,0.00013,9.00E-05,8.35E-06,0.0171
BD_original,E024,Grapes seeded round red,Angoor,লাল আঙুর,Fruits,58.3,84.46,0.95,0.29,10.47,1.28,0.48,0.01127,0.00033,0.00706,0.02791,0.188,0.00159,7.00E-05,5.00E-05,1.99E-05,0,,6.87E-06,7.00E-05,4.00E-05,3.00E-05,0.0001,0.0001,7.49E-06,0.02059
BD_original,E026,Grapes seedless round green,Angoor,সবুজ আঙুর (বীজহীন),Fruits,53.5,85.55,0.62,0.26,9.6,1.28,0.47,0.01422,0.00024,0.00843,0.02027,0.168,0.00181,5.00E-05,0.00023,2.55E-05,0,,3.54E-06,8.00E-05,4.00E-05,3.00E-05,0.00012,8.00E-05,8.31E-06,0.01647
BD_original,E027,Grapes seedless round black,"Grapes, seedless, round, black",কালো আঙুর,Fruits,89.4,76.9,1.24,0.35,10.88,1.15,0.49,0.01875,0.00039,0.0108,0.02668,0.235,0.00192,9.00E-05,5.00E-05,2.06E-05,0,,6.23E-06,6.00E-05,3.00E-05,3.00E-05,0.00013,8.00E-05,8.89E-06,0.02279
BD_original,E028,Guava white flesh,Peyara,পেয়ারা,Fruits,32.3,83.79,1.44,0.32,4.74,8.59,0.72,0.01852,0.00032,0.01526,0.02354,0.283,0.00287,0.00023,0.00016,0.000298,0,,1.68E-06,9.00E-05,5.00E-05,4.00E-05,0.0006,0.00011,2.98E-05,0.214
BD_original,E029,Guava pink flesh,Peyara,লাল পেয়ারা,Fruits,46.6,81.22,1.19,0.25,8.49,7.39,0.81,0.01422,0.0004,0.01326,0.02993,0.27,0.00189,0.00021,0.00017,0.000267,0,,9.30E-07,0.00011,3.00E-05,3.00E-05,0.00059,0.00016,3.22E-05,0.222
BD_original,E030,Jack fruit ripe,Kanthal,পাকা কাঁঠাল,Fruits,72.2,78.56,2.74,0.15,12.71,3.62,0.91,0.03503,0.00036,0.03184,0.02302,0.279,0.00162,0.00017,0.00019,2.35E-05,0,,7.49E-06,7.00E-05,5.00E-05,1.00E-05,0.00042,0.00022,3.22E-05,0.00673
BD_original,E031,Jambu frui ripe,Jaamrool,কালোজাম,Fruits,56.2,83.33,0.82,0.17,8.32,3.07,0.31,0.02536,0.00033,0.02797,0.0096,0.103,0.00264,6.00E-05,2.00E-05,1.55E-06,0,,8.20E-07,4.00E-05,2.00E-05,2.00E-05,0.00014,3.00E-05,7.63E-06,0.01647
BD_original,E032,Karonda fruit,Koromcha,করমচা,Fruits,33.7,86.04,1.15,1.67,2.55,7.25,1.02,0.01081,0.00087,0.02445,0.03262,0.351,0.00255,0.00025,0.00071,1.56E-05,0,,1.43E-06,4.00E-05,1.00E-05,2.00E-05,0.00025,8.00E-05,8.72E-06,0.135
BD_original,E033,Lemon juice,Pati Lebu,লেবুর রস,Fruits,36.6,91.59,0.41,0.75,2.59,0,0.28,0.02268,0.00012,0.0089,0.00986,0.113,0.00121,8.00E-05,3.00E-05,2.62E-06,0,,3.90E-07,6.00E-05,4.00E-05,1.00E-05,0.0001,3.00E-05,1.24E-05,0.04816
BD_original,E035,Litchi,Lichu,লিচু,Fruits,53.8,85.56,0.99,0.26,9.3,1.34,0.44,0.00577,0.00079,0.01458,0.02332,0.161,0.00054,0.00024,0.00011,1.47E-06,0,,3.30E-07,6.00E-05,2.00E-05,6.00E-05,0.00023,7.00E-05,1.57E-05,0.03382
BD_original,E037,Mango ripe gulabkhas,Aam (paka),গোলাপ খাস আম (পাকা),Fruits,50,86.65,0.52,0.53,8.13,1.67,0.32,0.01933,0.00038,0.01153,0.01066,0.115,0.00139,6.00E-05,7.00E-05,0.00067058,0,,3.91E-06,0.0002,3.00E-05,4.00E-05,0.00023,0.00013,8.44E-05,0.02765
BD_original,E038,Mango ripe himsagar,Aam (paka),হিমসাগর আম (পাকা),Fruits,44.7,88.04,0.46,0.54,8.06,1.55,0.38,0.01554,0.00029,0.01207,0.01225,0.137,0.00131,0.00012,8.00E-05,0.0011866,0,,3.73E-06,0.00031,3.00E-05,3.00E-05,0.00027,0.0001,9.10E-05,0.04909
BD_original,E039,Mango ripe kesar,Aam (paka),পাকা আমের কেশরী,Fruits,55.2,85.07,0.54,0.57,9,2.02,0.44,0.01574,0.00043,0.01253,0.01236,0.143,0.00143,0.0001,7.00E-05,0.00127096,0,,3.68E-06,0.00026,3.00E-05,4.00E-05,0.00026,0.0001,9.04E-05,0.02908
BD_original,E040,Mango ripe neelam,Aam (paka),নিলাম আম (পাকা),Fruits,42.5,88.41,0.68,0.55,7.94,1.77,0.38,0.01136,0.00036,0.0101,0.01163,0.137,0.0012,7.00E-05,8.00E-05,0.00129351,0,,3.72E-06,0.00029,3.00E-05,4.00E-05,0.00023,0.00012,6.87E-05,0.02993
BD_original,E041,Mango ripe paheri,Aam (paka),পাহাড়ি আম (পাকা),Fruits,44.9,87.69,0.68,0.58,8.48,1.97,0.42,0.01511,0.00051,0.01428,0.01518,0.153,0.00163,0.0002,0.00011,0.00106349,0,,3.62E-06,0.00037,3.00E-05,4.00E-05,0.00028,0.00023,6.53E-05,0.03075
BD_original,E044,Manila tamarind,Jilapi,জিলিপি ফল (খই বাবলা),Fruits,81.7,74.54,3.56,1.14,12.63,4.4,2.82,0.00851,0.00071,0.03298,0.07353,0.376,0.00135,0.00056,0.00022,2.20E-06,0,,0,0.00038,0.00018,0.00014,0.0004,4.00E-05,4.24E-06,0.05578
BD_original,E045,Musk melon,Kharamuja,বাঙ্গি বা খরমুজ,Fruits,23.2,92.97,0.42,0.35,2.99,1.51,0.52,0.0098,0.00018,0.01162,0.01728,0.206,0.01494,9.00E-05,3.00E-05,0.000771,0,,4.41E-06,1.00E-05,1.00E-05,1.00E-05,0.00041,5.00E-05,2.23E-05,0.02276
BD_original,E048,Palm fruit tender,"Palm fruit, tender",তালের শাঁস,Fruits,24.1,91.93,0.5,0.12,1.03,2.4,0.13,0,0,0,0,0.158,0.00125,5.00E-05,0,0,0,,0,2.00E-05,1.00E-05,0.00046,0,7.00E-05,2.44E-05,0.00025
BD_original,E049,Papaya ripe,Pepe (paka),পাকা পেঁপে,Fruits,23.9,91.47,0.42,0.16,4.09,2.83,0.51,0.01502,0.00023,0.01097,0.01773,0.173,0.00668,8.00E-05,4.00E-05,0.001342,0,,1.15E-05,4.00E-05,3.00E-05,0.00011,0.00033,4.00E-05,6.09E-05,0.04309
BD_original,E050,Peach,Nashpati,নাশপাতি,Fruits,40.2,88.31,0.86,0.37,6.95,2.13,0.51,0.00698,0.00035,0.00806,0.01908,0.281,0.00115,0.0001,8.00E-05,0,0,,2.41E-06,2.00E-05,2.00E-05,2.00E-05,0.00029,0.0001,6.34E-06,0.00549
BD_original,E051,Pear,Nashpati,নাশপাতি,Fruits,37.5,86.49,0.36,0.27,7.39,4.48,0.32,0.00655,0.00028,0.00761,0.00674,0.106,0.00164,7.00E-05,8.00E-05,1.46E-05,0,,1.48E-06,0.0003,2.00E-05,2.00E-05,0.00013,9.00E-05,5.28E-06,0.00331
BD_original,E052,Phalsa,Falsa,ফলসা,Fruits,71.5,77.48,1.66,0.14,13.75,4.54,1.09,0.153,0.00201,0.07692,0.02365,0.362,0.00199,0.00048,0.00024,7.39E-06,0,,1.34E-06,0.00093,3.00E-05,6.00E-05,0.0004,3.00E-05,2.26E-05,0.00511
BD_original,E053,Pineapple,Anarasa,আনারস,Fruits,43,86.06,0.52,0.16,8.56,3.46,0.38,0.01088,0.00028,0.01268,0.01356,0.143,0.00143,0.0001,7.00E-05,3.12E-05,0,,2.10E-07,0.00045,5.00E-05,3.00E-05,0.00012,0.00013,1.82E-05,0.03637
BD_original,E054,Plum,Alubokhara,বরই,Fruits,56.9,84.44,0.64,0.4,10.13,2.07,0.35,0.00761,0.00025,0.00779,0.01383,0.162,0.00155,0.0001,0.00041,1.32E-06,0,,3.32E-06,0.0005,2.00E-05,2.00E-05,0.00044,5.00E-05,1.43E-05,0.00226
BD_original,E055,Pomegranate maroon seeds,Bedana,বেদানার দানা,Fruits,54.7,83.55,1.33,0.15,10.87,2.83,0.57,0.01065,0.00031,0.01107,0.0272,0.206,0.00213,0.00018,0.00013,2.05E-06,0,,0.000109,3.00E-05,6.00E-05,1.00E-05,0.0002,0.00029,3.86E-05,0.01269
BD_original,E056,Pummelo,Batabilembu,বাতাবি লেবু বা জাম্বুরা,Fruits,50.2,86.97,0.68,0.42,4.85,0.8,0.49,0.01403,6.00E-05,0.00683,0.01399,0.189,0.00106,6.00E-05,3.00E-05,1.20E-05,0,,9.80E-07,0.0005,6.00E-05,2.00E-05,0.00023,4.00E-05,1.34E-05,0.04889
BD_original,E057,Raisins dried black,kishmish,কালো কিসমিস,Fruits,305.7,19.69,2.57,0.34,62.8,3.92,2.19,0.07324,0.00681,0.03376,0.07762,1.105,0.01099,0.00022,0.00047,3.71E-06,0,,1.76E-06,2.00E-05,9.00E-05,4.00E-05,0.00048,0.00017,3.83E-05,0.00205
BD_original,E058,Raisins dried golden,Kishmish,কিসমিস,Fruits,296.6,21.5,2.76,0.35,58.17,4.56,2.04,0.05183,0.00426,0.02832,0.0933,0.913,0.01016,0.00025,0.00039,2.53E-06,0,,1.19E-05,2.00E-05,9.00E-05,4.00E-05,0.00064,0.00017,3.47E-05,0.00185
BD_original,E059,Rambutan,Rambutan,বিদেশি লিচু বা রামবুটান,Fruits,73.1,80.87,0.68,0.16,15.8,1.02,0.43,0.00867,0.00037,0.02138,0.00698,0.131,0.00175,0.00053,8.00E-05,2.90E-06,0,,2.40E-06,8.00E-05,0.00011,1.00E-05,0.00026,4.00E-05,7.35E-06,0.065
BD_original,E060,Sapota,Sapota,সফেদা বা সবেদা,Fruits,73.4,73.64,0.92,1.26,12.3,9.6,0.68,0.01787,0.00049,0.01619,0.02226,0.28,0.00461,0.00018,7.00E-05,8.07E-05,0,,6.50E-07,0.00025,1.00E-05,3.00E-05,0.00024,0.00012,1.08E-05,0.02096
BD_original,E061,Soursop,Soursop,হানিফল,Fruits,62.1,80.85,0.74,0.94,9.95,4.95,0.58,0.01005,0.00029,0.0177,0.02583,0.264,0.00678,0.00012,0.00014,2.20E-06,0,,3.24E-06,6.00E-05,3.00E-05,4.00E-05,0.00085,3.00E-05,6.09E-06,0.05954
BD_original,E062,Star fruit,Star fruit,কামরাঙা,Fruits,26.3,91.18,0.79,0.39,3.95,2.81,0.33,0.00497,0.00045,0.01153,0.01167,0.159,0.00156,0.00024,7.00E-05,1.40E-06,0,,9.60E-07,0.0004,8.00E-05,2.00E-05,0.00034,6.00E-05,8.43E-06,0.03355
BD_original,E063,Strawberry,Strawberry,স্ট্রবেরি,Fruits,24.6,92.03,0.97,0.56,3.66,2.5,0.54,0.01528,0.00036,0.01553,0.02631,0.14,0.00119,0.00014,7.00E-05,2.19E-06,0,,3.95E-06,0.00026,6.00E-05,1.00E-05,0.00048,9.00E-05,8.91E-06,0.0502
BD_original,E064,Tamarind pulp,Tetul,তেঁতুল,Fruits,288.5,20.83,2.92,0.15,52.88,5.31,3.44,0.149,0.00916,0.08273,0.113,0.836,0.02492,0.00058,0.0005,1.54E-06,0,,2.57E-05,0.0001,0.00034,7.00E-05,0.00156,8.00E-05,9.79E-06,0.00362
BD_original,E065,Watermelon dark green (sugar baby),Tarmuj,কালো তরমুজ,Fruits,20.3,94.54,0.6,0.16,3.66,0.7,0.13,0.00529,0.00022,0.00991,0.01133,0.124,0.00189,0.0001,4.00E-05,0.000605,0,,5.60E-07,4.00E-05,2.00E-05,2.00E-05,0.00028,0.0001,5.88E-06,0.01326
BD_original,E066,Watermelon pale green,Tarmuj,তরমুজ,Fruits,16.7,95.33,0.59,0.16,3,0.78,0.12,0.00435,0.00016,0.00742,0.00809,0.126,0.00162,7.00E-05,3.00E-05,0.000576,0,,5.60E-07,5.00E-05,2.00E-05,2.00E-05,0.0003,7.00E-05,5.55E-06,0.01145
BD_original,E067,Wood apple,Koyeth Bael,কয়েতবেল বা কৎবেল,Fruits,78.2,79.36,3.14,3.62,6.6,5.21,1.15,0.05571,0.00045,0.0237,0.08432,0.347,0.00148,0.00031,0.0002,3.81E-06,0,,2.87E-05,7.00E-05,4.00E-05,1.00E-05,0.00055,0.00017,6.51E-06,0.02217
BD_original,E068,Zizyphus,Kula,কুল বরই,Fruits,48.8,84.39,1.34,0.35,8.29,3.73,0.8,0.04655,0.0004,0.01672,0.03238,0.237,0.00152,0.0001,0.00012,1.50E-06,0,,1.67E-05,2.00E-05,1.00E-05,2.00E-05,0.00033,0.00011,5.99E-06,0.06093
BD_original,F001,Beetroot,Beet,বিটরুট,Roots and Tubers,35.6,86.95,1.95,0.14,6.04,3.31,1.46,0.01728,0.00076,0.03321,0.03633,0.306,0.06944,0.0003,0.00012,1.01E-05,0,,1.80E-07,9.00E-05,1.00E-05,1.00E-05,0.00021,7.00E-05,9.74E-05,0.00526
BD_original,F002,Carrot orange,Gajar,কমলা গাজর,Roots and Tubers,33.2,87.69,0.95,0.47,4.48,4.18,1.16,0.03509,0.0006,0.01673,0.04306,0.273,0.05233,0.00025,8.00E-05,0.008077,0,,1.36E-06,0.00021,4.00E-05,3.00E-05,0.00022,0.00011,2.40E-05,0.00622
BD_original,F003,Carrot red,Gajar,লাল গাজর,Roots and Tubers,38.2,86.07,1.04,0.47,5.35,4.49,1.22,0.04106,0.00071,0.01883,0.02581,0.267,0.06069,0.00034,0.0001,0.003834,0,,1.39E-06,0.00022,4.00E-05,3.00E-05,0.00025,7.00E-05,2.37E-05,0.00676
BD_original,F004,Colocasia,Kochu,কচু,Roots and Tubers,88.9,73.49,3.31,0.17,14.78,3.22,1.95,0.03018,0.00066,0.03693,0.08116,0.514,0.00454,0.00041,0.0003,6.50E-06,0,,2.70E-07,0.00033,6.00E-05,3.00E-05,0.00051,0.00017,1.99E-05,0.00183
BD_original,F005,Lotus root,Lotus root,লোটাস মূল,Roots and Tubers,79.3,76.26,1.94,0.93,13.46,4.7,1.5,0.03771,0.00334,0.02658,0.0743,0.611,0.02063,0.00035,0.00022,0,0,,2.70E-07,0.00073,7.00E-05,5.00E-05,0.00043,0.00019,2.65E-05,0.02663
BD_original,F006,Potato brown skin big,Gal alu,গোল আলু,Roots and Tubers,69.8,80.72,1.54,0.23,11.79,1.71,0.92,0.00952,0.00057,0.02407,0.04342,0.541,0.00411,0.00028,9.00E-05,0,0,,1.90E-07,6.00E-05,6.00E-05,1.00E-05,0.00104,0.0001,1.55E-05,0.02315
BD_original,F007,Potato brown skin small,Gal alu,ছোট আলু,Roots and Tubers,60.9,82.97,1.35,0.22,10.73,1.69,0.87,0.00853,0.00053,0.02234,0.0379,0.474,0.00397,0.00038,0.00014,0,0,,2.20E-07,7.00E-05,5.00E-05,1.00E-05,0.00136,0.00012,1.39E-05,0.02641
BD_original,F008,Potato red skin,Gal alu,লাল কুপরী আলু,Roots and Tubers,73.1,79.72,1.83,0.22,13.46,1.68,1.13,0.00862,0.00066,0.02554,0.03039,0.501,0.00436,0.00034,0.00015,0,0,,2.00E-07,6.00E-05,6.00E-05,1.00E-05,0.00113,0.0001,1.78E-05,0.02504
BD_original,F009,Radish elongate red skin,Mula,লাল মূলা,Roots and Tubers,32,89.32,0.67,0.13,1.56,2.46,0.73,0.02844,0.00037,0.01334,0.02751,0.255,0.02473,0.00016,3.00E-05,1.62E-06,0,,4.00E-08,1.00E-05,3.00E-05,2.00E-05,0.00031,7.00E-05,2.47E-05,0.01763
BD_original,F010,Radish elongate white skin,Mula,লম্বা মুলো,Roots and Tubers,32.3,89.05,0.77,0.15,1.54,2.65,0.82,0.0302,0.00036,0.01607,0.0301,0.288,0.0282,0.00022,3.00E-05,0,0,,5.00E-08,1.00E-05,2.00E-05,2.00E-05,0.0003,7.00E-05,2.98E-05,0.01991
BD_original,F012,Radish round white skin,Mula,মুলো,Roots and Tubers,30.8,89.76,0.8,0.14,1.46,2.37,0.8,0.03423,0.00041,0.01546,0.02947,0.287,0.02414,0.00017,4.00E-05,0,0,,4.00E-08,1.00E-05,3.00E-05,2.00E-05,0.00024,7.00E-05,2.26E-05,0.014
BD_original,F013,Sweet potato brown skin,Ranga alu,বাদামী মিষ্টি আলু,Roots and Tubers,109,69.21,1.33,0.26,22.45,3.99,0.96,0.0275,0.00035,0.01737,0.04296,0.345,0.0296,0.00016,0.00017,0.005376,0,,1.26E-06,1.00E-05,7.00E-05,4.00E-05,0.00067,0.00012,1.56E-05,0.01794
BD_original,F014,Sweet potato pink skin,Ranga alu,লাল মিষ্টি আলু,Roots and Tubers,108,69.58,1.27,0.33,23.91,3.94,0.95,0.02893,0.00051,0.02105,0.0376,0.329,0.02904,0.00014,0.00015,1.11E-05,0,,1.64E-06,1.00E-05,6.00E-05,4.00E-05,0.00069,9.00E-05,1.44E-05,0.0222
BD_original,F015,Tapioca,Simla alu,সাগু দানা,Roots and Tubers,79.8,75.23,1.03,0.2,17.5,4.61,1.12,0.02589,0.00081,0.02308,0.04255,0.255,0.01086,0.00017,0.00019,0,0,,1.30E-07,0.00019,7.00E-05,2.00E-05,0.00045,9.00E-05,2.56E-05,0.01551
BD_original,F016,Water Chestnut,Pani phal,পানি ফল,Roots and Tubers,95.6,73.34,0.86,0.37,17.88,3.02,0.95,0.03715,0.00077,0.05743,0.06283,0.382,0.01308,0.00067,0.00019,0,0,,1.20E-06,9.00E-05,2.00E-05,2.00E-05,0.00074,0.00013,9.80E-06,0.00526
BD_original,F017,Yam elephant,Ol,ওল কচু,Roots and Tubers,84.4,74.39,2.56,0.14,15.94,4.17,1.29,0.04691,0.00122,0.03351,0.04306,0.501,0.01433,0.00026,0.00017,0.00020832,0,,1.30E-06,0.00034,4.00E-05,5.00E-05,0.00061,0.00022,2.05E-05,0.01522
BD_original,F018,Yam ordinary,Gherkochoo,মেটে আলু,Roots and Tubers,83.4,74.28,2.18,0.17,16.09,4.08,1.64,0.01619,0.00077,0.0304,0.04946,0.463,0.01528,0.00033,0.00023,0.000158,0,,2.30E-07,0.00039,4.00E-05,2.00E-05,0.00056,0.00017,1.57E-05,0.01388
BD_original,F019,Yam wild,Ranga alu,বন আলু,Roots and Tubers,102.8,69.35,3.07,0.3,16.89,4.57,1.76,0.04413,0.00104,0.03175,0.05594,0.654,0.0128,0.00031,0.00021,0.00023895,0,,1.18E-06,0.00053,0.000121,1.50E-05,0.0007,0.0002,2.10E-05,0.01406