food_code,food_name_en,food_name_bn,food_group,meal_slots,role,pairs_with_groups,compatibility_score,notes
10_0001,"Beef liver, raw",গরুর কলিজা,Animal Meat,"lunch,dinner",main,Cereals and Millets|Grain Legumes|Other Vegetables|Roots and Tubers|Spices and Condiments|Edible Oils and Fats,0.9,Meat curry served with rice. Beef/mutton/goat preferred at lunch or dinner. Not typical at breakfast.
10_0002,"Beef, meat, lean, boneless, raw",হাড় ও চর্বি ছাড়া গরুর মাংস,Animal Meat,"lunch,dinner",main,Cereals and Millets|Grain Legumes|Other Vegetables|Roots and Tubers|Spices and Condiments|Edible Oils and Fats,0.88,Beef (goru mangsho) — popular at special occasions and Eid. Rich curry served with rice or roti.
10_0003,"Beef, meat, 15-20% fat, boneless, raw",হাড় ছাড়া গরুর মাংস,Animal Meat,"lunch,dinner",main,Cereals and Millets|Grain Legumes|Other Vegetables|Roots and Tubers|Spices and Condiments|Edible Oils and Fats,0.9,Meat curry served with rice. Beef/mutton/goat preferred at lunch or dinner. Not typical at breakfast.
10_0004,"Beef, mince, lean, raw",গরুর মাংসের কিমা,Animal Meat,"lunch,dinner",main,Cereals and Millets|Grain Legumes|Other Vegetables|Roots and Tubers|Spices and Condiments|Edible Oils and Fats,0.9,Meat curry served with rice. Beef/mutton/goat preferred at lunch or dinner. Not typical at breakfast.
10_0005,"Buffalo meat, raw",মহিষের মাংস,Animal Meat,"lunch,dinner",main,Cereals and Millets|Grain Legumes|Other Vegetables|Roots and Tubers|Spices and Condiments|Edible Oils and Fats,0.9,Meat curry served with rice. Beef/mutton/goat preferred at lunch or dinner. Not typical at breakfast.
10_0006,"Chicken breast, without skin, raw",মুরগির (বুকের) মাংস,Animal Meat,"lunch,dinner",main,Cereals and Millets|Grain Legumes|Other Vegetables|Roots and Tubers|Spices and Condiments|Edible Oils and Fats,0.9,Meat curry served with rice. Beef/mutton/goat preferred at lunch or dinner. Not typical at breakfast.
10_0007,"Chicken leg, without skin, raw",মুরগির (রানের) মাংস,Animal Meat,"lunch,dinner",main,Cereals and Millets|Grain Legumes|Other Vegetables|Roots and Tubers|Spices and Condiments|Edible Oils and Fats,0.9,Meat curry served with rice. Beef/mutton/goat preferred at lunch or dinner. Not typical at breakfast.
10_0008,"Chicken liver, raw",মুরগির কলিজা,Animal Meat,"lunch,dinner",main,Cereals and Millets|Grain Legumes|Other Vegetables|Roots and Tubers|Spices and Condiments|Edible Oils and Fats,0.9,Meat curry served with rice. Beef/mutton/goat preferred at lunch or dinner. Not typical at breakfast.
10_0009,"Duck, meat, raw",হাঁসের মাংস,Animal Meat,"lunch,dinner",main,Cereals and Millets|Grain Legumes|Other Vegetables|Roots and Tubers|Spices and Condiments|Edible Oils and Fats,0.9,Meat curry served with rice. Beef/mutton/goat preferred at lunch or dinner. Not typical at breakfast.
10_0010,"Frog, legs, raw",ব্যাঙ,Animal Meat,"lunch,dinner",main,Cereals and Millets|Grain Legumes|Other Vegetables|Roots and Tubers|Spices and Condiments|Edible Oils and Fats,0.9,Meat curry served with rice. Beef/mutton/goat preferred at lunch or dinner. Not typical at breakfast.
10_0011,"Goat meat, lean, raw",খাসির মাংস,Animal Meat,"lunch,dinner",main,Cereals and Millets|Grain Legumes|Other Vegetables|Roots and Tubers|Spices and Condiments|Edible Oils and Fats,0.9,Meat curry served with rice. Beef/mutton/goat preferred at lunch or dinner. Not typical at breakfast.
10_0012,"Lamb/mutton, meat, moderately fat, raw",ভেড়ার মাংস,Animal Meat,"lunch,dinner",main,Cereals and Millets|Grain Legumes|Other Vegetables|Roots and Tubers|Spices and Condiments|Edible Oils and Fats,0.9,Meat curry served with rice. Beef/mutton/goat preferred at lunch or dinner. Not typical at breakfast.
10_0013,"Lamb/Mutton, liver, raw",ভেড়ার কলিজা,Animal Meat,"lunch,dinner",main,Cereals and Millets|Grain Legumes|Other Vegetables|Roots and Tubers|Spices and Condiments|Edible Oils and Fats,0.9,Meat curry served with rice. Beef/mutton/goat preferred at lunch or dinner. Not typical at breakfast.
10_0014,"Pigeon meat, raw",কবুতরের মাংস,Animal Meat,"lunch,dinner",main,Cereals and Millets|Grain Legumes|Other Vegetables|Roots and Tubers|Spices and Condiments|Edible Oils and Fats,0.9,Meat curry served with rice. Beef/mutton/goat preferred at lunch or dinner. Not typical at breakfast.
10_0015,"Pork, meat, <5 % fat, raw",শুয়োরের মাংস,Animal Meat,"lunch,dinner",main,Cereals and Millets|Grain Legumes|Other Vegetables|Roots and Tubers|Spices and Condiments|Edible Oils and Fats,0.9,Meat curry served with rice. Beef/mutton/goat preferred at lunch or dinner. Not typical at breakfast.
10_0016,Beef handi kabab,হাঁড়ি কাবাব (গরু),Animal Meat,"lunch,dinner",main,Cereals and Millets|Grain Legumes|Other Vegetables|Roots and Tubers|Spices and Condiments|Edible Oils and Fats,0.9,Meat curry served with rice. Beef/mutton/goat preferred at lunch or dinner. Not typical at breakfast.
O001,"Goat, shoulder, meat",খাসির কাঁধ,Animal Meat,"lunch,dinner",main,Cereals and Millets|Grain Legumes|Other Vegetables|Roots and Tubers|Spices and Condiments|Edible Oils and Fats,0.9,Meat curry served with rice. Beef/mutton/goat preferred at lunch or dinner. Not typical at breakfast.
O002,"Goat, chops",খাসির চাপ,Animal Meat,"lunch,dinner",main,Cereals and Millets|Grain Legumes|Other Vegetables|Roots and Tubers|Spices and Condiments|Edible Oils and Fats,0.9,Meat curry served with rice. Beef/mutton/goat preferred at lunch or dinner. Not typical at breakfast.
O003,"Goat, legs",খাসির পা,Animal Meat,"lunch,dinner",main,Cereals and Millets|Grain Legumes|Other Vegetables|Roots and Tubers|Spices and Condiments|Edible Oils and Fats,0.9,Meat curry served with rice. Beef/mutton/goat preferred at lunch or dinner. Not typical at breakfast.
O004,"Goat, brain",খাসির মগজ,Animal Meat,"lunch,dinner",main,Cereals and Millets|Grain Legumes|Other Vegetables|Roots and Tubers|Spices and Condiments|Edible Oils and Fats,0.9,Meat curry served with rice. Beef/mutton/goat preferred at lunch or dinner. Not typical at breakfast.
O008,"Goat, liver",খাসির কলিজা,Animal Meat,"lunch,dinner",main,Cereals and Millets|Grain Legumes|Other Vegetables|Roots and Tubers|Spices and Condiments|Edible Oils and Fats,0.9,Meat curry served with rice. Beef/mutton/goat preferred at lunch or dinner. Not typical at breakfast.
O009,"Goat, tripe",খাসির ভুরি,Animal Meat,"lunch,dinner",main,Cereals and Millets|Grain Legumes|Other Vegetables|Roots and Tubers|Spices and Condiments|Edible Oils and Fats,0.9,Meat curry served with rice. Beef/mutton/goat preferred at lunch or dinner. Not typical at breakfast.
O014,"Sheep, shoulder",ভেড়ার কাঁধ,Animal Meat,"lunch,dinner",main,Cereals and Millets|Grain Legumes|Other Vegetables|Roots and Tubers|Spices and Condiments|Edible Oils and Fats,0.9,Meat curry served with rice. Beef/mutton/goat preferred at lunch or dinner. Not typical at breakfast.
O015,"Sheep, chops",ভেড়ার চাপ,Animal Meat,"lunch,dinner",main,Cereals and Millets|Grain Legumes|Other Vegetables|Roots and Tubers|Spices and Condiments|Edible Oils and Fats,0.9,Meat curry served with rice. Beef/mutton/goat preferred at lunch or dinner. Not typical at breakfast.
O016,"Sheep, leg",ভেড়ার পা,Animal Meat,"lunch,dinner",main,Cereals and Millets|Grain Legumes|Other Vegetables|Roots and Tubers|Spices and Condiments|Edible Oils and Fats,0.9,Meat curry served with rice. Beef/mutton/goat preferred at lunch or dinner. Not typical at breakfast.
O017,"Sheep, brain",ভেড়ার মগজ,Animal Meat,"lunch,dinner",main,Cereals and Millets|Grain Legumes|Other Vegetables|Roots and Tubers|Spices and Condiments|Edible Oils and Fats,0.9,Meat curry served with rice. Beef/mutton/goat preferred at lunch or dinner. Not typical at breakfast.
O021,"Sheep, liver",ভেড়ার কলিজা,Animal Meat,"lunch,dinner",main,Cereals and Millets|Grain Legumes|Other Vegetables|Roots and Tubers|Spices and Condiments|Edible Oils and Fats,0.9,Meat curry served with rice. Beef/mutton/goat preferred at lunch or dinner. Not typical at breakfast.
O022,"Sheep, tripe",ভেড়ার ভুঁড়ি,Animal Meat,"lunch,dinner",main,Cereals and Millets|Grain Legumes|Other Vegetables|Roots and Tubers|Spices and Condiments|Edible Oils and Fats,0.9,Meat curry served with rice. Beef/mutton/goat preferred at lunch or dinner. Not typical at breakfast.
O025,"Beef, shoulder",গরুর কাঁধ,Animal Meat,"lunch,dinner",main,Cereals and Millets|Grain Legumes|Other Vegetables|Roots and Tubers|Spices and Condiments|Edible Oils and Fats,0.9,Meat curry served with rice. Beef/mutton/goat preferred at lunch or dinner. Not typical at breakfast.
O026,"Beef, chops",গরুর চাপ,Animal Meat,"lunch,dinner",main,Cereals and Millets|Grain Legumes|Other Vegetables|Roots and Tubers|Spices and Condiments|Edible Oils and Fats,0.9,Meat curry served with rice. Beef/mutton/goat preferred at lunch or dinner. Not typical at breakfast.
O027,"Beef, round (leg)",গরুর রন,Animal Meat,"lunch,dinner",main,Cereals and Millets|Grain Legumes|Other Vegetables|Roots and Tubers|Spices and Condiments|Edible Oils and Fats,0.9,Meat curry served with rice. Beef/mutton/goat preferred at lunch or dinner. Not typical at breakfast.
O028,"Beef, brain",গরুর মগজ,Animal Meat,"lunch,dinner",main,Cereals and Millets|Grain Legumes|Other Vegetables|Roots and Tubers|Spices and Condiments|Edible Oils and Fats,0.9,Meat curry served with rice. Beef/mutton/goat preferred at lunch or dinner. Not typical at breakfast.
O032,"Beef, liver",গরুর কলিজা,Animal Meat,"lunch,dinner",main,Cereals and Millets|Grain Legumes|Other Vegetables|Roots and Tubers|Spices and Condiments|Edible Oils and Fats,0.9,Meat curry served with rice. Beef/mutton/goat preferred at lunch or dinner. Not typical at breakfast.
O033,"Beef, tripe",গরুর ভুরি,Animal Meat,"lunch,dinner",main,Cereals and Millets|Grain Legumes|Other Vegetables|Roots and Tubers|Spices and Condiments|Edible Oils and Fats,0.9,Meat curry served with rice. Beef/mutton/goat preferred at lunch or dinner. Not typical at breakfast.
14_0002,"Coffee infusion (instant with sugar and milk powder, whole fat)",মিল্ক কফি,Beverages,"breakfast,snack",supplementary,Cereals and Millets|Milk and Milk Products|Nuts and Oil Seeds,0.5,"Tea, coffee, soft drinks. Supplementary beverages consumed at breakfast or as snacks."
14_0003,"Coffee, powder",কফি,Beverages,"breakfast,snack",supplementary,Cereals and Millets|Milk and Milk Products|Nuts and Oil Seeds,0.5,"Tea, coffee, soft drinks. Supplementary beverages consumed at breakfast or as snacks."
14_0004,"Soft drinks, carbonated",কোমল পানীয়,Beverages,"breakfast,snack",supplementary,Cereals and Millets|Milk and Milk Products|Nuts and Oil Seeds,0.5,"Tea, coffee, soft drinks. Supplementary beverages consumed at breakfast or as snacks."
14_0005,Soya milk (not sweetened),সয়া দুধ,Beverages,"breakfast,snack",supplementary,Cereals and Millets|Milk and Milk Products|Nuts and Oil Seeds,0.5,"Tea, coffee, soft drinks. Supplementary beverages consumed at breakfast or as snacks."
14_0007,"Tea infusion (with sugar and milk powder, whole fat)",দুধ চা,Beverages,"breakfast,snack",supplementary,Cereals and Millets|Milk and Milk Products|Nuts and Oil Seeds,0.7,"Tea (cha) — the national beverage. Pairs with biscuits, roti, and puffed rice as a snack."
14_0008,"Tea, infusion (with sugar)",রং চা বা লাল চা,Beverages,"breakfast,snack",supplementary,Cereals and Millets|Milk and Milk Products|Nuts and Oil Seeds,0.5,"Tea, coffee, soft drinks. Supplementary beverages consumed at breakfast or as snacks."
14_0010,"Water, drinking",খাবার পানি,Beverages,"breakfast,snack",supplementary,Cereals and Millets|Milk and Milk Products|Nuts and Oil Seeds,0.5,"Tea, coffee, soft drinks. Supplementary beverages consumed at breakfast or as snacks."
01_0001,whole-grain Barley,বার্লি গোটা শস্য কাঁচা,Cereals and Millets,"breakfast,lunch,dinner",staple,Grain Legumes|Animal Meat|Poultry|Marine Fish|Fresh Water Fish and Shellfish|Green Leafy Vegetables|Other Vegetables|Roots and Tubers|Egg and Egg Products|Milk and Milk Products|Spices and Condiments,1.0,Core staple. Rice/roti is the base of every Bangladeshi meal. Pairs with almost everything.
01_0002,"Bread, bun/roll",রুটি/রোল,Cereals and Millets,"breakfast,dinner",staple,Grain Legumes|Animal Meat|Poultry|Marine Fish|Fresh Water Fish and Shellfish|Green Leafy Vegetables|Other Vegetables|Roots and Tubers|Egg and Egg Products|Milk and Milk Products|Spices and Condiments,0.95,"Bread/roti — breakfast staple. Pairs with egg, dal, vegetables, and milk."
01_0003,"Bread, white, for toasting",পাউরুটি,Cereals and Millets,"breakfast,lunch,dinner",staple,Grain Legumes|Animal Meat|Poultry|Marine Fish|Fresh Water Fish and Shellfish|Green Leafy Vegetables|Other Vegetables|Roots and Tubers|Egg and Egg Products|Milk and Milk Products|Spices and Condiments,1.0,Core staple. Rice/roti is the base of every Bangladeshi meal. Pairs with almost everything.
01_0006,"Millet, Foxtail, raw",কাওন বা কাউন চাল,Cereals and Millets,"breakfast,lunch,dinner",staple,Grain Legumes|Animal Meat|Poultry|Marine Fish|Fresh Water Fish and Shellfish|Green Leafy Vegetables|Other Vegetables|Roots and Tubers|Egg and Egg Products|Milk and Milk Products|Spices and Condiments,1.0,Core staple. Rice/roti is the base of every Bangladeshi meal. Pairs with almost everything.
01_0008,"Pear millet, whole-grain, raw",বাজরা,Cereals and Millets,"breakfast,lunch,dinner",staple,Grain Legumes|Animal Meat|Poultry|Marine Fish|Fresh Water Fish and Shellfish|Green Leafy Vegetables|Other Vegetables|Roots and Tubers|Egg and Egg Products|Milk and Milk Products|Spices and Condiments,1.0,Core staple. Rice/roti is the base of every Bangladeshi meal. Pairs with almost everything.
01_0009,"Popcorn, maize (salt added)",পপকর্ন,Cereals and Millets,"breakfast,lunch,dinner",staple,Grain Legumes|Animal Meat|Poultry|Marine Fish|Fresh Water Fish and Shellfish|Green Leafy Vegetables|Other Vegetables|Roots and Tubers|Egg and Egg Products|Milk and Milk Products|Spices and Condiments,1.0,Core staple. Rice/roti is the base of every Bangladeshi meal. Pairs with almost everything.
01_0010,Rice flaked,চিড়া,Cereals and Millets,"breakfast,lunch,dinner",staple,Grain Legumes|Animal Meat|Poultry|Marine Fish|Fresh Water Fish and Shellfish|Green Leafy Vegetables|Other Vegetables|Roots and Tubers|Egg and Egg Products|Milk and Milk Products|Spices and Condiments,1.0,Core staple. Rice/roti is the base of every Bangladeshi meal. Pairs with almost everything.
01_0011,"Rice flakes, white grain, water-soaked",চিড়া ভিজে,Cereals and Millets,"breakfast,lunch,dinner",staple,Grain Legumes|Animal Meat|Poultry|Marine Fish|Fresh Water Fish and Shellfish|Green Leafy Vegetables|Other Vegetables|Roots and Tubers|Egg and Egg Products|Milk and Milk Products|Spices and Condiments,1.0,Core staple. Rice/roti is the base of every Bangladeshi meal. Pairs with almost everything.
01_0013,"Rice, BR-11, parboiled, milled, raw",ভাত (বিআর-১১),Cereals and Millets,"breakfast,lunch,dinner",staple,Grain Legumes|Animal Meat|Poultry|Marine Fish|Fresh Water Fish and Shellfish|Green Leafy Vegetables|Other Vegetables|Roots and Tubers|Egg and Egg Products|Milk and Milk Products|Spices and Condiments,1.0,Core staple. Rice/roti is the base of every Bangladeshi meal. Pairs with almost everything.
01_0014,"Rice, BR-16, parboiled, milled, raw",ভাত (বিআর-১৬),Cereals and Millets,"breakfast,lunch,dinner",staple,Grain Legumes|Animal Meat|Poultry|Marine Fish|Fresh Water Fish and Shellfish|Green Leafy Vegetables|Other Vegetables|Roots and Tubers|Egg and Egg Products|Milk and Milk Products|Spices and Condiments,1.0,Core staple. Rice/roti is the base of every Bangladeshi meal. Pairs with almost everything.
01_0015,"Rice, BR-26, parboiled, milled, raw",ভাত (বিআর-২৬),Cereals and Millets,"breakfast,lunch,dinner",staple,Grain Legumes|Animal Meat|Poultry|Marine Fish|Fresh Water Fish and Shellfish|Green Leafy Vegetables|Other Vegetables|Roots and Tubers|Egg and Egg Products|Milk and Milk Products|Spices and Condiments,1.0,Core staple. Rice/roti is the base of every Bangladeshi meal. Pairs with almost everything.
01_0016,"Rice, BR-3, parboiled, milled, raw",ভাত (বিআর-৩),Cereals and Millets,"breakfast,lunch,dinner",staple,Grain Legumes|Animal Meat|Poultry|Marine Fish|Fresh Water Fish and Shellfish|Green Leafy Vegetables|Other Vegetables|Roots and Tubers|Egg and Egg Products|Milk and Milk Products|Spices and Condiments,1.0,Core staple. Rice/roti is the base of every Bangladeshi meal. Pairs with almost everything.
01_0017,"Rice, BRRI Dhan-30, parboiled, milled, raw",ভাত (বিআরআরআই ধান-৩০),Cereals and Millets,"breakfast,lunch,dinner,snack",staple,Grain Legumes|Animal Meat|Poultry|Marine Fish|Fresh Water Fish and Shellfish|Green Leafy Vegetables|Other Vegetables|Roots and Tubers|Egg and Egg Products|Milk and Milk Products|Spices and Condiments,1.0,Plain cooked rice (ভাত) — the cornerstone of every Bangladeshi meal. Universal pairing.
01_0018,"Rice, BRRI Dhan-40, parboiled, milled, raw",ভাত (বিআরআরআই ধান-৪০),Cereals and Millets,"lunch,dinner",staple,Grain Legumes|Animal Meat|Poultry|Marine Fish|Fresh Water Fish and Shellfish|Green Leafy Vegetables|Other Vegetables|Roots and Tubers|Egg and Egg Products|Milk and Milk Products|Spices and Condiments,0.95,"Biriyani rice — festive preparation. Pairs with raita, salad, and meat."
01_0022,"Rice, popped",খই,Cereals and Millets,"breakfast,lunch,dinner",staple,Grain Legumes|Animal Meat|Poultry|Marine Fish|Fresh Water Fish and Shellfish|Green Leafy Vegetables|Other Vegetables|Roots and Tubers|Egg and Egg Products|Milk and Milk Products|Spices and Condiments,1.0,Core staple. Rice/roti is the base of every Bangladeshi meal. Pairs with almost everything.
01_0023,"Rice, puffed, salted",মুড়ি,Cereals and Millets,"breakfast,lunch,dinner",staple,Grain Legumes|Animal Meat|Poultry|Marine Fish|Fresh Water Fish and Shellfish|Green Leafy Vegetables|Other Vegetables|Roots and Tubers|Egg and Egg Products|Milk and Milk Products|Spices and Condiments,1.0,Core staple. Rice/roti is the base of every Bangladeshi meal. Pairs with almost everything.
01_0025,"Rice, white, sunned, polished, milled, raw",আতপ চাউলের ভাত,Cereals and Millets,"breakfast,lunch,dinner",staple,Grain Legumes|Animal Meat|Poultry|Marine Fish|Fresh Water Fish and Shellfish|Green Leafy Vegetables|Other Vegetables|Roots and Tubers|Egg and Egg Products|Milk and Milk Products|Spices and Condiments,1.0,Core staple. Rice/roti is the base of every Bangladeshi meal. Pairs with almost everything.
01_0026,"Semolina, wheat, raw",সুজি,Cereals and Millets,"breakfast,lunch,dinner",staple,Grain Legumes|Animal Meat|Poultry|Marine Fish|Fresh Water Fish and Shellfish|Green Leafy Vegetables|Other Vegetables|Roots and Tubers|Egg and Egg Products|Milk and Milk Products|Spices and Condiments,1.0,Core staple. Rice/roti is the base of every Bangladeshi meal. Pairs with almost everything.
01_0027,"Sorghum, raw",জোয়ার ধান বাজরা,Cereals and Millets,"breakfast,lunch,dinner",staple,Grain Legumes|Animal Meat|Poultry|Marine Fish|Fresh Water Fish and Shellfish|Green Leafy Vegetables|Other Vegetables|Roots and Tubers|Egg and Egg Products|Milk and Milk Products|Spices and Condiments,1.0,Core staple. Rice/roti is the base of every Bangladeshi meal. Pairs with almost everything.
01_0028,"Sweet corn, yellow, on the cob, raw",ভুট্টা,Cereals and Millets,"breakfast,lunch,dinner",staple,Grain Legumes|Animal Meat|Poultry|Marine Fish|Fresh Water Fish and Shellfish|Green Leafy Vegetables|Other Vegetables|Roots and Tubers|Egg and Egg Products|Milk and Milk Products|Spices and Condiments,1.0,Core staple. Rice/roti is the base of every Bangladeshi meal. Pairs with almost everything.
01_0029,"Vermicelli, wheat, raw",সেমাই,Cereals and Millets,"breakfast,lunch,dinner",staple,Grain Legumes|Animal Meat|Poultry|Marine Fish|Fresh Water Fish and Shellfish|Green Leafy Vegetables|Other Vegetables|Roots and Tubers|Egg and Egg Products|Milk and Milk Products|Spices and Condiments,1.0,Core staple. Rice/roti is the base of every Bangladeshi meal. Pairs with almost everything.
01_0032,"Wheat flour, white, refined",ময়দা,Cereals and Millets,"breakfast,lunch,dinner",staple,Grain Legumes|Animal Meat|Poultry|Marine Fish|Fresh Water Fish and Shellfish|Green Leafy Vegetables|Other Vegetables|Roots and Tubers|Egg and Egg Products|Milk and Milk Products|Spices and Condiments,1.0,Core staple. Rice/roti is the base of every Bangladeshi meal. Pairs with almost everything.
01_0033,"Wheat, whole, raw",গম,Cereals and Millets,"breakfast,lunch,dinner",staple,Grain Legumes|Animal Meat|Poultry|Marine Fish|Fresh Water Fish and Shellfish|Green Leafy Vegetables|Other Vegetables|Roots and Tubers|Egg and Egg Products|Milk and Milk Products|Spices and Condiments,1.0,Core staple. Rice/roti is the base of every Bangladeshi meal. Pairs with almost everything.
01_0034,"Biscuit, sweet",মিষ্টি বিস্কুট,Cereals and Millets,"breakfast,lunch,dinner",staple,Grain Legumes|Animal Meat|Poultry|Marine Fish|Fresh Water Fish and Shellfish|Green Leafy Vegetables|Other Vegetables|Roots and Tubers|Egg and Egg Products|Milk and Milk Products|Spices and Condiments,1.0,Core staple. Rice/roti is the base of every Bangladeshi meal. Pairs with almost everything.
01_0035,Plain Khichuri,খিচুড়ি,Cereals and Millets,"breakfast,lunch,dinner",staple,Grain Legumes|Animal Meat|Poultry|Marine Fish|Fresh Water Fish and Shellfish|Green Leafy Vegetables|Other Vegetables|Roots and Tubers|Egg and Egg Products|Milk and Milk Products|Spices and Condiments,1.0,Core staple. Rice/roti is the base of every Bangladeshi meal. Pairs with almost everything.
01_0036,Plain pulao,প্লেইন পোলাও,Cereals and Millets,"breakfast,lunch,dinner",staple,Grain Legumes|Animal Meat|Poultry|Marine Fish|Fresh Water Fish and Shellfish|Green Leafy Vegetables|Other Vegetables|Roots and Tubers|Egg and Egg Products|Milk and Milk Products|Spices and Condiments,1.0,Core staple. Rice/roti is the base of every Bangladeshi meal. Pairs with almost everything.
01_0037,"Rice, BR-28, boiled (without salt)",ভাত (বিআর-২৮),Cereals and Millets,"breakfast,lunch,dinner",staple,Grain Legumes|Animal Meat|Poultry|Marine Fish|Fresh Water Fish and Shellfish|Green Leafy Vegetables|Other Vegetables|Roots and Tubers|Egg and Egg Products|Milk and Milk Products|Spices and Condiments,1.0,Core staple. Rice/roti is the base of every Bangladeshi meal. Pairs with almost everything.
01_0038,"Rice, brown, home-pounded, boiled (without salt)",ভাত (ঢেঁকি ছাঁটা),Cereals and Millets,"breakfast,lunch,dinner",staple,Grain Legumes|Animal Meat|Poultry|Marine Fish|Fresh Water Fish and Shellfish|Green Leafy Vegetables|Other Vegetables|Roots and Tubers|Egg and Egg Products|Milk and Milk Products|Spices and Condiments,1.0,Core staple. Rice/roti is the base of every Bangladeshi meal. Pairs with almost everything.
01_0039,"Rice, brown, parboiled, milled, boiled (without salt)",ভাত (কোলেছাঁটা),Cereals and Millets,"breakfast,lunch,dinner",staple,Grain Legumes|Animal Meat|Poultry|Marine Fish|Fresh Water Fish and Shellfish|Green Leafy Vegetables|Other Vegetables|Roots and Tubers|Egg and Egg Products|Milk and Milk Products|Spices and Condiments,1.0,Core staple. Rice/roti is the base of every Bangladeshi meal. Pairs with almost everything.
01_0042,Ruti,রুটি,Cereals and Millets,"breakfast,lunch,dinner",staple,Grain Legumes|Animal Meat|Poultry|Marine Fish|Fresh Water Fish and Shellfish|Green Leafy Vegetables|Other Vegetables|Roots and Tubers|Egg and Egg Products|Milk and Milk Products|Spices and Condiments,1.0,Core staple. Rice/roti is the base of every Bangladeshi meal. Pairs with almost everything.
A015,Rice raw milled,আতপ চাল,Cereals and Millets,"breakfast,lunch,dinner",staple,Grain Legumes|Animal Meat|Poultry|Marine Fish|Fresh Water Fish and Shellfish|Green Leafy Vegetables|Other Vegetables|Roots and Tubers|Egg and Egg Products|Milk and Milk Products|Spices and Condiments,1.0,Core staple. Rice/roti is the base of every Bangladeshi meal. Pairs with almost everything.
A016,Samai,সেমাই,Cereals and Millets,"breakfast,lunch,dinner",staple,Grain Legumes|Animal Meat|Poultry|Marine Fish|Fresh Water Fish and Shellfish|Green Leafy Vegetables|Other Vegetables|Roots and Tubers|Egg and Egg Products|Milk and Milk Products|Spices and Condiments,1.0,Core staple. Rice/roti is the base of every Bangladeshi meal. Pairs with almost everything.
A018,Wheat flour refined,ময়দা,Cereals and Millets,"breakfast,lunch,dinner",staple,Grain Legumes|Animal Meat|Poultry|Marine Fish|Fresh Water Fish and Shellfish|Green Leafy Vegetables|Other Vegetables|Roots and Tubers|Egg and Egg Products|Milk and Milk Products|Spices and Condiments,1.0,Core staple. Rice/roti is the base of every Bangladeshi meal. Pairs with almost everything.
A019,Wheat flour atta,আটা,Cereals and Millets,"breakfast,lunch,dinner",staple,Grain Legumes|Animal Meat|Poultry|Marine Fish|Fresh Water Fish and Shellfish|Green Leafy Vegetables|Other Vegetables|Roots and Tubers|Egg and Egg Products|Milk and Milk Products|Spices and Condiments,1.0,Core staple. Rice/roti is the base of every Bangladeshi meal. Pairs with almost everything.
A020,Wheat whole,আস্ত গম,Cereals and Millets,"breakfast,lunch,dinner",staple,Grain Legumes|Animal Meat|Poultry|Marine Fish|Fresh Water Fish and Shellfish|Green Leafy Vegetables|Other Vegetables|Roots and Tubers|Egg and Egg Products|Milk and Milk Products|Spices and Condiments,1.0,Core staple. Rice/roti is the base of every Bangladeshi meal. Pairs with almost everything.
A022,Wheat semolina,সুজি,Cereals and Millets,"breakfast,lunch,dinner",staple,Grain Legumes|Animal Meat|Poultry|Marine Fish|Fresh Water Fish and Shellfish|Green Leafy Vegetables|Other Vegetables|Roots and Tubers|Egg and Egg Products|Milk and Milk Products|Spices and Condiments,1.0,Core staple. Rice/roti is the base of every Bangladeshi meal. Pairs with almost everything.
A023,Wheat vermicelli,সেমাই,Cereals and Millets,"breakfast,lunch,dinner",staple,Grain Legumes|Animal Meat|Poultry|Marine Fish|Fresh Water Fish and Shellfish|Green Leafy Vegetables|Other Vegetables|Roots and Tubers|Egg and Egg Products|Milk and Milk Products|Spices and Condiments,1.0,Core staple. Rice/roti is the base of every Bangladeshi meal. Pairs with almost everything.
A024,Wheat vermicelli roasted,সেমাই,Cereals and Millets,"breakfast,lunch,dinner",staple,Grain Legumes|Animal Meat|Poultry|Marine Fish|Fresh Water Fish and Shellfish|Green Leafy Vegetables|Other Vegetables|Roots and Tubers|Egg and Egg Products|Milk and Milk Products|Spices and Condiments,1.0,Core staple. Rice/roti is the base of every Bangladeshi meal. Pairs with almost everything.
code,Barley,বার্লি,Cereals and Millets,"breakfast,lunch,dinner",staple,Grain Legumes|Animal Meat|Poultry|Marine Fish|Fresh Water Fish and Shellfish|Green Leafy Vegetables|Other Vegetables|Roots and Tubers|Egg and Egg Products|Milk and Milk Products|Spices and Condiments,1.0,Core staple. Rice/roti is the base of every Bangladeshi meal. Pairs with almost everything.
13_0001,"Butter, salted",মাখন,Edible Oils and Fats,"breakfast,lunch,dinner",condiment,Cereals and Millets|Grain Legumes|Animal Meat|Poultry|Marine Fish|Fresh Water Fish and Shellfish|Green Leafy Vegetables|Other Vegetables|Roots and Tubers|Egg and Egg Products,0.55,Cooking oils used in virtually all preparations. Mustard oil is the signature Bangladeshi cooking fat.
13_0002,Cottonseed oil,তুলাবীজের তেল,Edible Oils and Fats,"breakfast,lunch,dinner",condiment,Cereals and Millets|Grain Legumes|Animal Meat|Poultry|Marine Fish|Fresh Water Fish and Shellfish|Green Leafy Vegetables|Other Vegetables|Roots and Tubers|Egg and Egg Products,0.55,Cooking oils used in virtually all preparations. Mustard oil is the signature Bangladeshi cooking fat.
13_0003,"Fish oil, cod liver",কড লিভার তেল,Edible Oils and Fats,"breakfast,lunch,dinner",condiment,Cereals and Millets|Grain Legumes|Animal Meat|Poultry|Marine Fish|Fresh Water Fish and Shellfish|Green Leafy Vegetables|Other Vegetables|Roots and Tubers|Egg and Egg Products,0.55,Cooking oils used in virtually all preparations. Mustard oil is the signature Bangladeshi cooking fat.
13_0004,"Ghee, cow",গাওয়া ঘি,Edible Oils and Fats,"breakfast,lunch,dinner",condiment,Cereals and Millets|Grain Legumes|Animal Meat|Poultry|Marine Fish|Fresh Water Fish and Shellfish|Green Leafy Vegetables|Other Vegetables|Roots and Tubers|Egg and Egg Products,0.55,Cooking oils used in virtually all preparations. Mustard oil is the signature Bangladeshi cooking fat.
13_0010,Peanut oil,চিনা বাদামের তেল,Edible Oils and Fats,"breakfast,lunch,dinner",condiment,Cereals and Millets|Grain Legumes|Animal Meat|Poultry|Marine Fish|Fresh Water Fish and Shellfish|Green Leafy Vegetables|Other Vegetables|Roots and Tubers|Egg and Egg Products,0.55,Cooking oils used in virtually all preparations. Mustard oil is the signature Bangladeshi cooking fat.
13_0011,Sesame oil,তিলের তেল,Edible Oils and Fats,"breakfast,lunch,dinner",condiment,Cereals and Millets|Grain Legumes|Animal Meat|Poultry|Marine Fish|Fresh Water Fish and Shellfish|Green Leafy Vegetables|Other Vegetables|Roots and Tubers|Egg and Egg Products,0.55,Cooking oils used in virtually all preparations. Mustard oil is the signature Bangladeshi cooking fat.
T005,Groundnut oil,চিনাবাদাম তেল,Edible Oils and Fats,"breakfast,lunch,dinner",condiment,Cereals and Millets|Grain Legumes|Animal Meat|Poultry|Marine Fish|Fresh Water Fish and Shellfish|Green Leafy Vegetables|Other Vegetables|Roots and Tubers|Egg and Egg Products,0.55,Cooking oils used in virtually all preparations. Mustard oil is the signature Bangladeshi cooking fat.
11_0001,"Egg, chicken, farmed, raw",ফার্মের মুরগির ডিম,Egg and Egg Products,"breakfast,lunch,dinner",main,Cereals and Millets|Grain Legumes|Green Leafy Vegetables|Other Vegetables|Roots and Tubers|Milk and Milk Products|Spices and Condiments,1.0,"Chicken egg — most versatile protein. Fried, boiled, or scrambled at breakfast; curry at lunch/dinner."
11_0002,"Egg, chicken, native, raw",দেশি মুরগির ডিম (তরকারি),Egg and Egg Products,"breakfast,lunch,dinner",main,Cereals and Millets|Grain Legumes|Green Leafy Vegetables|Other Vegetables|Roots and Tubers|Milk and Milk Products|Spices and Condiments,1.0,"Eggs are universal. Roti+egg at breakfast, rice+egg at any meal. Highly versatile across all meal slots."
11_0003,"Egg, chicken, native, yolk, raw",দেশি মুরগির ডিমের কুসুম,Egg and Egg Products,"breakfast,lunch,dinner",main,Cereals and Millets|Grain Legumes|Green Leafy Vegetables|Other Vegetables|Roots and Tubers|Milk and Milk Products|Spices and Condiments,1.0,"Eggs are universal. Roti+egg at breakfast, rice+egg at any meal. Highly versatile across all meal slots."
11_0004,"Egg, duck, whole, raw",হাঁসের ডিম (তরকারি),Egg and Egg Products,"breakfast,lunch,dinner",main,Cereals and Millets|Grain Legumes|Green Leafy Vegetables|Other Vegetables|Roots and Tubers|Milk and Milk Products|Spices and Condiments,1.0,"Eggs are universal. Roti+egg at breakfast, rice+egg at any meal. Highly versatile across all meal slots."
11_0005,"Egg, chicken, farmed, boiled (without salt)",মুরগির ডিম সিদ্ধ,Egg and Egg Products,"breakfast,lunch,dinner",main,Cereals and Millets|Grain Legumes|Green Leafy Vegetables|Other Vegetables|Roots and Tubers|Milk and Milk Products|Spices and Condiments,1.0,"Eggs are universal. Roti+egg at breakfast, rice+egg at any meal. Highly versatile across all meal slots."
11_0006,"Egg, chicken, native, boiled (without salt)",সিদ্ধ দেশি মুরগির ডিম,Egg and Egg Products,"breakfast,lunch,dinner",main,Cereals and Millets|Grain Legumes|Green Leafy Vegetables|Other Vegetables|Roots and Tubers|Milk and Milk Products|Spices and Condiments,1.0,"Eggs are universal. Roti+egg at breakfast, rice+egg at any meal. Highly versatile across all meal slots."
11_0007,"Egg, duck, whole, boiled (without salt)",সিদ্ধ হাঁসের ডিম,Egg and Egg Products,"breakfast,lunch,dinner",main,Cereals and Millets|Grain Legumes|Green Leafy Vegetables|Other Vegetables|Roots and Tubers|Milk and Milk Products|Spices and Condiments,1.0,"Eggs are universal. Roti+egg at breakfast, rice+egg at any meal. Highly versatile across all meal slots."
M001,Egg poultry whole,পোলট্রি মুরগির ডিমের তরকারি,Egg and Egg Products,"breakfast,lunch,dinner",main,Cereals and Millets|Grain Legumes|Green Leafy Vegetables|Other Vegetables|Roots and Tubers|Milk and Milk Products|Spices and Condiments,1.0,"Eggs are universal. Roti+egg at breakfast, rice+egg at any meal. Highly versatile across all meal slots."
M002,Egg poultry white,সিদ্ধ পোলট্রি মুরগির ডিমের শ্বেতাংশ,Egg and Egg Products,"breakfast,lunch,dinner",main,Cereals and Millets|Grain Legumes|Green Leafy Vegetables|Other Vegetables|Roots and Tubers|Milk and Milk Products|Spices and Condiments,1.0,"Eggs are universal. Roti+egg at breakfast, rice+egg at any meal. Highly versatile across all meal slots."
M003,Egg poultry yolk,কাঁচা পোলট্রি মুরগির ডিমের কুসুম,Egg and Egg Products,"breakfast,lunch,dinner",main,Cereals and Millets|Grain Legumes|Green Leafy Vegetables|Other Vegetables|Roots and Tubers|Milk and Milk Products|Spices and Condiments,1.0,"Eggs are universal. Roti+egg at breakfast, rice+egg at any meal. Highly versatile across all meal slots."
M004,Egg poultry,সিদ্ধ পোলট্রি মুরগির ডিম,Egg and Egg Products,"breakfast,lunch,dinner",main,Cereals and Millets|Grain Legumes|Green Leafy Vegetables|Other Vegetables|Roots and Tubers|Milk and Milk Products|Spices and Condiments,1.0,"Eggs are universal. Roti+egg at breakfast, rice+egg at any meal. Highly versatile across all meal slots."
M005,Egg poultry white,পোলট্রি মুরগির ডিমের শ্বেতাংশ,Egg and Egg Products,"breakfast,lunch,dinner",main,Cereals and Millets|Grain Legumes|Green Leafy Vegetables|Other Vegetables|Roots and Tubers|Milk and Milk Products|Spices and Condiments,1.0,"Eggs are universal. Roti+egg at breakfast, rice+egg at any meal. Highly versatile across all meal slots."
M006,Egg poultry yolk,সিদ্ধ পোলট্রি মুরগির ডিমের কুসুম,Egg and Egg Products,"breakfast,lunch,dinner",main,Cereals and Millets|Grain Legumes|Green Leafy Vegetables|Other Vegetables|Roots and Tubers|Milk and Milk Products|Spices and Condiments,1.0,"Eggs are universal. Roti+egg at breakfast, rice+egg at any meal. Highly versatile across all meal slots."
M007,Egg poultry omlet,পোলট্রি মুরগির ডিমের অমলেট,Egg and Egg Products,"breakfast,lunch,dinner",main,Cereals and Millets|Grain Legumes|Green Leafy Vegetables|Other Vegetables|Roots and Tubers|Milk and Milk Products|Spices and Condiments,1.0,"Eggs are universal. Roti+egg at breakfast, rice+egg at any meal. Highly versatile across all meal slots."
M008,Egg country hen,দেশি মুরগির ডিমের তরকারি,Egg and Egg Products,"breakfast,lunch,dinner",main,Cereals and Millets|Grain Legumes|Green Leafy Vegetables|Other Vegetables|Roots and Tubers|Milk and Milk Products|Spices and Condiments,1.0,"Eggs are universal. Roti+egg at breakfast, rice+egg at any meal. Highly versatile across all meal slots."
M009,Egg country hen,সিদ্ধ দেশি মুরগির ডিম,Egg and Egg Products,"breakfast,lunch,dinner",main,Cereals and Millets|Grain Legumes|Green Leafy Vegetables|Other Vegetables|Roots and Tubers|Milk and Milk Products|Spices and Condiments,1.0,"Eggs are universal. Roti+egg at breakfast, rice+egg at any meal. Highly versatile across all meal slots."
M010,Egg country hen omlet,দেশি মুরগির ডিমের অমলেট,Egg and Egg Products,"breakfast,lunch,dinner",main,Cereals and Millets|Grain Legumes|Green Leafy Vegetables|Other Vegetables|Roots and Tubers|Milk and Milk Products|Spices and Condiments,1.0,"Eggs are universal. Roti+egg at breakfast, rice+egg at any meal. Highly versatile across all meal slots."
M011,Egg duck,সিদ্ধ হাঁসের ডিম,Egg and Egg Products,"breakfast,lunch,dinner",main,Cereals and Millets|Grain Legumes|Green Leafy Vegetables|Other Vegetables|Roots and Tubers|Milk and Milk Products|Spices and Condiments,1.0,"Eggs are universal. Roti+egg at breakfast, rice+egg at any meal. Highly versatile across all meal slots."
M012,Egg duck,হাঁসের ডিম (কাঁচা),Egg and Egg Products,"breakfast,lunch,dinner",main,Cereals and Millets|Grain Legumes|Green Leafy Vegetables|Other Vegetables|Roots and Tubers|Milk and Milk Products|Spices and Condiments,1.0,"Eggs are universal. Roti+egg at breakfast, rice+egg at any meal. Highly versatile across all meal slots."
M013,Egg duck omlet,হাঁসের ডিমের অমলেট,Egg and Egg Products,"breakfast,lunch,dinner",main,Cereals and Millets|Grain Legumes|Green Leafy Vegetables|Other Vegetables|Roots and Tubers|Milk and Milk Products|Spices and Condiments,1.0,"Eggs are universal. Roti+egg at breakfast, rice+egg at any meal. Highly versatile across all meal slots."
M014,Egg quial,কোয়েল পাখির ডিম (কাঁচা ),Egg and Egg Products,"breakfast,lunch,dinner",main,Cereals and Millets|Grain Legumes|Green Leafy Vegetables|Other Vegetables|Roots and Tubers|Milk and Milk Products|Spices and Condiments,1.0,"Eggs are universal. Roti+egg at breakfast, rice+egg at any meal. Highly versatile across all meal slots."
M015,Egg Quial,কোয়েল পাখির ডিম (সিদ্ধ),Egg and Egg Products,"breakfast,lunch,dinner",main,Cereals and Millets|Grain Legumes|Green Leafy Vegetables|Other Vegetables|Roots and Tubers|Milk and Milk Products|Spices and Condiments,1.0,"Eggs are universal. Roti+egg at breakfast, rice+egg at any meal. Highly versatile across all meal slots."
S001,Cat fish,মাগুর মাছ,Fresh Water Fish and Shellfish,"lunch,dinner",main,Cereals and Millets|Grain Legumes|Green Leafy Vegetables|Other Vegetables|Roots and Tubers|Spices and Condiments,0.95,"Freshwater fish (Macher Jhol) are everyday protein. Pairs with rice, dal, and vegetables."
S002,Catla,কাতল মাছ,Fresh Water Fish and Shellfish,"lunch,dinner",main,Cereals and Millets|Grain Legumes|Green Leafy Vegetables|Other Vegetables|Roots and Tubers|Spices and Condiments,0.92,Catla (কাতল) — large carp. Excellent in mustard curry. Pairs with rice and dal.
S003,Fresh water Eel,বাইম মাছ,Fresh Water Fish and Shellfish,"lunch,dinner",main,Cereals and Millets|Grain Legumes|Green Leafy Vegetables|Other Vegetables|Roots and Tubers|Spices and Condiments,0.95,"Freshwater fish (Macher Jhol) are everyday protein. Pairs with rice, dal, and vegetables."
S004,Gold fish,গোল্ডফিশ,Fresh Water Fish and Shellfish,"lunch,dinner",main,Cereals and Millets|Grain Legumes|Green Leafy Vegetables|Other Vegetables|Roots and Tubers|Spices and Condiments,0.95,"Freshwater fish (Macher Jhol) are everyday protein. Pairs with rice, dal, and vegetables."
S005,Pangas,পাঙ্গাস মাছ,Fresh Water Fish and Shellfish,"lunch,dinner",main,Cereals and Millets|Grain Legumes|Green Leafy Vegetables|Other Vegetables|Roots and Tubers|Spices and Condiments,0.95,"Freshwater fish (Macher Jhol) are everyday protein. Pairs with rice, dal, and vegetables."
S006,Rohu,রুই,Fresh Water Fish and Shellfish,"lunch,dinner",main,Cereals and Millets|Grain Legumes|Green Leafy Vegetables|Other Vegetables|Roots and Tubers|Spices and Condiments,0.95,Rohu (রুই) — most popular freshwater fish. Classic Macher Jhol with potato and turmeric.
S007,Crab,কাঁকড়া,Fresh Water Fish and Shellfish,"lunch,dinner",main,Cereals and Millets|Grain Legumes|Green Leafy Vegetables|Other Vegetables|Roots and Tubers|Spices and Condiments,0.95,"Freshwater fish (Macher Jhol) are everyday protein. Pairs with rice, dal, and vegetables."
S008,"Prawns, big",গলদা চিংড়ি,Fresh Water Fish and Shellfish,"lunch,dinner",main,Cereals and Millets|Grain Legumes|Green Leafy Vegetables|Other Vegetables|Roots and Tubers|Spices and Condiments,0.95,"Freshwater fish (Macher Jhol) are everyday protein. Pairs with rice, dal, and vegetables."
S009,"Prawns, small",ছোট চিংড়ি,Fresh Water Fish and Shellfish,"lunch,dinner",main,Cereals and Millets|Grain Legumes|Green Leafy Vegetables|Other Vegetables|Roots and Tubers|Spices and Condiments,0.95,"Freshwater fish (Macher Jhol) are everyday protein. Pairs with rice, dal, and vegetables."
S010,Tiger prawns,বাগদা চিংড়ি,Fresh Water Fish and Shellfish,"lunch,dinner",main,Cereals and Millets|Grain Legumes|Green Leafy Vegetables|Other Vegetables|Roots and Tubers|Spices and Condiments,0.95,"Freshwater fish (Macher Jhol) are everyday protein. Pairs with rice, dal, and vegetables."
E001,Apple big,বড় আপেল,Fruits,"breakfast,snack",supplementary,Milk and Milk Products|Nuts and Oil Seeds|Cereals and Millets|Sugars,0.8,Fruits eaten as snack or at breakfast. Not typically mixed with main course. Pairs well with milk/yogurt.
E002,Apple green,সবুজ আপেল,Fruits,"breakfast,snack",supplementary,Milk and Milk Products|Nuts and Oil Seeds|Cereals and Millets|Sugars,0.8,Fruits eaten as snack or at breakfast. Not typically mixed with main course. Pairs well with milk/yogurt.
E003,Apple small,ছোট আপেল,Fruits,"breakfast,snack",supplementary,Milk and Milk Products|Nuts and Oil Seeds|Cereals and Millets|Sugars,0.8,Fruits eaten as snack or at breakfast. Not typically mixed with main course. Pairs well with milk/yogurt.
E005,Apricot dried,শুকনো খুবানি,Fruits,"breakfast,snack",supplementary,Milk and Milk Products|Nuts and Oil Seeds|Cereals and Millets|Sugars,0.8,Fruits eaten as snack or at breakfast. Not typically mixed with main course. Pairs well with milk/yogurt.
E007,Avocado fruit,নাশপাতি,Fruits,"breakfast,snack",supplementary,Milk and Milk Products|Nuts and Oil Seeds|Cereals and Millets|Sugars,0.8,Fruits eaten as snack or at breakfast. Not typically mixed with main course. Pairs well with milk/yogurt.
E008,Bael fruit,বেল,Fruits,"breakfast,snack",supplementary,Milk and Milk Products|Nuts and Oil Seeds|Cereals and Millets|Sugars,0.8,Fruits eaten as snack or at breakfast. Not typically mixed with main course. Pairs well with milk/yogurt.
E009,Banana ripe montham,আঁটিয়া বা বিচি কলা,Fruits,"breakfast,snack",supplementary,Milk and Milk Products|Nuts and Oil Seeds|Cereals and Millets|Sugars,0.8,Fruits eaten as snack or at breakfast. Not typically mixed with main course. Pairs well with milk/yogurt.
E010,Banana ripe poovam,চাপা কলা,Fruits,"breakfast,snack",supplementary,Milk and Milk Products|Nuts and Oil Seeds|Cereals and Millets|Sugars,0.8,Fruits eaten as snack or at breakfast. Not typically mixed with main course. Pairs well with milk/yogurt.
E011,Banana ripe red,লাল কলা,Fruits,"breakfast,snack",supplementary,Milk and Milk Products|Nuts and Oil Seeds|Cereals and Millets|Sugars,0.8,Fruits eaten as snack or at breakfast. Not typically mixed with main course. Pairs well with milk/yogurt.
E012,Banana ripe robusta,অমৃতসাগর কলা,Fruits,"breakfast,snack",supplementary,Milk and Milk Products|Nuts and Oil Seeds|Cereals and Millets|Sugars,0.8,Fruits eaten as snack or at breakfast. Not typically mixed with main course. Pairs well with milk/yogurt.
E013,Black berry,ব্ল্যাকবেরি বা কালোজম,Fruits,"breakfast,snack",supplementary,Milk and Milk Products|Nuts and Oil Seeds|Cereals and Millets|Sugars,0.8,Fruits eaten as snack or at breakfast. Not typically mixed with main course. Pairs well with milk/yogurt.
E014,Cherries red,লাল চেরি ফল,Fruits,"breakfast,snack",supplementary,Milk and Milk Products|Nuts and Oil Seeds|Cereals and Millets|Sugars,0.8,Fruits eaten as snack or at breakfast. Not typically mixed with main course. Pairs well with milk/yogurt.
E015,Currants black,করমচা,Fruits,"breakfast,snack",supplementary,Milk and Milk Products|Nuts and Oil Seeds|Cereals and Millets|Sugars,0.8,Fruits eaten as snack or at breakfast. Not typically mixed with main course. Pairs well with milk/yogurt.
E016,Custard apple,আতা ফল,Fruits,"breakfast,snack",supplementary,Milk and Milk Products|Nuts and Oil Seeds|Cereals and Millets|Sugars,0.8,Fruits eaten as snack or at breakfast. Not typically mixed with main course. Pairs well with milk/yogurt.
E017,Dates dry pale brown,শুকনা খেজুর,Fruits,"breakfast,snack",supplementary,Milk and Milk Products|Nuts and Oil Seeds|Cereals and Millets|Sugars,0.8,Fruits eaten as snack or at breakfast. Not typically mixed with main course. Pairs well with milk/yogurt.
E018,Dates dry dark brown,মরিয়ম খেজুর,Fruits,"breakfast,snack",supplementary,Milk and Milk Products|Nuts and Oil Seeds|Cereals and Millets|Sugars,0.8,Fruits eaten as snack or at breakfast. Not typically mixed with main course. Pairs well with milk/yogurt.
E019,Dates processed,খেজুর,Fruits,"breakfast,snack",supplementary,Milk and Milk Products|Nuts and Oil Seeds|Cereals and Millets|Sugars,0.8,Fruits eaten as snack or at breakfast. Not typically mixed with main course. Pairs well with milk/yogurt.
E021,Goosberry,আমলকি,Fruits,"breakfast,snack",supplementary,Milk and Milk Products|Nuts and Oil Seeds|Cereals and Millets|Sugars,0.8,Fruits eaten as snack or at breakfast. Not typically mixed with main course. Pairs well with milk/yogurt.
E022,Grapes seeded round black,কালো আঙুর,Fruits,"breakfast,snack",supplementary,Milk and Milk Products|Nuts and Oil Seeds|Cereals and Millets|Sugars,0.8,Fruits eaten as snack or at breakfast. Not typically mixed with main course. Pairs well with milk/yogurt.
E023,Grapes seeded round green,আঙুর,Fruits,"breakfast,snack",supplementary,Milk and Milk Products|Nuts and Oil Seeds|Cereals and Millets|Sugars,0.8,Fruits eaten as snack or at breakfast. Not typically mixed with main course. Pairs well with milk/yogurt.
E024,Grapes seeded round red,লাল আঙুর,Fruits,"breakfast,snack",supplementary,Milk and Milk Products|Nuts and Oil Seeds|Cereals and Millets|Sugars,0.8,Fruits eaten as snack or at breakfast. Not typically mixed with main course. Pairs well with milk/yogurt.
E026,Grapes seedless round green,সবুজ আঙুর (বীজহীন),Fruits,"breakfast,snack",supplementary,Milk and Milk Products|Nuts and Oil Seeds|Cereals and Millets|Sugars,0.8,Fruits eaten as snack or at breakfast. Not typically mixed with main course. Pairs well with milk/yogurt.
E027,Grapes seedless round black,কালো আঙুর,Fruits,"breakfast,snack",supplementary,Milk and Milk Products|Nuts and Oil Seeds|Cereals and Millets|Sugars,0.8,Fruits eaten as snack or at breakfast. Not typically mixed with main course. Pairs well with milk/yogurt.
E028,Guava white flesh,পেয়ারা,Fruits,"breakfast,snack",supplementary,Milk and Milk Products|Nuts and Oil Seeds|Cereals and Millets|Sugars,0.8,Fruits eaten as snack or at breakfast. Not typically mixed with main course. Pairs well with milk/yogurt.
E029,Guava pink flesh,লাল পেয়ারা,Fruits,"breakfast,snack",supplementary,Milk and Milk Products|Nuts and Oil Seeds|Cereals and Millets|Sugars,0.8,Fruits eaten as snack or at breakfast. Not typically mixed with main course. Pairs well with milk/yogurt.
E030,Jack fruit ripe,পাকা কাঁঠাল,Fruits,"breakfast,snack",supplementary,Milk and Milk Products|Nuts and Oil Seeds|Cereals and Millets|Sugars,0.8,Fruits eaten as snack or at breakfast. Not typically mixed with main course. Pairs well with milk/yogurt.
E031,Jambu frui ripe,কালোজাম,Fruits,"breakfast,snack",supplementary,Milk and Milk Products|Nuts and Oil Seeds|Cereals and Millets|Sugars,0.8,Fruits eaten as snack or at breakfast. Not typically mixed with main course. Pairs well with milk/yogurt.
E032,Karonda fruit,করমচা,Fruits,"breakfast,snack",supplementary,Milk and Milk Products|Nuts and Oil Seeds|Cereals and Millets|Sugars,0.8,Fruits eaten as snack or at breakfast. Not typically mixed with main course. Pairs well with milk/yogurt.
E033,Lemon juice,লেবুর রস,Fruits,"breakfast,snack",supplementary,Milk and Milk Products|Nuts and Oil Seeds|Cereals and Millets|Sugars,0.8,Fruits eaten as snack or at breakfast. Not typically mixed with main course. Pairs well with milk/yogurt.
E035,Litchi,লিচু,Fruits,"breakfast,snack",supplementary,Milk and Milk Products|Nuts and Oil Seeds|Cereals and Millets|Sugars,0.8,Fruits eaten as snack or at breakfast. Not typically mixed with main course. Pairs well with milk/yogurt.
E037,Mango ripe gulabkhas,গোলাপ খাস আম (পাকা),Fruits,"breakfast,snack",supplementary,Milk and Milk Products|Nuts and Oil Seeds|Cereals and Millets|Sugars,0.8,Fruits eaten as snack or at breakfast. Not typically mixed with main course. Pairs well with milk/yogurt.
E038,Mango ripe himsagar,হিমসাগর আম (পাকা),Fruits,"breakfast,snack",supplementary,Milk and Milk Products|Nuts and Oil Seeds|Cereals and Millets|Sugars,0.8,Fruits eaten as snack or at breakfast. Not typically mixed with main course. Pairs well with milk/yogurt.
E039,Mango ripe kesar,পাকা আমের কেশরী,Fruits,"breakfast,snack",supplementary,Milk and Milk Products|Nuts and Oil Seeds|Cereals and Millets|Sugars,0.8,Fruits eaten as snack or at breakfast. Not typically mixed with main course. Pairs well with milk/yogurt.
E040,Mango ripe neelam,নিলাম আম (পাকা),Fruits,"breakfast,snack",supplementary,Milk and Milk Products|Nuts and Oil Seeds|Cereals and Millets|Sugars,0.8,Fruits eaten as snack or at breakfast. Not typically mixed with main course. Pairs well with milk/yogurt.
E041,Mango ripe paheri,পাহাড়ি আম (পাকা),Fruits,"breakfast,snack",supplementary,Milk and Milk Products|Nuts and Oil Seeds|Cereals and Millets|Sugars,0.8,Fruits eaten as snack or at breakfast. Not typically mixed with main course. Pairs well with milk/yogurt.
E044,Manila tamarind,জিলিপি ফল (খই বাবলা),Fruits,"breakfast,snack",supplementary,Milk and Milk Products|Nuts and Oil Seeds|Cereals and Millets|Sugars,0.8,Fruits eaten as snack or at breakfast. Not typically mixed with main course. Pairs well with milk/yogurt.
E045,Musk melon,বাঙ্গি বা খরমুজ,Fruits,"breakfast,snack",supplementary,Milk and Milk Products|Nuts and Oil Seeds|Cereals and Millets|Sugars,0.8,Fruits eaten as snack or at breakfast. Not typically mixed with main course. Pairs well with milk/yogurt.
E048,Palm fruit tender,তালের শাঁস,Fruits,"breakfast,snack",supplementary,Milk and Milk Products|Nuts and Oil Seeds|Cereals and Millets|Sugars,0.8,Fruits eaten as snack or at breakfast. Not typically mixed with main course. Pairs well with milk/yogurt.
E049,Papaya ripe,পাকা পেঁপে,Fruits,"breakfast,snack",supplementary,Milk and Milk Products|Nuts and Oil Seeds|Cereals and Millets|Sugars,0.8,Fruits eaten as snack or at breakfast. Not typically mixed with main course. Pairs well with milk/yogurt.
E050,Peach,নাশপাতি,Fruits,"breakfast,snack",supplementary,Milk and Milk Products|Nuts and Oil Seeds|Cereals and Millets|Sugars,0.8,Fruits eaten as snack or at breakfast. Not typically mixed with main course. Pairs well with milk/yogurt.
E051,Pear,নাশপাতি,Fruits,"breakfast,snack",supplementary,Milk and Milk Products|Nuts and Oil Seeds|Cereals and Millets|Sugars,0.8,Fruits eaten as snack or at breakfast. Not typically mixed with main course. Pairs well with milk/yogurt.
E052,Phalsa,ফলসা,Fruits,"breakfast,snack",supplementary,Milk and Milk Products|Nuts and Oil Seeds|Cereals and Millets|Sugars,0.8,Fruits eaten as snack or at breakfast. Not typically mixed with main course. Pairs well with milk/yogurt.
E053,Pineapple,আনারস,Fruits,"breakfast,snack",supplementary,Milk and Milk Products|Nuts and Oil Seeds|Cereals and Millets|Sugars,0.8,Fruits eaten as snack or at breakfast. Not typically mixed with main course. Pairs well with milk/yogurt.
E054,Plum,বরই,Fruits,"breakfast,snack",supplementary,Milk and Milk Products|Nuts and Oil Seeds|Cereals and Millets|Sugars,0.8,Fruits eaten as snack or at breakfast. Not typically mixed with main course. Pairs well with milk/yogurt.
E055,Pomegranate maroon seeds,বেদানার দানা,Fruits,"breakfast,snack",supplementary,Milk and Milk Products|Nuts and Oil Seeds|Cereals and Millets|Sugars,0.8,Fruits eaten as snack or at breakfast. Not typically mixed with main course. Pairs well with milk/yogurt.
E056,Pummelo,বাতাবি লেবু বা জাম্বুরা,Fruits,"breakfast,snack",supplementary,Milk and Milk Products|Nuts and Oil Seeds|Cereals and Millets|Sugars,0.8,Fruits eaten as snack or at breakfast. Not typically mixed with main course. Pairs well with milk/yogurt.
E057,Raisins dried black,কালো কিসমিস,Fruits,"breakfast,snack",supplementary,Milk and Milk Products|Nuts and Oil Seeds|Cereals and Millets|Sugars,0.8,Fruits eaten as snack or at breakfast. Not typically mixed with main course. Pairs well with milk/yogurt.
E058,Raisins dried golden,কিসমিস,Fruits,"breakfast,snack",supplementary,Milk and Milk Products|Nuts and Oil Seeds|Cereals and Millets|Sugars,0.8,Fruits eaten as snack or at breakfast. Not typically mixed with main course. Pairs well with milk/yogurt.
E059,Rambutan,বিদেশি লিচু বা রামবুটান,Fruits,"breakfast,snack",supplementary,Milk and Milk Products|Nuts and Oil Seeds|Cereals and Millets|Sugars,0.8,Fruits eaten as snack or at breakfast. Not typically mixed with main course. Pairs well with milk/yogurt.
E060,Sapota,সফেদা বা সবেদা,Fruits,"breakfast,snack",supplementary,Milk and Milk Products|Nuts and Oil Seeds|Cereals and Millets|Sugars,0.8,Fruits eaten as snack or at breakfast. Not typically mixed with main course. Pairs well with milk/yogurt.
E061,Soursop,হানিফল,Fruits,"breakfast,snack",supplementary,Milk and Milk Products|Nuts and Oil Seeds|Cereals and Millets|Sugars,0.8,Fruits eaten as snack or at breakfast. Not typically mixed with main course. Pairs well with milk/yogurt.
E062,Star fruit,কামরাঙা,Fruits,"breakfast,snack",supplementary,Milk and Milk Products|Nuts and Oil Seeds|Cereals and Millets|Sugars,0.8,Fruits eaten as snack or at breakfast. Not typically mixed with main course. Pairs well with milk/yogurt.
E063,Strawberry,স্ট্রবেরি,Fruits,"breakfast,snack",supplementary,Milk and Milk Products|Nuts and Oil Seeds|Cereals and Millets|Sugars,0.8,Fruits eaten as snack or at breakfast. Not typically mixed with main course. Pairs well with milk/yogurt.
E064,Tamarind pulp,তেঁতুল,Fruits,"breakfast,snack",supplementary,Milk and Milk Products|Nuts and Oil Seeds|Cereals and Millets|Sugars,0.8,Fruits eaten as snack or at breakfast. Not typically mixed with main course. Pairs well with milk/yogurt.
E065,Watermelon dark green (sugar baby),কালো তরমুজ,Fruits,"breakfast,snack",supplementary,Milk and Milk Products|Nuts and Oil Seeds|Cereals and Millets|Sugars,0.8,Fruits eaten as snack or at breakfast. Not typically mixed with main course. Pairs well with milk/yogurt.
E066,Watermelon pale green,তরমুজ,Fruits,"breakfast,snack",supplementary,Milk and Milk Products|Nuts and Oil Seeds|Cereals and Millets|Sugars,0.8,Fruits eaten as snack or at breakfast. Not typically mixed with main course. Pairs well with milk/yogurt.
E067,Wood apple,কয়েতবেল বা কৎবেল,Fruits,"breakfast,snack",supplementary,Milk and Milk Products|Nuts and Oil Seeds|Cereals and Millets|Sugars,0.8,Fruits eaten as snack or at breakfast. Not typically mixed with main course. Pairs well with milk/yogurt.
E068,Zizyphus,কুল বরই,Fruits,"breakfast,snack",supplementary,Milk and Milk Products|Nuts and Oil Seeds|Cereals and Millets|Sugars,0.8,Fruits eaten as snack or at breakfast. Not typically mixed with main course. Pairs well with milk/yogurt.
02_0001,"Bengal gram, dehulled, split, dried, raw",ছোলার ডাল,Grain Legumes,"breakfast,lunch,dinner",main,Cereals and Millets|Green Leafy Vegetables|Other Vegetables|Spices and Condiments|Edible Oils and Fats|Roots and Tubers,0.95,Dal (lentil curry) is an everyday essential. Served with rice at lunch/dinner; used in breakfast items like dal-ruti.
02_0002,"Bengal gram, whole, dried, raw",শুকনা ছোলা,Grain Legumes,"breakfast,lunch,dinner",main,Cereals and Millets|Green Leafy Vegetables|Other Vegetables|Spices and Condiments|Edible Oils and Fats|Roots and Tubers,0.95,Dal (lentil curry) is an everyday essential. Served with rice at lunch/dinner; used in breakfast items like dal-ruti.
02_0003,"Black gram, dehulled, dried, raw",মাষকলাই ডাল,Grain Legumes,"breakfast,lunch,dinner",main,Cereals and Millets|Green Leafy Vegetables|Other Vegetables|Spices and Condiments|Edible Oils and Fats|Roots and Tubers,0.95,Dal (lentil curry) is an everyday essential. Served with rice at lunch/dinner; used in breakfast items like dal-ruti.
02_0006,"Green gram, whole, dried, raw",মুগকলাই,Grain Legumes,"breakfast,lunch,dinner",main,Cereals and Millets|Green Leafy Vegetables|Other Vegetables|Spices and Condiments|Edible Oils and Fats|Roots and Tubers,0.95,Dal (lentil curry) is an everyday essential. Served with rice at lunch/dinner; used in breakfast items like dal-ruti.
02_0010,"Red gram, split, dried, raw",অড়হর ডাল (রান্না করা),Grain Legumes,"breakfast,lunch,dinner",main,Cereals and Millets|Green Leafy Vegetables|Other Vegetables|Spices and Condiments|Edible Oils and Fats|Roots and Tubers,0.95,Dal (lentil curry) is an everyday essential. Served with rice at lunch/dinner; used in breakfast items like dal-ruti.
02_0011,"Soybean, dried, raw",গাড়ী কলাই বা সয়াবিন,Grain Legumes,"breakfast,lunch,dinner",main,Cereals and Millets|Green Leafy Vegetables|Other Vegetables|Spices and Condiments|Edible Oils and Fats|Roots and Tubers,0.95,Dal (lentil curry) is an everyday essential. Served with rice at lunch/dinner; used in breakfast items like dal-ruti.
02_0012,"Bengal gram, whole, boiled (without salt)",ছোলা (রান্না করা),Grain Legumes,"breakfast,lunch,dinner",main,Cereals and Millets|Green Leafy Vegetables|Other Vegetables|Spices and Condiments|Edible Oils and Fats|Roots and Tubers,0.95,Dal (lentil curry) is an everyday essential. Served with rice at lunch/dinner; used in breakfast items like dal-ruti.
02_0013,"Green gram, split, boiled (without salt)",মুগ ডাল (রান্না করা),Grain Legumes,"breakfast,lunch,dinner",main,Cereals and Millets|Green Leafy Vegetables|Other Vegetables|Spices and Condiments|Edible Oils and Fats|Roots and Tubers,0.95,Dal (lentil curry) is an everyday essential. Served with rice at lunch/dinner; used in breakfast items like dal-ruti.
02_0014,"Grass pea, split, boiled (without salt)",খেসারির ডাল (রান্না করা),Grain Legumes,"breakfast,lunch,dinner",main,Cereals and Millets|Green Leafy Vegetables|Other Vegetables|Spices and Condiments|Edible Oils and Fats|Roots and Tubers,0.95,Dal (lentil curry) is an everyday essential. Served with rice at lunch/dinner; used in breakfast items like dal-ruti.
02_0015,"Lentil, boiled (without salt)",মসুর ডাল (রান্না করা),Grain Legumes,"breakfast,lunch,dinner",main,Cereals and Millets|Green Leafy Vegetables|Other Vegetables|Spices and Condiments|Edible Oils and Fats|Roots and Tubers,0.95,Dal (lentil curry) is an everyday essential. Served with rice at lunch/dinner; used in breakfast items like dal-ruti.
02_0016,"Pea, boiled (without salt)",মটর (রান্না করা),Grain Legumes,"breakfast,lunch,dinner",main,Cereals and Millets|Green Leafy Vegetables|Other Vegetables|Spices and Condiments|Edible Oils and Fats|Roots and Tubers,0.95,Dal (lentil curry) is an everyday essential. Served with rice at lunch/dinner; used in breakfast items like dal-ruti.
B001,Bengal gram dal,ছোলার ডাল,Grain Legumes,"breakfast,lunch,dinner",main,Cereals and Millets|Green Leafy Vegetables|Other Vegetables|Spices and Condiments|Edible Oils and Fats|Roots and Tubers,0.95,Dal (lentil curry) is an everyday essential. Served with rice at lunch/dinner; used in breakfast items like dal-ruti.
B002,Bengal gram whole,ছোলা,Grain Legumes,"breakfast,lunch,dinner",main,Cereals and Millets|Green Leafy Vegetables|Other Vegetables|Spices and Condiments|Edible Oils and Fats|Roots and Tubers,0.95,Dal (lentil curry) is an everyday essential. Served with rice at lunch/dinner; used in breakfast items like dal-ruti.
B003,Black gram dal,বিউলির ডাল,Grain Legumes,"breakfast,lunch,dinner",main,Cereals and Millets|Green Leafy Vegetables|Other Vegetables|Spices and Condiments|Edible Oils and Fats|Roots and Tubers,0.95,Dal (lentil curry) is an everyday essential. Served with rice at lunch/dinner; used in breakfast items like dal-ruti.
B004,Black gram whole,মাষকলাই,Grain Legumes,"breakfast,lunch,dinner",main,Cereals and Millets|Green Leafy Vegetables|Other Vegetables|Spices and Condiments|Edible Oils and Fats|Roots and Tubers,0.95,Dal (lentil curry) is an everyday essential. Served with rice at lunch/dinner; used in breakfast items like dal-ruti.
B006,Cowpea,বরবটি,Grain Legumes,"breakfast,lunch,dinner",main,Cereals and Millets|Green Leafy Vegetables|Other Vegetables|Spices and Condiments|Edible Oils and Fats|Roots and Tubers,0.95,Dal (lentil curry) is an everyday essential. Served with rice at lunch/dinner; used in breakfast items like dal-ruti.
B009,Field bean,শিম,Grain Legumes,"breakfast,lunch,dinner",main,Cereals and Millets|Green Leafy Vegetables|Other Vegetables|Spices and Condiments|Edible Oils and Fats|Roots and Tubers,0.95,Dal (lentil curry) is an everyday essential. Served with rice at lunch/dinner; used in breakfast items like dal-ruti.
B010,Green gram dal,সবুজ মুগ ডাল,Grain Legumes,"breakfast,lunch,dinner",main,Cereals and Millets|Green Leafy Vegetables|Other Vegetables|Spices and Condiments|Edible Oils and Fats|Roots and Tubers,0.95,Dal (lentil curry) is an everyday essential. Served with rice at lunch/dinner; used in breakfast items like dal-ruti.
B012,Horse gram whole,কুলথি ডাল বা কুর্তি কলাই,Grain Legumes,"breakfast,lunch,dinner",main,Cereals and Millets|Green Leafy Vegetables|Other Vegetables|Spices and Condiments|Edible Oils and Fats|Roots and Tubers,0.95,Dal (lentil curry) is an everyday essential. Served with rice at lunch/dinner; used in breakfast items like dal-ruti.
B013,Lentil dal,মসুর ডাল,Grain Legumes,"breakfast,lunch,dinner",main,Cereals and Millets|Green Leafy Vegetables|Other Vegetables|Spices and Condiments|Edible Oils and Fats|Roots and Tubers,0.95,Dal (lentil curry) is an everyday essential. Served with rice at lunch/dinner; used in breakfast items like dal-ruti.
B014,Lentil whole brown,আস্ত মসুর ডাল,Grain Legumes,"breakfast,lunch,dinner",main,Cereals and Millets|Green Leafy Vegetables|Other Vegetables|Spices and Condiments|Edible Oils and Fats|Roots and Tubers,0.95,Dal (lentil curry) is an everyday essential. Served with rice at lunch/dinner; used in breakfast items like dal-ruti.
B015,Lentil whole yellowish,মুগডাল বা ছোলার ডাল,Grain Legumes,"breakfast,lunch,dinner",main,Cereals and Millets|Green Leafy Vegetables|Other Vegetables|Spices and Condiments|Edible Oils and Fats|Roots and Tubers,0.95,Dal (lentil curry) is an everyday essential. Served with rice at lunch/dinner; used in breakfast items like dal-ruti.
B016,Moth bean,বনমুগ ডাল,Grain Legumes,"breakfast,lunch,dinner",main,Cereals and Millets|Green Leafy Vegetables|Other Vegetables|Spices and Condiments|Edible Oils and Fats|Roots and Tubers,0.95,Dal (lentil curry) is an everyday essential. Served with rice at lunch/dinner; used in breakfast items like dal-ruti.
B017,Peas dry,শুকনো মটর,Grain Legumes,"breakfast,lunch,dinner",main,Cereals and Millets|Green Leafy Vegetables|Other Vegetables|Spices and Condiments|Edible Oils and Fats|Roots and Tubers,0.95,Dal (lentil curry) is an everyday essential. Served with rice at lunch/dinner; used in breakfast items like dal-ruti.
B018,Rajmah black,কালো কিডনি বিন,Grain Legumes,"breakfast,lunch,dinner",main,Cereals and Millets|Green Leafy Vegetables|Other Vegetables|Spices and Condiments|Edible Oils and Fats|Roots and Tubers,0.95,Dal (lentil curry) is an everyday essential. Served with rice at lunch/dinner; used in breakfast items like dal-ruti.
B019,Rajmah brown,বাদামী বা সাদা রাজমা,Grain Legumes,"breakfast,lunch,dinner",main,Cereals and Millets|Green Leafy Vegetables|Other Vegetables|Spices and Condiments|Edible Oils and Fats|Roots and Tubers,0.95,Dal (lentil curry) is an everyday essential. Served with rice at lunch/dinner; used in breakfast items like dal-ruti.
B020,Rajmah red,লাল কিডনি বিন,Grain Legumes,"breakfast,lunch,dinner",main,Cereals and Millets|Green Leafy Vegetables|Other Vegetables|Spices and Condiments|Edible Oils and Fats|Roots and Tubers,0.95,Dal (lentil curry) is an everyday essential. Served with rice at lunch/dinner; used in breakfast items like dal-ruti.
B022,Red gram whole,অড়হর ডাল,Grain Legumes,"breakfast,lunch,dinner",main,Cereals and Millets|Green Leafy Vegetables|Other Vegetables|Spices and Condiments|Edible Oils and Fats|Roots and Tubers,0.95,Dal (lentil curry) is an everyday essential. Served with rice at lunch/dinner; used in breakfast items like dal-ruti.
B023,Ricebean,রাম কলাই বা গাইমুং,Grain Legumes,"breakfast,lunch,dinner",main,Cereals and Millets|Green Leafy Vegetables|Other Vegetables|Spices and Condiments|Edible Oils and Fats|Roots and Tubers,0.95,Dal (lentil curry) is an everyday essential. Served with rice at lunch/dinner; used in breakfast items like dal-ruti.
B024,Soya bean brown,বাদামী সয়াবিন বা খয়েরি সয়াবিন,Grain Legumes,"breakfast,lunch,dinner",main,Cereals and Millets|Green Leafy Vegetables|Other Vegetables|Spices and Condiments|Edible Oils and Fats|Roots and Tubers,0.95,Dal (lentil curry) is an everyday essential. Served with rice at lunch/dinner; used in breakfast items like dal-ruti.
B025,Soya bean white,সাদা সয়াবিন,Grain Legumes,"breakfast,lunch,dinner",main,Cereals and Millets|Green Leafy Vegetables|Other Vegetables|Spices and Condiments|Edible Oils and Fats|Roots and Tubers,0.95,Dal (lentil curry) is an everyday essential. Served with rice at lunch/dinner; used in breakfast items like dal-ruti.
04_0001,"Agathi, raw",বকফুলের শাক,Green Leafy Vegetables,"lunch,dinner",side,Cereals and Millets|Grain Legumes|Marine Fish|Fresh Water Fish and Shellfish|Other Vegetables|Spices and Condiments|Edible Oils and Fats,0.9,Shak (leafy greens) are an essential side with rice. Iron-rich pairings with fish and dal boost nutrition.
04_0002,"Alligator weed, raw",মালঞ্চ শাক,Green Leafy Vegetables,"lunch,dinner",side,Cereals and Millets|Grain Legumes|Marine Fish|Fresh Water Fish and Shellfish|Other Vegetables|Spices and Condiments|Edible Oils and Fats,0.9,Shak (leafy greens) are an essential side with rice. Iron-rich pairings with fish and dal boost nutrition.
04_0003,"Amaranth, leaves, spiney, raw",কাঁটা নটে শাক,Green Leafy Vegetables,"lunch,dinner",side,Cereals and Millets|Grain Legumes|Marine Fish|Fresh Water Fish and Shellfish|Other Vegetables|Spices and Condiments|Edible Oils and Fats,0.9,Shak (leafy greens) are an essential side with rice. Iron-rich pairings with fish and dal boost nutrition.
04_0006,"Dock leaves, raw",চুকাই শাক বা চুকুর শাক,Green Leafy Vegetables,"lunch,dinner",side,Cereals and Millets|Grain Legumes|Marine Fish|Fresh Water Fish and Shellfish|Other Vegetables|Spices and Condiments|Edible Oils and Fats,0.9,Shak (leafy greens) are an essential side with rice. Iron-rich pairings with fish and dal boost nutrition.
04_0007,Beet greens leaves,বিটের শাক,Green Leafy Vegetables,"lunch,dinner",side,Cereals and Millets|Grain Legumes|Marine Fish|Fresh Water Fish and Shellfish|Other Vegetables|Spices and Condiments|Edible Oils and Fats,0.9,Shak (leafy greens) are an essential side with rice. Iron-rich pairings with fish and dal boost nutrition.
04_0008,"Bengal dayflower, leaves, raw",বট বা বথুয়া শাক,Green Leafy Vegetables,"lunch,dinner",side,Cereals and Millets|Grain Legumes|Marine Fish|Fresh Water Fish and Shellfish|Other Vegetables|Spices and Condiments|Edible Oils and Fats,0.9,Shak (leafy greens) are an essential side with rice. Iron-rich pairings with fish and dal boost nutrition.
04_0009,"Bitter gourd leaves, green, raw",করলা শাক,Green Leafy Vegetables,"lunch,dinner",side,Cereals and Millets|Grain Legumes|Marine Fish|Fresh Water Fish and Shellfish|Other Vegetables|Spices and Condiments|Edible Oils and Fats,0.9,Shak (leafy greens) are an essential side with rice. Iron-rich pairings with fish and dal boost nutrition.
04_0010,"Bottle gourd leaves, raw",লাউ শাক,Green Leafy Vegetables,"lunch,dinner",side,Cereals and Millets|Grain Legumes|Marine Fish|Fresh Water Fish and Shellfish|Other Vegetables|Spices and Condiments|Edible Oils and Fats,0.9,Shak (leafy greens) are an essential side with rice. Iron-rich pairings with fish and dal boost nutrition.
04_0011,"Bugleweed, raw",সাবারাং,Green Leafy Vegetables,"lunch,dinner",side,Cereals and Millets|Grain Legumes|Marine Fish|Fresh Water Fish and Shellfish|Other Vegetables|Spices and Condiments|Edible Oils and Fats,0.9,Shak (leafy greens) are an essential side with rice. Iron-rich pairings with fish and dal boost nutrition.
04_0012,"Cassava, leaves, raw",শিম আলু শাক,Green Leafy Vegetables,"lunch,dinner",side,Cereals and Millets|Grain Legumes|Marine Fish|Fresh Water Fish and Shellfish|Other Vegetables|Spices and Condiments|Edible Oils and Fats,0.9,Shak (leafy greens) are an essential side with rice. Iron-rich pairings with fish and dal boost nutrition.
04_0013,"Colocasia leaves, black, raw",কালো কচু শাক,Green Leafy Vegetables,"lunch,dinner",side,Cereals and Millets|Grain Legumes|Marine Fish|Fresh Water Fish and Shellfish|Other Vegetables|Spices and Condiments|Edible Oils and Fats,0.9,Shak (leafy greens) are an essential side with rice. Iron-rich pairings with fish and dal boost nutrition.
04_0014,"Colocasia leaves, green, raw",সবুজ কচু শাক,Green Leafy Vegetables,"lunch,dinner",side,Cereals and Millets|Grain Legumes|Marine Fish|Fresh Water Fish and Shellfish|Other Vegetables|Spices and Condiments|Edible Oils and Fats,0.9,Shak (leafy greens) are an essential side with rice. Iron-rich pairings with fish and dal boost nutrition.
04_0015,"Cowpea, leaves, raw",বরবটি পাতা,Green Leafy Vegetables,"lunch,dinner",side,Cereals and Millets|Grain Legumes|Marine Fish|Fresh Water Fish and Shellfish|Other Vegetables|Spices and Condiments|Edible Oils and Fats,0.9,Shak (leafy greens) are an essential side with rice. Iron-rich pairings with fish and dal boost nutrition.
04_0016,"Dima leaves, raw",গিমা শাক বা গিমে শাক,Green Leafy Vegetables,"lunch,dinner",side,Cereals and Millets|Grain Legumes|Marine Fish|Fresh Water Fish and Shellfish|Other Vegetables|Spices and Condiments|Edible Oils and Fats,0.9,Shak (leafy greens) are an essential side with rice. Iron-rich pairings with fish and dal boost nutrition.
04_0017,"Drumstick, leaves, raw",সজিনা পাতা,Green Leafy Vegetables,"lunch,dinner",side,Cereals and Millets|Grain Legumes|Marine Fish|Fresh Water Fish and Shellfish|Other Vegetables|Spices and Condiments|Edible Oils and Fats,0.9,Shak (leafy greens) are an essential side with rice. Iron-rich pairings with fish and dal boost nutrition.
04_0018,"Fern, leaves, raw",ঢেঁকি শাক,Green Leafy Vegetables,"lunch,dinner",side,Cereals and Millets|Grain Legumes|Marine Fish|Fresh Water Fish and Shellfish|Other Vegetables|Spices and Condiments|Edible Oils and Fats,0.9,Shak (leafy greens) are an essential side with rice. Iron-rich pairings with fish and dal boost nutrition.
04_0019,"Fenugreek, leaves, raw",মেথি শাক,Green Leafy Vegetables,"lunch,dinner",side,Cereals and Millets|Grain Legumes|Marine Fish|Fresh Water Fish and Shellfish|Other Vegetables|Spices and Condiments|Edible Oils and Fats,0.9,Shak (leafy greens) are an essential side with rice. Iron-rich pairings with fish and dal boost nutrition.
04_0021,"Jute leaves, raw",পাট শাক,Green Leafy Vegetables,"lunch,dinner",side,Cereals and Millets|Grain Legumes|Marine Fish|Fresh Water Fish and Shellfish|Other Vegetables|Spices and Condiments|Edible Oils and Fats,0.9,Shak (leafy greens) are an essential side with rice. Iron-rich pairings with fish and dal boost nutrition.
04_0022,"Pumpkin leaves, raw",মিষ্টি কুমড়ার শাক,Green Leafy Vegetables,"lunch,dinner",side,Cereals and Millets|Grain Legumes|Marine Fish|Fresh Water Fish and Shellfish|Other Vegetables|Spices and Condiments|Edible Oils and Fats,0.9,Shak (leafy greens) are an essential side with rice. Iron-rich pairings with fish and dal boost nutrition.
04_0023,"Radish leaves, raw",মুলা শাক,Green Leafy Vegetables,"lunch,dinner",side,Cereals and Millets|Grain Legumes|Marine Fish|Fresh Water Fish and Shellfish|Other Vegetables|Spices and Condiments|Edible Oils and Fats,0.9,Shak (leafy greens) are an essential side with rice. Iron-rich pairings with fish and dal boost nutrition.
04_0026,"Sweet potato leaves, raw",মিষ্টি আলুর শাক,Green Leafy Vegetables,"lunch,dinner",side,Cereals and Millets|Grain Legumes|Marine Fish|Fresh Water Fish and Shellfish|Other Vegetables|Spices and Condiments|Edible Oils and Fats,0.88,Spinach (palang shak) — iron-rich green. Excellent paired with rice and small fish.
04_0027,"Sweet potato leaves, SP4, dark green, mature, raw",মিষ্টি আলুর শাক (SP4),Green Leafy Vegetables,"lunch,dinner",side,Cereals and Millets|Grain Legumes|Marine Fish|Fresh Water Fish and Shellfish|Other Vegetables|Spices and Condiments|Edible Oils and Fats,0.9,Shak (leafy greens) are an essential side with rice. Iron-rich pairings with fish and dal boost nutrition.
04_0028,"Sweet potato leaves, SP7, dark green, mature, raw",মিষ্টি আলুর শাক (SP7),Green Leafy Vegetables,"lunch,dinner",side,Cereals and Millets|Grain Legumes|Marine Fish|Fresh Water Fish and Shellfish|Other Vegetables|Spices and Condiments|Edible Oils and Fats,0.9,Shak (leafy greens) are an essential side with rice. Iron-rich pairings with fish and dal boost nutrition.
04_0029,"Sweet potato leaves, SP8, light green, mature, raw",মিষ্টি আলুর শাক (SP8),Green Leafy Vegetables,"lunch,dinner",side,Cereals and Millets|Grain Legumes|Marine Fish|Fresh Water Fish and Shellfish|Other Vegetables|Spices and Condiments|Edible Oils and Fats,0.9,Shak (leafy greens) are an essential side with rice. Iron-rich pairings with fish and dal boost nutrition.
04_0030,"Water spinach, raw",কলমি শাক,Green Leafy Vegetables,"lunch,dinner",side,Cereals and Millets|Grain Legumes|Marine Fish|Fresh Water Fish and Shellfish|Other Vegetables|Spices and Condiments|Edible Oils and Fats,0.9,Shak (leafy greens) are an essential side with rice. Iron-rich pairings with fish and dal boost nutrition.
04_0031,"Watercress, raw",হেলেঞ্চা শাক,Green Leafy Vegetables,"lunch,dinner",side,Cereals and Millets|Grain Legumes|Marine Fish|Fresh Water Fish and Shellfish|Other Vegetables|Spices and Condiments|Edible Oils and Fats,0.9,Shak (leafy greens) are an essential side with rice. Iron-rich pairings with fish and dal boost nutrition.
04_0032,"Amaranth, leaves, red, boiled (without salt)",লাল শাক,Green Leafy Vegetables,"lunch,dinner",side,Cereals and Millets|Grain Legumes|Marine Fish|Fresh Water Fish and Shellfish|Other Vegetables|Spices and Condiments|Edible Oils and Fats,0.9,Shak (leafy greens) are an essential side with rice. Iron-rich pairings with fish and dal boost nutrition.
04_0033,"Amaranth, leaves, green, boiled (without salt)",সবুজ ডাঁটা শাক,Green Leafy Vegetables,"lunch,dinner",side,Cereals and Millets|Grain Legumes|Marine Fish|Fresh Water Fish and Shellfish|Other Vegetables|Spices and Condiments|Edible Oils and Fats,0.9,Shak (leafy greens) are an essential side with rice. Iron-rich pairings with fish and dal boost nutrition.
04_0034,"Slender amaranth leaves, boiled (without salt)",নটে শাক,Green Leafy Vegetables,"lunch,dinner",side,Cereals and Millets|Grain Legumes|Marine Fish|Fresh Water Fish and Shellfish|Other Vegetables|Spices and Condiments|Edible Oils and Fats,0.9,Shak (leafy greens) are an essential side with rice. Iron-rich pairings with fish and dal boost nutrition.
04_0035,"Spinach, boiled (without salt)",পালং শাক,Green Leafy Vegetables,"lunch,dinner",side,Cereals and Millets|Grain Legumes|Marine Fish|Fresh Water Fish and Shellfish|Other Vegetables|Spices and Condiments|Edible Oils and Fats,0.9,Shak (leafy greens) are an essential side with rice. Iron-rich pairings with fish and dal boost nutrition.
04_0036,"Indian spinach, boiled (without salt)",পুঁই শাক সিদ্ধ,Green Leafy Vegetables,"lunch,dinner",side,Cereals and Millets|Grain Legumes|Marine Fish|Fresh Water Fish and Shellfish|Other Vegetables|Spices and Condiments|Edible Oils and Fats,0.9,Shak (leafy greens) are an essential side with rice. Iron-rich pairings with fish and dal boost nutrition.
C003,Red Amaranth,লাল শাঁক,Green Leafy Vegetables,"lunch,dinner",side,Cereals and Millets|Grain Legumes|Marine Fish|Fresh Water Fish and Shellfish|Other Vegetables|Spices and Condiments|Edible Oils and Fats,0.9,Shak (leafy greens) are an essential side with rice. Iron-rich pairings with fish and dal boost nutrition.
C005,Green amaranth,ডাঁটা শাক,Green Leafy Vegetables,"lunch,dinner",side,Cereals and Millets|Grain Legumes|Marine Fish|Fresh Water Fish and Shellfish|Other Vegetables|Spices and Condiments|Edible Oils and Fats,0.9,Shak (leafy greens) are an essential side with rice. Iron-rich pairings with fish and dal boost nutrition.
C006,Amaranth spinous leaves red and green,নটে শাক,Green Leafy Vegetables,"lunch,dinner",side,Cereals and Millets|Grain Legumes|Marine Fish|Fresh Water Fish and Shellfish|Other Vegetables|Spices and Condiments|Edible Oils and Fats,0.9,Shak (leafy greens) are an essential side with rice. Iron-rich pairings with fish and dal boost nutrition.
C007,Basella leaves,পুঁইশাক,Green Leafy Vegetables,"lunch,dinner",side,Cereals and Millets|Grain Legumes|Marine Fish|Fresh Water Fish and Shellfish|Other Vegetables|Spices and Condiments|Edible Oils and Fats,0.9,Shak (leafy greens) are an essential side with rice. Iron-rich pairings with fish and dal boost nutrition.
C008,Bathua leaves,বেথো শাক,Green Leafy Vegetables,"lunch,dinner",side,Cereals and Millets|Grain Legumes|Marine Fish|Fresh Water Fish and Shellfish|Other Vegetables|Spices and Condiments|Edible Oils and Fats,0.9,Shak (leafy greens) are an essential side with rice. Iron-rich pairings with fish and dal boost nutrition.
C009,Beetroot leaves,বিটরুটের শাক,Green Leafy Vegetables,"lunch,dinner",side,Cereals and Millets|Grain Legumes|Marine Fish|Fresh Water Fish and Shellfish|Other Vegetables|Spices and Condiments|Edible Oils and Fats,0.9,Shak (leafy greens) are an essential side with rice. Iron-rich pairings with fish and dal boost nutrition.
C010,Betel leaves big,বাংলা পান,Green Leafy Vegetables,"lunch,dinner",side,Cereals and Millets|Grain Legumes|Marine Fish|Fresh Water Fish and Shellfish|Other Vegetables|Spices and Condiments|Edible Oils and Fats,0.9,Shak (leafy greens) are an essential side with rice. Iron-rich pairings with fish and dal boost nutrition.
C011,Betel leaves small,পান পাতা,Green Leafy Vegetables,"lunch,dinner",side,Cereals and Millets|Grain Legumes|Marine Fish|Fresh Water Fish and Shellfish|Other Vegetables|Spices and Condiments|Edible Oils and Fats,0.9,Shak (leafy greens) are an essential side with rice. Iron-rich pairings with fish and dal boost nutrition.
C012,Brussels sprouts,ছোট বাঁধাকপি,Green Leafy Vegetables,"lunch,dinner",side,Cereals and Millets|Grain Legumes|Marine Fish|Fresh Water Fish and Shellfish|Other Vegetables|Spices and Condiments|Edible Oils and Fats,0.9,Shak (leafy greens) are an essential side with rice. Iron-rich pairings with fish and dal boost nutrition.
C013,Cabbage Chinese,চিনা বাঁধাকপি,Green Leafy Vegetables,"lunch,dinner",side,Cereals and Millets|Grain Legumes|Marine Fish|Fresh Water Fish and Shellfish|Other Vegetables|Spices and Condiments|Edible Oils and Fats,0.9,Shak (leafy greens) are an essential side with rice. Iron-rich pairings with fish and dal boost nutrition.
C014,Cabbage collard greens,খোলা পাতাকপি শাক,Green Leafy Vegetables,"lunch,dinner",side,Cereals and Millets|Grain Legumes|Marine Fish|Fresh Water Fish and Shellfish|Other Vegetables|Spices and Condiments|Edible Oils and Fats,0.9,Shak (leafy greens) are an essential side with rice. Iron-rich pairings with fish and dal boost nutrition.
C015,Cabbage green,বাঁধাকপি,Green Leafy Vegetables,"lunch,dinner",side,Cereals and Millets|Grain Legumes|Marine Fish|Fresh Water Fish and Shellfish|Other Vegetables|Spices and Condiments|Edible Oils and Fats,0.9,Shak (leafy greens) are an essential side with rice. Iron-rich pairings with fish and dal boost nutrition.
C016,Cabbage violet,বেগুনি বাঁধাকপি,Green Leafy Vegetables,"lunch,dinner",side,Cereals and Millets|Grain Legumes|Marine Fish|Fresh Water Fish and Shellfish|Other Vegetables|Spices and Condiments|Edible Oils and Fats,0.9,Shak (leafy greens) are an essential side with rice. Iron-rich pairings with fish and dal boost nutrition.
C017,Cauliflower leaves,ফুলকপির পাতা,Green Leafy Vegetables,"lunch,dinner",side,Cereals and Millets|Grain Legumes|Marine Fish|Fresh Water Fish and Shellfish|Other Vegetables|Spices and Condiments|Edible Oils and Fats,0.9,Shak (leafy greens) are an essential side with rice. Iron-rich pairings with fish and dal boost nutrition.
C019,Drumstick leaves,সজনে পাতা,Green Leafy Vegetables,"lunch,dinner",side,Cereals and Millets|Grain Legumes|Marine Fish|Fresh Water Fish and Shellfish|Other Vegetables|Spices and Condiments|Edible Oils and Fats,0.9,Shak (leafy greens) are an essential side with rice. Iron-rich pairings with fish and dal boost nutrition.
C020,Fenugreek leaves,মেথি শাক,Green Leafy Vegetables,"lunch,dinner",side,Cereals and Millets|Grain Legumes|Marine Fish|Fresh Water Fish and Shellfish|Other Vegetables|Spices and Condiments|Edible Oils and Fats,0.9,Shak (leafy greens) are an essential side with rice. Iron-rich pairings with fish and dal boost nutrition.
C021,Garden cress,হালিম দানা,Green Leafy Vegetables,"lunch,dinner",side,Cereals and Millets|Grain Legumes|Marine Fish|Fresh Water Fish and Shellfish|Other Vegetables|Spices and Condiments|Edible Oils and Fats,0.9,Shak (leafy greens) are an essential side with rice. Iron-rich pairings with fish and dal boost nutrition.
C022,"Gogu leaves, green stem",মেস্তাপাতা,Green Leafy Vegetables,"lunch,dinner",side,Cereals and Millets|Grain Legumes|Marine Fish|Fresh Water Fish and Shellfish|Other Vegetables|Spices and Condiments|Edible Oils and Fats,0.9,Shak (leafy greens) are an essential side with rice. Iron-rich pairings with fish and dal boost nutrition.
C024,Knol-Khol leaves,ওলকপির পাতা বা শাক,Green Leafy Vegetables,"lunch,dinner",side,Cereals and Millets|Grain Legumes|Marine Fish|Fresh Water Fish and Shellfish|Other Vegetables|Spices and Condiments|Edible Oils and Fats,0.9,Shak (leafy greens) are an essential side with rice. Iron-rich pairings with fish and dal boost nutrition.
C025,Lettuce,লেটুস পাতা,Green Leafy Vegetables,"lunch,dinner",side,Cereals and Millets|Grain Legumes|Marine Fish|Fresh Water Fish and Shellfish|Other Vegetables|Spices and Condiments|Edible Oils and Fats,0.9,Shak (leafy greens) are an essential side with rice. Iron-rich pairings with fish and dal boost nutrition.
C026,Mustard leaves,সরিষা শাক,Green Leafy Vegetables,"lunch,dinner",side,Cereals and Millets|Grain Legumes|Marine Fish|Fresh Water Fish and Shellfish|Other Vegetables|Spices and Condiments|Edible Oils and Fats,0.9,Shak (leafy greens) are an essential side with rice. Iron-rich pairings with fish and dal boost nutrition.
C027,Pak Choi leaves,চাইনিজ বাঁধাকপি বা শাক,Green Leafy Vegetables,"lunch,dinner",side,Cereals and Millets|Grain Legumes|Marine Fish|Fresh Water Fish and Shellfish|Other Vegetables|Spices and Condiments|Edible Oils and Fats,0.9,Shak (leafy greens) are an essential side with rice. Iron-rich pairings with fish and dal boost nutrition.
C028,Parsley,পার্সলে পাতা,Green Leafy Vegetables,"lunch,dinner",side,Cereals and Millets|Grain Legumes|Marine Fish|Fresh Water Fish and Shellfish|Other Vegetables|Spices and Condiments|Edible Oils and Fats,0.9,Shak (leafy greens) are an essential side with rice. Iron-rich pairings with fish and dal boost nutrition.
C029,Ponnaganni,সাঁচিশাক বা শাঞ্চে শাক,Green Leafy Vegetables,"lunch,dinner",side,Cereals and Millets|Grain Legumes|Marine Fish|Fresh Water Fish and Shellfish|Other Vegetables|Spices and Condiments|Edible Oils and Fats,0.9,Shak (leafy greens) are an essential side with rice. Iron-rich pairings with fish and dal boost nutrition.
C030,Pumpkin leaves tender,কচি কুমড়ো শাক,Green Leafy Vegetables,"lunch,dinner",side,Cereals and Millets|Grain Legumes|Marine Fish|Fresh Water Fish and Shellfish|Other Vegetables|Spices and Condiments|Edible Oils and Fats,0.9,Shak (leafy greens) are an essential side with rice. Iron-rich pairings with fish and dal boost nutrition.
C031,Radish leaves,মুলো শাক,Green Leafy Vegetables,"lunch,dinner",side,Cereals and Millets|Grain Legumes|Marine Fish|Fresh Water Fish and Shellfish|Other Vegetables|Spices and Condiments|Edible Oils and Fats,0.9,Shak (leafy greens) are an essential side with rice. Iron-rich pairings with fish and dal boost nutrition.
C032,Rumex leaves,বন পালং,Green Leafy Vegetables,"lunch,dinner",side,Cereals and Millets|Grain Legumes|Marine Fish|Fresh Water Fish and Shellfish|Other Vegetables|Spices and Condiments|Edible Oils and Fats,0.9,Shak (leafy greens) are an essential side with rice. Iron-rich pairings with fish and dal boost nutrition.
C033,Spinach,পালং শাক,Green Leafy Vegetables,"lunch,dinner",side,Cereals and Millets|Grain Legumes|Marine Fish|Fresh Water Fish and Shellfish|Other Vegetables|Spices and Condiments|Edible Oils and Fats,0.9,Shak (leafy greens) are an essential side with rice. Iron-rich pairings with fish and dal boost nutrition.
09_0001,"Anchovy, Gangetic hairfin, dried",ফেশা শুঁটকি,Marine Fish,"lunch,dinner",main,Cereals and Millets|Grain Legumes|Green Leafy Vegetables|Other Vegetables|Roots and Tubers|Spices and Condiments|Edible Oils and Fats,0.95,"Fish is the heart of Bangladeshi cuisine. Ilish, Rui, Catla etc. served with rice. Pairs with mustard-based gravies."
09_0003,"Anchovy, Gold spotted grebadier, raw",অলুয়া,Marine Fish,"lunch,dinner",main,Cereals and Millets|Grain Legumes|Green Leafy Vegetables|Other Vegetables|Roots and Tubers|Spices and Condiments|Edible Oils and Fats,0.95,"Fish is the heart of Bangladeshi cuisine. Ilish, Rui, Catla etc. served with rice. Pairs with mustard-based gravies."
09_0004,"Anchovy, Scaly hairfin, raw",তেলি ফাসা,Marine Fish,"lunch,dinner",main,Cereals and Millets|Grain Legumes|Green Leafy Vegetables|Other Vegetables|Roots and Tubers|Spices and Condiments|Edible Oils and Fats,0.95,"Fish is the heart of Bangladeshi cuisine. Ilish, Rui, Catla etc. served with rice. Pairs with mustard-based gravies."
09_0005,"Barb, Olive, raw",সরপুঁটি,Marine Fish,"lunch,dinner",main,Cereals and Millets|Grain Legumes|Green Leafy Vegetables|Other Vegetables|Roots and Tubers|Spices and Condiments|Edible Oils and Fats,0.95,"Fish is the heart of Bangladeshi cuisine. Ilish, Rui, Catla etc. served with rice. Pairs with mustard-based gravies."
09_0008,"Barb, Pool barb, without bones, eyes included, raw",পুঁটি মাছ,Marine Fish,"lunch,dinner",main,Cereals and Millets|Grain Legumes|Green Leafy Vegetables|Other Vegetables|Roots and Tubers|Spices and Condiments|Edible Oils and Fats,0.95,"Fish is the heart of Bangladeshi cuisine. Ilish, Rui, Catla etc. served with rice. Pairs with mustard-based gravies."
09_0009,"Bata, raw",বাটা মাছ,Marine Fish,"lunch,dinner",main,Cereals and Millets|Grain Legumes|Green Leafy Vegetables|Other Vegetables|Roots and Tubers|Spices and Condiments|Edible Oils and Fats,0.95,"Fish is the heart of Bangladeshi cuisine. Ilish, Rui, Catla etc. served with rice. Pairs with mustard-based gravies."
09_0010,"Boal, without bones, raw",বোয়াল মাছ,Marine Fish,"lunch,dinner",main,Cereals and Millets|Grain Legumes|Green Leafy Vegetables|Other Vegetables|Roots and Tubers|Spices and Condiments|Edible Oils and Fats,0.95,"Fish is the heart of Bangladeshi cuisine. Ilish, Rui, Catla etc. served with rice. Pairs with mustard-based gravies."
09_0011,"Bronze feather back, raw",ফলি মাছ,Marine Fish,"lunch,dinner",main,Cereals and Millets|Grain Legumes|Green Leafy Vegetables|Other Vegetables|Roots and Tubers|Spices and Condiments|Edible Oils and Fats,0.95,"Fish is the heart of Bangladeshi cuisine. Ilish, Rui, Catla etc. served with rice. Pairs with mustard-based gravies."
09_0012,"Calbasu, without bones, raw",কালিবাউশ মাছ,Marine Fish,"lunch,dinner",main,Cereals and Millets|Grain Legumes|Green Leafy Vegetables|Other Vegetables|Roots and Tubers|Spices and Condiments|Edible Oils and Fats,0.95,"Fish is the heart of Bangladeshi cuisine. Ilish, Rui, Catla etc. served with rice. Pairs with mustard-based gravies."
09_0013,"Catfish, Bacha, raw",বাচা মাছ,Marine Fish,"lunch,dinner",main,Cereals and Millets|Grain Legumes|Green Leafy Vegetables|Other Vegetables|Roots and Tubers|Spices and Condiments|Edible Oils and Fats,0.95,"Fish is the heart of Bangladeshi cuisine. Ilish, Rui, Catla etc. served with rice. Pairs with mustard-based gravies."
09_0014,"Catfish, Pabda, raw",পাবদা মাছ,Marine Fish,"lunch,dinner",main,Cereals and Millets|Grain Legumes|Green Leafy Vegetables|Other Vegetables|Roots and Tubers|Spices and Condiments|Edible Oils and Fats,0.95,"Fish is the heart of Bangladeshi cuisine. Ilish, Rui, Catla etc. served with rice. Pairs with mustard-based gravies."
09_0015,"Catla, raw",কাতলা মাছ,Marine Fish,"lunch,dinner",main,Cereals and Millets|Grain Legumes|Green Leafy Vegetables|Other Vegetables|Roots and Tubers|Spices and Condiments|Edible Oils and Fats,0.95,"Fish is the heart of Bangladeshi cuisine. Ilish, Rui, Catla etc. served with rice. Pairs with mustard-based gravies."
09_0016,"Chanda, Indian glaasy fish, eyes included, raw",রাঙা চাঁদা,Marine Fish,"lunch,dinner",main,Cereals and Millets|Grain Legumes|Green Leafy Vegetables|Other Vegetables|Roots and Tubers|Spices and Condiments|Edible Oils and Fats,0.95,"Fish is the heart of Bangladeshi cuisine. Ilish, Rui, Catla etc. served with rice. Pairs with mustard-based gravies."
09_0017,"Climbing perch, indigenous, eyes included, raw",দেশি কই মাছ,Marine Fish,"lunch,dinner",main,Cereals and Millets|Grain Legumes|Green Leafy Vegetables|Other Vegetables|Roots and Tubers|Spices and Condiments|Edible Oils and Fats,0.95,"Fish is the heart of Bangladeshi cuisine. Ilish, Rui, Catla etc. served with rice. Pairs with mustard-based gravies."
09_0018,"Climbing perch, Thai, without bones, eyes included, raw",থাই কই মাছ,Marine Fish,"lunch,dinner",main,Cereals and Millets|Grain Legumes|Green Leafy Vegetables|Other Vegetables|Roots and Tubers|Spices and Condiments|Edible Oils and Fats,0.95,"Fish is the heart of Bangladeshi cuisine. Ilish, Rui, Catla etc. served with rice. Pairs with mustard-based gravies."
09_0019,"Clown knife fish, without bones, raw",চিতল মাছ,Marine Fish,"lunch,dinner",main,Cereals and Millets|Grain Legumes|Green Leafy Vegetables|Other Vegetables|Roots and Tubers|Spices and Condiments|Edible Oils and Fats,0.95,"Fish is the heart of Bangladeshi cuisine. Ilish, Rui, Catla etc. served with rice. Pairs with mustard-based gravies."
09_0020,"Common carp, without bones, raw",পাতি কার্প,Marine Fish,"lunch,dinner",main,Cereals and Millets|Grain Legumes|Green Leafy Vegetables|Other Vegetables|Roots and Tubers|Spices and Condiments|Edible Oils and Fats,0.95,"Fish is the heart of Bangladeshi cuisine. Ilish, Rui, Catla etc. served with rice. Pairs with mustard-based gravies."
09_0021,"Croaker, Black spotted, without bones, raw",পোয়া মাছ,Marine Fish,"lunch,dinner",main,Cereals and Millets|Grain Legumes|Green Leafy Vegetables|Other Vegetables|Roots and Tubers|Spices and Condiments|Edible Oils and Fats,0.95,"Fish is the heart of Bangladeshi cuisine. Ilish, Rui, Catla etc. served with rice. Pairs with mustard-based gravies."
09_0022,"Day's mystus, combined species, eyes included, raw",টেংরা মাছ,Marine Fish,"lunch,dinner",main,Cereals and Millets|Grain Legumes|Green Leafy Vegetables|Other Vegetables|Roots and Tubers|Spices and Condiments|Edible Oils and Fats,0.95,"Fish is the heart of Bangladeshi cuisine. Ilish, Rui, Catla etc. served with rice. Pairs with mustard-based gravies."
09_0023,"Fish (Catla, Mrigal, Rohu), dorsal with skin, raw","(রুই, কাতলা ও মৃগেল) মাছের গাদা",Marine Fish,"lunch,dinner",main,Cereals and Millets|Grain Legumes|Green Leafy Vegetables|Other Vegetables|Roots and Tubers|Spices and Condiments|Edible Oils and Fats,0.95,"Fish is the heart of Bangladeshi cuisine. Ilish, Rui, Catla etc. served with rice. Pairs with mustard-based gravies."
09_0025,"Ganges river sprat, combined species, raw",বিভিন্ন প্রজাতির কবচকি মাছ,Marine Fish,"lunch,dinner",main,Cereals and Millets|Grain Legumes|Green Leafy Vegetables|Other Vegetables|Roots and Tubers|Spices and Condiments|Edible Oils and Fats,0.95,"Fish is the heart of Bangladeshi cuisine. Ilish, Rui, Catla etc. served with rice. Pairs with mustard-based gravies."
09_0026,"Gangetic ailia, raw",কাজলি মাছ,Marine Fish,"lunch,dinner",main,Cereals and Millets|Grain Legumes|Green Leafy Vegetables|Other Vegetables|Roots and Tubers|Spices and Condiments|Edible Oils and Fats,0.95,"Fish is the heart of Bangladeshi cuisine. Ilish, Rui, Catla etc. served with rice. Pairs with mustard-based gravies."
09_0027,"Gangetic mystus, raw",গুলশা মাছ,Marine Fish,"lunch,dinner",main,Cereals and Millets|Grain Legumes|Green Leafy Vegetables|Other Vegetables|Roots and Tubers|Spices and Condiments|Edible Oils and Fats,0.95,"Fish is the heart of Bangladeshi cuisine. Ilish, Rui, Catla etc. served with rice. Pairs with mustard-based gravies."
09_0028,"Giant river-catfish, raw",গুইজ্জা মাছ,Marine Fish,"lunch,dinner",main,Cereals and Millets|Grain Legumes|Green Leafy Vegetables|Other Vegetables|Roots and Tubers|Spices and Condiments|Edible Oils and Fats,0.95,"Fish is the heart of Bangladeshi cuisine. Ilish, Rui, Catla etc. served with rice. Pairs with mustard-based gravies."
09_0029,"Giant sea perch, whole, dried",ভেটকি শুঁটকি,Marine Fish,"lunch,dinner",main,Cereals and Millets|Grain Legumes|Green Leafy Vegetables|Other Vegetables|Roots and Tubers|Spices and Condiments|Edible Oils and Fats,0.95,"Fish is the heart of Bangladeshi cuisine. Ilish, Rui, Catla etc. served with rice. Pairs with mustard-based gravies."
09_0031,"Goby, Tank goby, raw",বেলে মাছ,Marine Fish,"lunch,dinner",main,Cereals and Millets|Grain Legumes|Green Leafy Vegetables|Other Vegetables|Roots and Tubers|Spices and Condiments|Edible Oils and Fats,0.95,"Fish is the heart of Bangladeshi cuisine. Ilish, Rui, Catla etc. served with rice. Pairs with mustard-based gravies."
09_0032,"Gourami, Banded gourami, eyes included, raw",চোখ সহ খলিশা মাছ,Marine Fish,"lunch,dinner",main,Cereals and Millets|Grain Legumes|Green Leafy Vegetables|Other Vegetables|Roots and Tubers|Spices and Condiments|Edible Oils and Fats,0.95,"Fish is the heart of Bangladeshi cuisine. Ilish, Rui, Catla etc. served with rice. Pairs with mustard-based gravies."
09_0033,"Hilsha, without bones, raw",ইলিশ মাছ কাঁটা ছাড়া,Marine Fish,"lunch,dinner",main,Cereals and Millets|Grain Legumes|Green Leafy Vegetables|Other Vegetables|Roots and Tubers|Spices and Condiments|Edible Oils and Fats,0.95,"Fish is the heart of Bangladeshi cuisine. Ilish, Rui, Catla etc. served with rice. Pairs with mustard-based gravies."
09_0034,"Indian river shad, raw",চাপিলা,Marine Fish,"lunch,dinner",main,Cereals and Millets|Grain Legumes|Green Leafy Vegetables|Other Vegetables|Roots and Tubers|Spices and Condiments|Edible Oils and Fats,0.95,"Fish is the heart of Bangladeshi cuisine. Ilish, Rui, Catla etc. served with rice. Pairs with mustard-based gravies."
09_0035,"Indian threadfin, without bones, raw",লাক্ষা মাছ কাঁটা ছাড়া,Marine Fish,"lunch,dinner",main,Cereals and Millets|Grain Legumes|Green Leafy Vegetables|Other Vegetables|Roots and Tubers|Spices and Condiments|Edible Oils and Fats,0.95,"Fish is the heart of Bangladeshi cuisine. Ilish, Rui, Catla etc. served with rice. Pairs with mustard-based gravies."
09_0036,"Indo-pacific king mackerel, without bones, raw",সুরমা বা বিজোরা মাছ,Marine Fish,"lunch,dinner",main,Cereals and Millets|Grain Legumes|Green Leafy Vegetables|Other Vegetables|Roots and Tubers|Spices and Condiments|Edible Oils and Fats,0.95,"Fish is the heart of Bangladeshi cuisine. Ilish, Rui, Catla etc. served with rice. Pairs with mustard-based gravies."
09_0037,"Kuria labeo, without bones, raw",গনিয়া মাছ,Marine Fish,"lunch,dinner",main,Cereals and Millets|Grain Legumes|Green Leafy Vegetables|Other Vegetables|Roots and Tubers|Spices and Condiments|Edible Oils and Fats,0.95,"Fish is the heart of Bangladeshi cuisine. Ilish, Rui, Catla etc. served with rice. Pairs with mustard-based gravies."
09_0038,"Long-whiskered catfish, without bones, raw",আড় মাছ,Marine Fish,"lunch,dinner",main,Cereals and Millets|Grain Legumes|Green Leafy Vegetables|Other Vegetables|Roots and Tubers|Spices and Condiments|Edible Oils and Fats,0.95,"Fish is the heart of Bangladeshi cuisine. Ilish, Rui, Catla etc. served with rice. Pairs with mustard-based gravies."
09_0039,"Mackerel, narrow-barred Spanish, raw",চম্পা মাছ,Marine Fish,"lunch,dinner",main,Cereals and Millets|Grain Legumes|Green Leafy Vegetables|Other Vegetables|Roots and Tubers|Spices and Condiments|Edible Oils and Fats,0.95,"Fish is the heart of Bangladeshi cuisine. Ilish, Rui, Catla etc. served with rice. Pairs with mustard-based gravies."
09_0040,"Minnow, Finescale razorbelly, raw",ফুলচেলা মাছ,Marine Fish,"lunch,dinner",main,Cereals and Millets|Grain Legumes|Green Leafy Vegetables|Other Vegetables|Roots and Tubers|Spices and Condiments|Edible Oils and Fats,0.95,"Fish is the heart of Bangladeshi cuisine. Ilish, Rui, Catla etc. served with rice. Pairs with mustard-based gravies."
09_0041,"Minnow, Finescale razorbelly, dried",শুকনো ফুলচেলা মাছ,Marine Fish,"lunch,dinner",main,Cereals and Millets|Grain Legumes|Green Leafy Vegetables|Other Vegetables|Roots and Tubers|Spices and Condiments|Edible Oils and Fats,0.95,"Fish is the heart of Bangladeshi cuisine. Ilish, Rui, Catla etc. served with rice. Pairs with mustard-based gravies."
09_0042,"Minnow, Large scale razorbelly, raw",নারকেলি চেলা মাছ,Marine Fish,"lunch,dinner",main,Cereals and Millets|Grain Legumes|Green Leafy Vegetables|Other Vegetables|Roots and Tubers|Spices and Condiments|Edible Oils and Fats,0.95,"Fish is the heart of Bangladeshi cuisine. Ilish, Rui, Catla etc. served with rice. Pairs with mustard-based gravies."
09_0043,"Mola carplet, whole, eyes included, raw",মলা মাছ,Marine Fish,"lunch,dinner",main,Cereals and Millets|Grain Legumes|Green Leafy Vegetables|Other Vegetables|Roots and Tubers|Spices and Condiments|Edible Oils and Fats,0.95,"Fish is the heart of Bangladeshi cuisine. Ilish, Rui, Catla etc. served with rice. Pairs with mustard-based gravies."
09_0044,"Mrigal carp, eyes included, raw",মৃগেল মাছ,Marine Fish,"lunch,dinner",main,Cereals and Millets|Grain Legumes|Green Leafy Vegetables|Other Vegetables|Roots and Tubers|Spices and Condiments|Edible Oils and Fats,0.95,"Fish is the heart of Bangladeshi cuisine. Ilish, Rui, Catla etc. served with rice. Pairs with mustard-based gravies."
09_0045,"Mullet, Gold spot, raw",বাটা মাছ,Marine Fish,"lunch,dinner",main,Cereals and Millets|Grain Legumes|Green Leafy Vegetables|Other Vegetables|Roots and Tubers|Spices and Condiments|Edible Oils and Fats,0.95,"Fish is the heart of Bangladeshi cuisine. Ilish, Rui, Catla etc. served with rice. Pairs with mustard-based gravies."
09_0047,"Pangas, without bones, raw",পাঙাশ মাছ,Marine Fish,"lunch,dinner",main,Cereals and Millets|Grain Legumes|Green Leafy Vegetables|Other Vegetables|Roots and Tubers|Spices and Condiments|Edible Oils and Fats,0.95,"Fish is the heart of Bangladeshi cuisine. Ilish, Rui, Catla etc. served with rice. Pairs with mustard-based gravies."
09_0048,"Perch, Mud, raw",মেনি মাছ,Marine Fish,"lunch,dinner",main,Cereals and Millets|Grain Legumes|Green Leafy Vegetables|Other Vegetables|Roots and Tubers|Spices and Condiments|Edible Oils and Fats,0.95,"Fish is the heart of Bangladeshi cuisine. Ilish, Rui, Catla etc. served with rice. Pairs with mustard-based gravies."
09_0049,"Pomfret, Black, raw",কালো রূপচাঁদা,Marine Fish,"lunch,dinner",main,Cereals and Millets|Grain Legumes|Green Leafy Vegetables|Other Vegetables|Roots and Tubers|Spices and Condiments|Edible Oils and Fats,0.95,"Fish is the heart of Bangladeshi cuisine. Ilish, Rui, Catla etc. served with rice. Pairs with mustard-based gravies."
09_0050,"Pomfret, Chinese Silver, raw",রূপচাঁদা চাইনিজ,Marine Fish,"lunch,dinner",main,Cereals and Millets|Grain Legumes|Green Leafy Vegetables|Other Vegetables|Roots and Tubers|Spices and Condiments|Edible Oils and Fats,0.95,"Fish is the heart of Bangladeshi cuisine. Ilish, Rui, Catla etc. served with rice. Pairs with mustard-based gravies."
09_0051,"Pomfret, Silver, dried",রূপচাঁদা সাদার শুঁটকি,Marine Fish,"lunch,dinner",main,Cereals and Millets|Grain Legumes|Green Leafy Vegetables|Other Vegetables|Roots and Tubers|Spices and Condiments|Edible Oils and Fats,0.95,"Fish is the heart of Bangladeshi cuisine. Ilish, Rui, Catla etc. served with rice. Pairs with mustard-based gravies."
09_0052,"Pomfret, Silver, without bones, raw",সাদা রূপচাঁদা,Marine Fish,"lunch,dinner",main,Cereals and Millets|Grain Legumes|Green Leafy Vegetables|Other Vegetables|Roots and Tubers|Spices and Condiments|Edible Oils and Fats,0.95,"Fish is the heart of Bangladeshi cuisine. Ilish, Rui, Catla etc. served with rice. Pairs with mustard-based gravies."
09_0053,"Prawn, Birma river prawn, raw",বিরমা নদীর চিংড়ি,Marine Fish,"lunch,dinner",main,Cereals and Millets|Grain Legumes|Green Leafy Vegetables|Other Vegetables|Roots and Tubers|Spices and Condiments|Edible Oils and Fats,0.95,"Fish is the heart of Bangladeshi cuisine. Ilish, Rui, Catla etc. served with rice. Pairs with mustard-based gravies."
09_0054,"Prawn, Giant river prawn, raw",গলদা চিংড়ি,Marine Fish,"lunch,dinner",main,Cereals and Millets|Grain Legumes|Green Leafy Vegetables|Other Vegetables|Roots and Tubers|Spices and Condiments|Edible Oils and Fats,1.0,Ilish (Hilsa) — national fish. Sarsha ilish with rice is iconic. Premium pairing.
09_0055,"Prawn, Giant tiger prawn, raw",বাগদা চিংড়ি,Marine Fish,"lunch,dinner",main,Cereals and Millets|Grain Legumes|Green Leafy Vegetables|Other Vegetables|Roots and Tubers|Spices and Condiments|Edible Oils and Fats,0.95,"Fish is the heart of Bangladeshi cuisine. Ilish, Rui, Catla etc. served with rice. Pairs with mustard-based gravies."
09_0056,"Prawn, Hairy river prawn, raw",চিংড়ি,Marine Fish,"lunch,dinner",main,Cereals and Millets|Grain Legumes|Green Leafy Vegetables|Other Vegetables|Roots and Tubers|Spices and Condiments|Edible Oils and Fats,0.95,"Fish is the heart of Bangladeshi cuisine. Ilish, Rui, Catla etc. served with rice. Pairs with mustard-based gravies."
09_0057,"Prawn, Indian white prawn, raw",মিঠা পানির চিংড়ি,Marine Fish,"lunch,dinner",main,Cereals and Millets|Grain Legumes|Green Leafy Vegetables|Other Vegetables|Roots and Tubers|Spices and Condiments|Edible Oils and Fats,0.95,"Fish is the heart of Bangladeshi cuisine. Ilish, Rui, Catla etc. served with rice. Pairs with mustard-based gravies."
09_0058,"Prawn, Monsoon river prawn, raw",ছাটকা চিংড়ি,Marine Fish,"lunch,dinner",main,Cereals and Millets|Grain Legumes|Green Leafy Vegetables|Other Vegetables|Roots and Tubers|Spices and Condiments|Edible Oils and Fats,0.95,"Fish is the heart of Bangladeshi cuisine. Ilish, Rui, Catla etc. served with rice. Pairs with mustard-based gravies."
09_0059,"Rohu, river, raw",নদীর রুই,Marine Fish,"lunch,dinner",main,Cereals and Millets|Grain Legumes|Green Leafy Vegetables|Other Vegetables|Roots and Tubers|Spices and Condiments|Edible Oils and Fats,0.95,"Fish is the heart of Bangladeshi cuisine. Ilish, Rui, Catla etc. served with rice. Pairs with mustard-based gravies."
09_0060,"Rohu, without bones, raw",রুই মাছ,Marine Fish,"lunch,dinner",main,Cereals and Millets|Grain Legumes|Green Leafy Vegetables|Other Vegetables|Roots and Tubers|Spices and Condiments|Edible Oils and Fats,0.95,"Fish is the heart of Bangladeshi cuisine. Ilish, Rui, Catla etc. served with rice. Pairs with mustard-based gravies."
09_0061,"Shrimp, Speckled, raw",হরিনা চিংড়ি,Marine Fish,"lunch,dinner",main,Cereals and Millets|Grain Legumes|Green Leafy Vegetables|Other Vegetables|Roots and Tubers|Spices and Condiments|Edible Oils and Fats,0.95,"Fish is the heart of Bangladeshi cuisine. Ilish, Rui, Catla etc. served with rice. Pairs with mustard-based gravies."
09_0062,"Silver carp, without bones, raw",সিলভার কার্প মাছ,Marine Fish,"lunch,dinner",main,Cereals and Millets|Grain Legumes|Green Leafy Vegetables|Other Vegetables|Roots and Tubers|Spices and Condiments|Edible Oils and Fats,0.95,"Fish is the heart of Bangladeshi cuisine. Ilish, Rui, Catla etc. served with rice. Pairs with mustard-based gravies."
09_0063,"Silver needle fish, eyes included, raw",কাকিলা মাছ,Marine Fish,"lunch,dinner",main,Cereals and Millets|Grain Legumes|Green Leafy Vegetables|Other Vegetables|Roots and Tubers|Spices and Condiments|Edible Oils and Fats,0.95,"Fish is the heart of Bangladeshi cuisine. Ilish, Rui, Catla etc. served with rice. Pairs with mustard-based gravies."
09_0064,"Spotted snakehead, raw",টাকি মাছ,Marine Fish,"lunch,dinner",main,Cereals and Millets|Grain Legumes|Green Leafy Vegetables|Other Vegetables|Roots and Tubers|Spices and Condiments|Edible Oils and Fats,0.95,"Fish is the heart of Bangladeshi cuisine. Ilish, Rui, Catla etc. served with rice. Pairs with mustard-based gravies."
09_0065,"Stinging catfish, raw",শিং মাছের,Marine Fish,"lunch,dinner",main,Cereals and Millets|Grain Legumes|Green Leafy Vegetables|Other Vegetables|Roots and Tubers|Spices and Condiments|Edible Oils and Fats,0.95,"Fish is the heart of Bangladeshi cuisine. Ilish, Rui, Catla etc. served with rice. Pairs with mustard-based gravies."
09_0066,"Stone roller, raw",টাটকিনি,Marine Fish,"lunch,dinner",main,Cereals and Millets|Grain Legumes|Green Leafy Vegetables|Other Vegetables|Roots and Tubers|Spices and Condiments|Edible Oils and Fats,0.95,"Fish is the heart of Bangladeshi cuisine. Ilish, Rui, Catla etc. served with rice. Pairs with mustard-based gravies."
09_0067,"Striped snake-head, raw",শোল মাছ,Marine Fish,"lunch,dinner",main,Cereals and Millets|Grain Legumes|Green Leafy Vegetables|Other Vegetables|Roots and Tubers|Spices and Condiments|Edible Oils and Fats,0.95,"Fish is the heart of Bangladeshi cuisine. Ilish, Rui, Catla etc. served with rice. Pairs with mustard-based gravies."
09_0068,"Tilapia, without bones, raw",তেলাপিয়া মাছ,Marine Fish,"lunch,dinner",main,Cereals and Millets|Grain Legumes|Green Leafy Vegetables|Other Vegetables|Roots and Tubers|Spices and Condiments|Edible Oils and Fats,0.95,"Fish is the heart of Bangladeshi cuisine. Ilish, Rui, Catla etc. served with rice. Pairs with mustard-based gravies."
09_0069,"Tuna, without bones, raw",টুনা মাছ,Marine Fish,"lunch,dinner",main,Cereals and Millets|Grain Legumes|Green Leafy Vegetables|Other Vegetables|Roots and Tubers|Spices and Condiments|Edible Oils and Fats,0.95,"Fish is the heart of Bangladeshi cuisine. Ilish, Rui, Catla etc. served with rice. Pairs with mustard-based gravies."
09_0070,"Walking catfish, without bones, raw",মাগুর মাছ,Marine Fish,"lunch,dinner",main,Cereals and Millets|Grain Legumes|Green Leafy Vegetables|Other Vegetables|Roots and Tubers|Spices and Condiments|Edible Oils and Fats,0.95,"Fish is the heart of Bangladeshi cuisine. Ilish, Rui, Catla etc. served with rice. Pairs with mustard-based gravies."
09_0071,Small fish fry,কাচকি মাছ ভাজা,Marine Fish,"lunch,dinner",main,Cereals and Millets|Grain Legumes|Green Leafy Vegetables|Other Vegetables|Roots and Tubers|Spices and Condiments|Edible Oils and Fats,0.95,"Fish is the heart of Bangladeshi cuisine. Ilish, Rui, Catla etc. served with rice. Pairs with mustard-based gravies."
09_0072,Fish ball,মাছের কোফতা,Marine Fish,"lunch,dinner",main,Cereals and Millets|Grain Legumes|Green Leafy Vegetables|Other Vegetables|Roots and Tubers|Spices and Condiments|Edible Oils and Fats,0.95,"Fish is the heart of Bangladeshi cuisine. Ilish, Rui, Catla etc. served with rice. Pairs with mustard-based gravies."
P002,Aluva,কালো রূপচাঁদা,Marine Fish,"lunch,dinner",main,Cereals and Millets|Grain Legumes|Green Leafy Vegetables|Other Vegetables|Roots and Tubers|Spices and Condiments|Edible Oils and Fats,0.95,"Fish is the heart of Bangladeshi cuisine. Ilish, Rui, Catla etc. served with rice. Pairs with mustard-based gravies."
P003,Anchovy,কাচকি মাছ,Marine Fish,"lunch,dinner",main,Cereals and Millets|Grain Legumes|Green Leafy Vegetables|Other Vegetables|Roots and Tubers|Spices and Condiments|Edible Oils and Fats,0.95,"Fish is the heart of Bangladeshi cuisine. Ilish, Rui, Catla etc. served with rice. Pairs with mustard-based gravies."
P005,Betki,ভেটকি বা কোরাল মাছ,Marine Fish,"lunch,dinner",main,Cereals and Millets|Grain Legumes|Green Leafy Vegetables|Other Vegetables|Roots and Tubers|Spices and Condiments|Edible Oils and Fats,0.95,"Fish is the heart of Bangladeshi cuisine. Ilish, Rui, Catla etc. served with rice. Pairs with mustard-based gravies."
P006,Black snapper,কালো কোরাল,Marine Fish,"lunch,dinner",main,Cereals and Millets|Grain Legumes|Green Leafy Vegetables|Other Vegetables|Roots and Tubers|Spices and Condiments|Edible Oils and Fats,0.95,"Fish is the heart of Bangladeshi cuisine. Ilish, Rui, Catla etc. served with rice. Pairs with mustard-based gravies."
P007,Bombay duck,লইট্টা মাছ,Marine Fish,"lunch,dinner",main,Cereals and Millets|Grain Legumes|Green Leafy Vegetables|Other Vegetables|Roots and Tubers|Spices and Condiments|Edible Oils and Fats,0.95,"Fish is the heart of Bangladeshi cuisine. Ilish, Rui, Catla etc. served with rice. Pairs with mustard-based gravies."
P009,Cat fish,মাগুর মাছ,Marine Fish,"lunch,dinner",main,Cereals and Millets|Grain Legumes|Green Leafy Vegetables|Other Vegetables|Roots and Tubers|Spices and Condiments|Edible Oils and Fats,0.95,"Fish is the heart of Bangladeshi cuisine. Ilish, Rui, Catla etc. served with rice. Pairs with mustard-based gravies."
P010,Chakla,সাগর গজার,Marine Fish,"lunch,dinner",main,Cereals and Millets|Grain Legumes|Green Leafy Vegetables|Other Vegetables|Roots and Tubers|Spices and Condiments|Edible Oils and Fats,0.95,"Fish is the heart of Bangladeshi cuisine. Ilish, Rui, Catla etc. served with rice. Pairs with mustard-based gravies."
P011,Chappal,পটকা মাছ,Marine Fish,"lunch,dinner",main,Cereals and Millets|Grain Legumes|Green Leafy Vegetables|Other Vegetables|Roots and Tubers|Spices and Condiments|Edible Oils and Fats,0.95,"Fish is the heart of Bangladeshi cuisine. Ilish, Rui, Catla etc. served with rice. Pairs with mustard-based gravies."
P012,Chelu,তোতা মাছ,Marine Fish,"lunch,dinner",main,Cereals and Millets|Grain Legumes|Green Leafy Vegetables|Other Vegetables|Roots and Tubers|Spices and Condiments|Edible Oils and Fats,0.95,"Fish is the heart of Bangladeshi cuisine. Ilish, Rui, Catla etc. served with rice. Pairs with mustard-based gravies."
P013,Chembali,লাল কোরাল,Marine Fish,"lunch,dinner",main,Cereals and Millets|Grain Legumes|Green Leafy Vegetables|Other Vegetables|Roots and Tubers|Spices and Condiments|Edible Oils and Fats,0.95,"Fish is the heart of Bangladeshi cuisine. Ilish, Rui, Catla etc. served with rice. Pairs with mustard-based gravies."
P017,Hilsa,ইলিশ মাছ,Marine Fish,"lunch,dinner",main,Cereals and Millets|Grain Legumes|Green Leafy Vegetables|Other Vegetables|Roots and Tubers|Spices and Condiments|Edible Oils and Fats,0.95,"Fish is the heart of Bangladeshi cuisine. Ilish, Rui, Catla etc. served with rice. Pairs with mustard-based gravies."
P018,Jallal,ট্যাংরা মাছ,Marine Fish,"lunch,dinner",main,Cereals and Millets|Grain Legumes|Green Leafy Vegetables|Other Vegetables|Roots and Tubers|Spices and Condiments|Edible Oils and Fats,0.95,"Fish is the heart of Bangladeshi cuisine. Ilish, Rui, Catla etc. served with rice. Pairs with mustard-based gravies."
P019,Jathi vela meen,কারুয়া কোরাল,Marine Fish,"lunch,dinner",main,Cereals and Millets|Grain Legumes|Green Leafy Vegetables|Other Vegetables|Roots and Tubers|Spices and Condiments|Edible Oils and Fats,0.95,"Fish is the heart of Bangladeshi cuisine. Ilish, Rui, Catla etc. served with rice. Pairs with mustard-based gravies."
P020,Kadal bral,কোবিয়া বা সাগর শোল,Marine Fish,"lunch,dinner",main,Cereals and Millets|Grain Legumes|Green Leafy Vegetables|Other Vegetables|Roots and Tubers|Spices and Condiments|Edible Oils and Fats,0.95,"Fish is the heart of Bangladeshi cuisine. Ilish, Rui, Catla etc. served with rice. Pairs with mustard-based gravies."
P021,Kadali,কদলি,Marine Fish,"lunch,dinner",main,Cereals and Millets|Grain Legumes|Green Leafy Vegetables|Other Vegetables|Roots and Tubers|Spices and Condiments|Edible Oils and Fats,0.95,"Fish is the heart of Bangladeshi cuisine. Ilish, Rui, Catla etc. served with rice. Pairs with mustard-based gravies."
P022,Kalamaara,তপসে মাছ,Marine Fish,"lunch,dinner",main,Cereals and Millets|Grain Legumes|Green Leafy Vegetables|Other Vegetables|Roots and Tubers|Spices and Condiments|Edible Oils and Fats,0.95,"Fish is the heart of Bangladeshi cuisine. Ilish, Rui, Catla etc. served with rice. Pairs with mustard-based gravies."
P028,Thunnus albacares,টুনা মাছ,Marine Fish,"lunch,dinner",main,Cereals and Millets|Grain Legumes|Green Leafy Vegetables|Other Vegetables|Roots and Tubers|Spices and Condiments|Edible Oils and Fats,0.95,"Fish is the heart of Bangladeshi cuisine. Ilish, Rui, Catla etc. served with rice. Pairs with mustard-based gravies."
P032,Kulam paarai,কোরাল মাছ,Marine Fish,"lunch,dinner",main,Cereals and Millets|Grain Legumes|Green Leafy Vegetables|Other Vegetables|Roots and Tubers|Spices and Condiments|Edible Oils and Fats,0.95,"Fish is the heart of Bangladeshi cuisine. Ilish, Rui, Catla etc. served with rice. Pairs with mustard-based gravies."
P033,Maagaa,টেপা মাছ,Marine Fish,"lunch,dinner",main,Cereals and Millets|Grain Legumes|Green Leafy Vegetables|Other Vegetables|Roots and Tubers|Spices and Condiments|Edible Oils and Fats,0.95,"Fish is the heart of Bangladeshi cuisine. Ilish, Rui, Catla etc. served with rice. Pairs with mustard-based gravies."
P034,Mackerel,আইলা বা সুরমা মাছ,Marine Fish,"lunch,dinner",main,Cereals and Millets|Grain Legumes|Green Leafy Vegetables|Other Vegetables|Roots and Tubers|Spices and Condiments|Edible Oils and Fats,0.95,"Fish is the heart of Bangladeshi cuisine. Ilish, Rui, Catla etc. served with rice. Pairs with mustard-based gravies."
P038,Moon fish,চান্দা মাছ,Marine Fish,"lunch,dinner",main,Cereals and Millets|Grain Legumes|Green Leafy Vegetables|Other Vegetables|Roots and Tubers|Spices and Condiments|Edible Oils and Fats,0.95,"Fish is the heart of Bangladeshi cuisine. Ilish, Rui, Catla etc. served with rice. Pairs with mustard-based gravies."
P040,Hound Needlefish,বড় টুইট্টা মাছ,Marine Fish,"lunch,dinner",main,Cereals and Millets|Grain Legumes|Green Leafy Vegetables|Other Vegetables|Roots and Tubers|Spices and Condiments|Edible Oils and Fats,0.95,"Fish is the heart of Bangladeshi cuisine. Ilish, Rui, Catla etc. served with rice. Pairs with mustard-based gravies."
P041,Indo-Pacific sailfish,পাখি মাছ,Marine Fish,"lunch,dinner",main,Cereals and Millets|Grain Legumes|Green Leafy Vegetables|Other Vegetables|Roots and Tubers|Spices and Condiments|Edible Oils and Fats,0.95,"Fish is the heart of Bangladeshi cuisine. Ilish, Rui, Catla etc. served with rice. Pairs with mustard-based gravies."
P044,Blacktip Kingfish,মৌরি বা পারা মাছ,Marine Fish,"lunch,dinner",main,Cereals and Millets|Grain Legumes|Green Leafy Vegetables|Other Vegetables|Roots and Tubers|Spices and Condiments|Edible Oils and Fats,0.95,"Fish is the heart of Bangladeshi cuisine. Ilish, Rui, Catla etc. served with rice. Pairs with mustard-based gravies."
P046,Panna croaker,পোয়া মাছ,Marine Fish,"lunch,dinner",main,Cereals and Millets|Grain Legumes|Green Leafy Vegetables|Other Vegetables|Roots and Tubers|Spices and Condiments|Edible Oils and Fats,0.95,"Fish is the heart of Bangladeshi cuisine. Ilish, Rui, Catla etc. served with rice. Pairs with mustard-based gravies."
P047,Ribbon fish,ছুরি বা তরোয়াল মাছ,Marine Fish,"lunch,dinner",main,Cereals and Millets|Grain Legumes|Green Leafy Vegetables|Other Vegetables|Roots and Tubers|Spices and Condiments|Edible Oils and Fats,0.95,"Fish is the heart of Bangladeshi cuisine. Ilish, Rui, Catla etc. served with rice. Pairs with mustard-based gravies."
P048,Pandugappa,ভেটকি বা কোরাল মাছ,Marine Fish,"lunch,dinner",main,Cereals and Millets|Grain Legumes|Green Leafy Vegetables|Other Vegetables|Roots and Tubers|Spices and Condiments|Edible Oils and Fats,0.95,"Fish is the heart of Bangladeshi cuisine. Ilish, Rui, Catla etc. served with rice. Pairs with mustard-based gravies."
P049,False Trevally,নারকেলি মাছ,Marine Fish,"lunch,dinner",main,Cereals and Millets|Grain Legumes|Green Leafy Vegetables|Other Vegetables|Roots and Tubers|Spices and Condiments|Edible Oils and Fats,0.95,"Fish is the heart of Bangladeshi cuisine. Ilish, Rui, Catla etc. served with rice. Pairs with mustard-based gravies."
P051,Parrot fish,তোতা মাছ,Marine Fish,"lunch,dinner",main,Cereals and Millets|Grain Legumes|Green Leafy Vegetables|Other Vegetables|Roots and Tubers|Spices and Condiments|Edible Oils and Fats,0.95,"Fish is the heart of Bangladeshi cuisine. Ilish, Rui, Catla etc. served with rice. Pairs with mustard-based gravies."
P052,Perinkilichai,লাল মাছ,Marine Fish,"lunch,dinner",main,Cereals and Millets|Grain Legumes|Green Leafy Vegetables|Other Vegetables|Roots and Tubers|Spices and Condiments|Edible Oils and Fats,0.95,"Fish is the heart of Bangladeshi cuisine. Ilish, Rui, Catla etc. served with rice. Pairs with mustard-based gravies."
P057,Pomfret,রূপচাঁদা,Marine Fish,"lunch,dinner",main,Cereals and Millets|Grain Legumes|Green Leafy Vegetables|Other Vegetables|Roots and Tubers|Spices and Condiments|Edible Oils and Fats,0.95,"Fish is the heart of Bangladeshi cuisine. Ilish, Rui, Catla etc. served with rice. Pairs with mustard-based gravies."
P059,Pulli paarai,পুলি পাড়াই,Marine Fish,"lunch,dinner",main,Cereals and Millets|Grain Legumes|Green Leafy Vegetables|Other Vegetables|Roots and Tubers|Spices and Condiments|Edible Oils and Fats,0.95,"Fish is the heart of Bangladeshi cuisine. Ilish, Rui, Catla etc. served with rice. Pairs with mustard-based gravies."
P063,Rani,রানি মাছ,Marine Fish,"lunch,dinner",main,Cereals and Millets|Grain Legumes|Green Leafy Vegetables|Other Vegetables|Roots and Tubers|Spices and Condiments|Edible Oils and Fats,0.95,"Fish is the heart of Bangladeshi cuisine. Ilish, Rui, Catla etc. served with rice. Pairs with mustard-based gravies."
P068,Salmon,স্যালমন মাছ,Marine Fish,"lunch,dinner",main,Cereals and Millets|Grain Legumes|Green Leafy Vegetables|Other Vegetables|Roots and Tubers|Spices and Condiments|Edible Oils and Fats,0.95,"Fish is the heart of Bangladeshi cuisine. Ilish, Rui, Catla etc. served with rice. Pairs with mustard-based gravies."
P078,Silver carp,সিলভার কার্প,Marine Fish,"lunch,dinner",main,Cereals and Millets|Grain Legumes|Green Leafy Vegetables|Other Vegetables|Roots and Tubers|Spices and Condiments|Edible Oils and Fats,0.95,"Fish is the heart of Bangladeshi cuisine. Ilish, Rui, Catla etc. served with rice. Pairs with mustard-based gravies."
P079,Sole fish,বাঁশপাতা মাছ,Marine Fish,"lunch,dinner",main,Cereals and Millets|Grain Legumes|Green Leafy Vegetables|Other Vegetables|Roots and Tubers|Spices and Condiments|Edible Oils and Fats,0.95,"Fish is the heart of Bangladeshi cuisine. Ilish, Rui, Catla etc. served with rice. Pairs with mustard-based gravies."
P083,Telapia,তেলাপিয়া মাছ,Marine Fish,"lunch,dinner",main,Cereals and Millets|Grain Legumes|Green Leafy Vegetables|Other Vegetables|Roots and Tubers|Spices and Condiments|Edible Oils and Fats,0.95,"Fish is the heart of Bangladeshi cuisine. Ilish, Rui, Catla etc. served with rice. Pairs with mustard-based gravies."
P084,Tuna,টুনা মাছ,Marine Fish,"lunch,dinner",main,Cereals and Millets|Grain Legumes|Green Leafy Vegetables|Other Vegetables|Roots and Tubers|Spices and Condiments|Edible Oils and Fats,0.95,"Fish is the heart of Bangladeshi cuisine. Ilish, Rui, Catla etc. served with rice. Pairs with mustard-based gravies."
P090,Whale shark,তিমি হাঙ্গর,Marine Fish,"lunch,dinner",main,Cereals and Millets|Grain Legumes|Green Leafy Vegetables|Other Vegetables|Roots and Tubers|Spices and Condiments|Edible Oils and Fats,0.95,"Fish is the heart of Bangladeshi cuisine. Ilish, Rui, Catla etc. served with rice. Pairs with mustard-based gravies."
P092,Catfish Eggs,মাগুর মাছের ডিম,Marine Fish,"lunch,dinner",main,Cereals and Millets|Grain Legumes|Green Leafy Vegetables|Other Vegetables|Roots and Tubers|Spices and Condiments|Edible Oils and Fats,0.95,"Fish is the heart of Bangladeshi cuisine. Ilish, Rui, Catla etc. served with rice. Pairs with mustard-based gravies."
R002,"Clam, white shell, ribbed",ঝিনুক,Marine Mollusks,"lunch,dinner",side,Cereals and Millets|Spices and Condiments|Other Vegetables,0.7,Clam/octopus are occasional seafood items. Served as side dish with rice.
R003,Octopus,অক্টোপাস,Marine Mollusks,"lunch,dinner",side,Cereals and Millets|Spices and Condiments|Other Vegetables,0.7,Clam/octopus are occasional seafood items. Served as side dish with rice.
Q001,Crab,কাঁকড়া,Marine Shellfish,"lunch,dinner",main,Cereals and Millets|Grain Legumes|Other Vegetables|Roots and Tubers|Spices and Condiments,0.85,"Prawns/shrimp are widely eaten as curry with rice. Also used in vegetable dishes (chingri malaikari, etc.)."
Q002,Crab sea,সামুদ্রিক কাঁকড়া,Marine Shellfish,"lunch,dinner",main,Cereals and Millets|Grain Legumes|Other Vegetables|Roots and Tubers|Spices and Condiments,0.85,"Prawns/shrimp are widely eaten as curry with rice. Also used in vegetable dishes (chingri malaikari, etc.)."
Q004,"Lobster, king size",গোলদা চিংড়ি,Marine Shellfish,"lunch,dinner",main,Cereals and Millets|Grain Legumes|Other Vegetables|Roots and Tubers|Spices and Condiments,0.85,"Prawns/shrimp are widely eaten as curry with rice. Also used in vegetable dishes (chingri malaikari, etc.)."
Q005,Mud crab,শীলা কাঁকড়া,Marine Shellfish,"lunch,dinner",main,Cereals and Millets|Grain Legumes|Other Vegetables|Roots and Tubers|Spices and Condiments,0.85,"Prawns/shrimp are widely eaten as curry with rice. Also used in vegetable dishes (chingri malaikari, etc.)."
12_0001,"Buttermilk, fluid, low fat",ঘোল,Milk and Milk Products,"breakfast,snack,all",supplementary,Cereals and Millets|Fruits|Nuts and Oil Seeds|Grain Legumes|Egg and Egg Products|Sugars,0.95,Milk/dahi/paneer are supplementary with all meals. Doodh-ruti at breakfast; curd with lunch; lassi as snack.
12_0002,"Cheese, cottage, 25% fat",পনির,Milk and Milk Products,"breakfast,snack,all",supplementary,Cereals and Millets|Fruits|Nuts and Oil Seeds|Grain Legumes|Egg and Egg Products|Sugars,0.95,Milk/dahi/paneer are supplementary with all meals. Doodh-ruti at breakfast; curd with lunch; lassi as snack.
12_0003,"Curd, sweetened, whole milk",মিষ্টি দই,Milk and Milk Products,"lunch,snack",supplementary,Cereals and Millets|Fruits|Nuts and Oil Seeds|Grain Legumes|Egg and Egg Products|Sugars,0.9,Sweetened curd (mishti doi) — iconic Bengali dessert. Pairs with rice or as dessert after meal.
12_0004,"Milk, buffalo, whole fat",মহিষের দুধ,Milk and Milk Products,"breakfast,snack,all",supplementary,Cereals and Millets|Fruits|Nuts and Oil Seeds|Grain Legumes|Egg and Egg Products|Sugars,0.95,Milk/dahi/paneer are supplementary with all meals. Doodh-ruti at breakfast; curd with lunch; lassi as snack.
12_0005,"Milk, cow, powder, skimmed",স্কিমড পাউডার মিল্ক,Milk and Milk Products,"breakfast,snack,all",supplementary,Cereals and Millets|Fruits|Nuts and Oil Seeds|Grain Legumes|Egg and Egg Products|Sugars,0.95,Milk/dahi/paneer are supplementary with all meals. Doodh-ruti at breakfast; curd with lunch; lassi as snack.
12_0006,"Milk, cow, powder, whole",ননীযুক্ত গরুর গুঁড়া দুধ,Milk and Milk Products,"breakfast,snack,all",supplementary,Cereals and Millets|Fruits|Nuts and Oil Seeds|Grain Legumes|Egg and Egg Products|Sugars,0.95,Milk/dahi/paneer are supplementary with all meals. Doodh-ruti at breakfast; curd with lunch; lassi as snack.
12_0007,"Milk, cow, skimmed",গরুর দুধ মাখন তোলা/ননিহীন,Milk and Milk Products,"breakfast,snack,all",supplementary,Cereals and Millets|Fruits|Nuts and Oil Seeds|Grain Legumes|Egg and Egg Products|Sugars,1.0,Cow milk — universal supplement. Doodh-ruti at breakfast; glass of milk at any time.
12_0008,"Milk, cow, whole fat (pasteurized, UTH)",গরুর দুধ ননি সহ,Milk and Milk Products,"breakfast,snack,all",supplementary,Cereals and Millets|Fruits|Nuts and Oil Seeds|Grain Legumes|Egg and Egg Products|Sugars,0.95,Milk/dahi/paneer are supplementary with all meals. Doodh-ruti at breakfast; curd with lunch; lassi as snack.
12_0009,"Milk, cow, whole, condensed, sweetened",কনডেন্সড মিল্ক (গরুর),Milk and Milk Products,"breakfast,snack,all",supplementary,Cereals and Millets|Fruits|Nuts and Oil Seeds|Grain Legumes|Egg and Egg Products|Sugars,0.95,Milk/dahi/paneer are supplementary with all meals. Doodh-ruti at breakfast; curd with lunch; lassi as snack.
12_0010,"Milk, goat, combined breeds",ছাগলের দুধ,Milk and Milk Products,"breakfast,snack,all",supplementary,Cereals and Millets|Fruits|Nuts and Oil Seeds|Grain Legumes|Egg and Egg Products|Sugars,0.95,Milk/dahi/paneer are supplementary with all meals. Doodh-ruti at breakfast; curd with lunch; lassi as snack.
12_0011,"Milk, human, colostrum, raw",শালদুধ,Milk and Milk Products,"breakfast,snack,all",supplementary,Cereals and Millets|Fruits|Nuts and Oil Seeds|Grain Legumes|Egg and Egg Products|Sugars,0.95,Milk/dahi/paneer are supplementary with all meals. Doodh-ruti at breakfast; curd with lunch; lassi as snack.
12_0013,Payesh,পায়েস,Milk and Milk Products,"breakfast,snack,all",supplementary,Cereals and Millets|Fruits|Nuts and Oil Seeds|Grain Legumes|Egg and Egg Products|Sugars,0.95,Milk/dahi/paneer are supplementary with all meals. Doodh-ruti at breakfast; curd with lunch; lassi as snack.
L001,Buffalo Milk,মহিষের দুধ,Milk and Milk Products,"breakfast,snack,all",supplementary,Cereals and Millets|Fruits|Nuts and Oil Seeds|Grain Legumes|Egg and Egg Products|Sugars,0.95,Milk/dahi/paneer are supplementary with all meals. Doodh-ruti at breakfast; curd with lunch; lassi as snack.
L002,Cow Milk,গরু দুধ,Milk and Milk Products,"breakfast,snack,all",supplementary,Cereals and Millets|Fruits|Nuts and Oil Seeds|Grain Legumes|Egg and Egg Products|Sugars,0.95,Milk/dahi/paneer are supplementary with all meals. Doodh-ruti at breakfast; curd with lunch; lassi as snack.
L003,Paneer,পনির বা ছানা,Milk and Milk Products,"breakfast,snack,all",supplementary,Cereals and Millets|Fruits|Nuts and Oil Seeds|Grain Legumes|Egg and Egg Products|Sugars,0.95,Milk/dahi/paneer are supplementary with all meals. Doodh-ruti at breakfast; curd with lunch; lassi as snack.
L004,Khoa,ঘন দুধ,Milk and Milk Products,"breakfast,snack,all",supplementary,Cereals and Millets|Fruits|Nuts and Oil Seeds|Grain Legumes|Egg and Egg Products|Sugars,0.95,Milk/dahi/paneer are supplementary with all meals. Doodh-ruti at breakfast; curd with lunch; lassi as snack.
14_0001,Coconut water,ডাবের পানি,Miscellaneous Foods,"snack,breakfast",supplementary,Fruits|Nuts and Oil Seeds|Cereals and Millets,0.7,Coconut water (dabar pani) — refreshing natural beverage. Best consumed fresh as a standalone snack.
15_0001,Baking powder,বেকিং পাউডার,Miscellaneous Foods,"snack,breakfast",supplementary,Fruits|Nuts and Oil Seeds|Cereals and Millets,0.5,"Coconut water, betel, vinegar, etc. Occasional beverages and condiments. Best as a snack or palate cleanser."
15_0002,"Betel leaves, raw",পান পাতা,Miscellaneous Foods,"snack,breakfast",supplementary,Fruits|Nuts and Oil Seeds|Cereals and Millets,0.5,"Coconut water, betel, vinegar, etc. Occasional beverages and condiments. Best as a snack or palate cleanser."
15_0003,Honey,মধু,Miscellaneous Foods,"snack,breakfast",supplementary,Fruits|Nuts and Oil Seeds|Cereals and Millets,0.5,"Coconut water, betel, vinegar, etc. Occasional beverages and condiments. Best as a snack or palate cleanser."
15_0004,"Jaggery, sugarcane, solid",আখের গুড়,Miscellaneous Foods,"snack,breakfast",supplementary,Fruits|Nuts and Oil Seeds|Cereals and Millets,0.5,"Coconut water, betel, vinegar, etc. Occasional beverages and condiments. Best as a snack or palate cleanser."
15_0005,"Jaggery/Panela, date palm",খেজুরের গুড়,Miscellaneous Foods,"snack,breakfast",supplementary,Fruits|Nuts and Oil Seeds|Cereals and Millets,0.5,"Coconut water, betel, vinegar, etc. Occasional beverages and condiments. Best as a snack or palate cleanser."
15_0006,"Jagggery liquid, date palm",নলেন গুড়,Miscellaneous Foods,"snack,breakfast",supplementary,Fruits|Nuts and Oil Seeds|Cereals and Millets,0.5,"Coconut water, betel, vinegar, etc. Occasional beverages and condiments. Best as a snack or palate cleanser."
15_0008,"Sugar, white",সাদা চিনি,Miscellaneous Foods,"snack,breakfast",supplementary,Fruits|Nuts and Oil Seeds|Cereals and Millets,0.5,"Coconut water, betel, vinegar, etc. Occasional beverages and condiments. Best as a snack or palate cleanser."
K001,Toddy,তাড়ি,Miscellaneous Foods,"snack,breakfast",supplementary,Fruits|Nuts and Oil Seeds|Cereals and Millets,0.5,"Coconut water, betel, vinegar, etc. Occasional beverages and condiments. Best as a snack or palate cleanser."
J001,Button mushroom fresh,বোতাম মাশরুম (তাজা),Mushrooms,"lunch,dinner",side,Cereals and Millets|Grain Legumes|Other Vegetables|Egg and Egg Products|Spices and Condiments,0.75,Mushroom curries served with rice at lunch or dinner. Umami-rich pairing with egg or dal.
J003,Shiitake mushroom fresh,শিটাকে মাশরুম (তাজা),Mushrooms,"lunch,dinner",side,Cereals and Millets|Grain Legumes|Other Vegetables|Egg and Egg Products|Spices and Condiments,0.75,Mushroom curries served with rice at lunch or dinner. Umami-rich pairing with egg or dal.
J004,Oyster mushroom dried,ঝিনুক মাশরুম (তাজা),Mushrooms,"lunch,dinner",side,Cereals and Millets|Grain Legumes|Other Vegetables|Egg and Egg Products|Spices and Condiments,0.75,Mushroom curries served with rice at lunch or dinner. Umami-rich pairing with egg or dal.
06_0001,"Sunflower seeds, dried",সূর্যমুখী বীজ,Nuts and Oil Seeds,"breakfast,snack",supplementary,Milk and Milk Products|Fruits|Cereals and Millets|Sugars,0.78,Nuts and seeds used as snack or added to breakfast dishes. Not common in heavy lunch/dinner.
06_0002,"Cashew nuts, raw",হিজলি বাদাম,Nuts and Oil Seeds,"breakfast,snack",supplementary,Milk and Milk Products|Fruits|Cereals and Millets|Sugars,0.78,Nuts and seeds used as snack or added to breakfast dishes. Not common in heavy lunch/dinner.
06_0003,"Chilgoza pine, dried",চিলগোজা বা পাইন বাদাম,Nuts and Oil Seeds,"breakfast,snack",supplementary,Milk and Milk Products|Fruits|Cereals and Millets|Sugars,0.78,Nuts and seeds used as snack or added to breakfast dishes. Not common in heavy lunch/dinner.
06_0004,Coconut milk,নারকেলের দুধ,Nuts and Oil Seeds,"breakfast,snack",supplementary,Milk and Milk Products|Fruits|Cereals and Millets|Sugars,0.78,Nuts and seeds used as snack or added to breakfast dishes. Not common in heavy lunch/dinner.
06_0005,"Coconut, desiccated",শুকনো নারকেল,Nuts and Oil Seeds,"breakfast,snack",supplementary,Milk and Milk Products|Fruits|Cereals and Millets|Sugars,0.78,Nuts and seeds used as snack or added to breakfast dishes. Not common in heavy lunch/dinner.
06_0006,"Coconut, mature kernel",নারকেল,Nuts and Oil Seeds,"breakfast,snack",supplementary,Milk and Milk Products|Fruits|Cereals and Millets|Sugars,0.78,Nuts and seeds used as snack or added to breakfast dishes. Not common in heavy lunch/dinner.
06_0007,"Groundnuts/Peanut, raw",চিনা বাদাম,Nuts and Oil Seeds,"breakfast,snack",supplementary,Milk and Milk Products|Fruits|Cereals and Millets|Sugars,0.78,Nuts and seeds used as snack or added to breakfast dishes. Not common in heavy lunch/dinner.
06_0008,"Jackfruit seeds, raw",কাঁঠালের বিচি,Nuts and Oil Seeds,"breakfast,snack",supplementary,Milk and Milk Products|Fruits|Cereals and Millets|Sugars,0.78,Nuts and seeds used as snack or added to breakfast dishes. Not common in heavy lunch/dinner.
06_0009,"Linseed, raw",তিসি,Nuts and Oil Seeds,"breakfast,snack",supplementary,Milk and Milk Products|Fruits|Cereals and Millets|Sugars,0.78,Nuts and seeds used as snack or added to breakfast dishes. Not common in heavy lunch/dinner.
06_0010,"Lotus seeds, dried",শুকনো পদ্মবীজ,Nuts and Oil Seeds,"breakfast,snack",supplementary,Milk and Milk Products|Fruits|Cereals and Millets|Sugars,0.78,Nuts and seeds used as snack or added to breakfast dishes. Not common in heavy lunch/dinner.
06_0011,"Lotus seeds, green",কাচা পদ্মবীজ,Nuts and Oil Seeds,"breakfast,snack",supplementary,Milk and Milk Products|Fruits|Cereals and Millets|Sugars,0.78,Nuts and seeds used as snack or added to breakfast dishes. Not common in heavy lunch/dinner.
06_0012,"Mustard seeds, dried",সরিষা,Nuts and Oil Seeds,"breakfast,snack",supplementary,Milk and Milk Products|Fruits|Cereals and Millets|Sugars,0.78,Nuts and seeds used as snack or added to breakfast dishes. Not common in heavy lunch/dinner.
06_0013,"Pistachio nuts, dried",পেস্তা বাদাম,Nuts and Oil Seeds,"breakfast,snack",supplementary,Milk and Milk Products|Fruits|Cereals and Millets|Sugars,0.78,Nuts and seeds used as snack or added to breakfast dishes. Not common in heavy lunch/dinner.
06_0014,"Pumpkin seeds, dried",মিষ্টি কুমড়ার বিচি,Nuts and Oil Seeds,"breakfast,snack",supplementary,Milk and Milk Products|Fruits|Cereals and Millets|Sugars,0.78,Nuts and seeds used as snack or added to breakfast dishes. Not common in heavy lunch/dinner.
06_0015,"Sesame seeds, whole, dried",তিল,Nuts and Oil Seeds,"breakfast,snack",supplementary,Milk and Milk Products|Fruits|Cereals and Millets|Sugars,0.78,Nuts and seeds used as snack or added to breakfast dishes. Not common in heavy lunch/dinner.
06_0016,Walnuts,আখরোট,Nuts and Oil Seeds,"breakfast,snack",supplementary,Milk and Milk Products|Fruits|Cereals and Millets|Sugars,0.78,Nuts and seeds used as snack or added to breakfast dishes. Not common in heavy lunch/dinner.
H001,Almond,কাঠবাদাম,Nuts and Oil Seeds,"breakfast,snack",supplementary,Milk and Milk Products|Fruits|Cereals and Millets|Sugars,0.78,Nuts and seeds used as snack or added to breakfast dishes. Not common in heavy lunch/dinner.
H005,Cashew nut,কাজু বাদাম,Nuts and Oil Seeds,"breakfast,snack",supplementary,Milk and Milk Products|Fruits|Cereals and Millets|Sugars,0.78,Nuts and seeds used as snack or added to breakfast dishes. Not common in heavy lunch/dinner.
H006,Coconut kernel dry,নারকেল,Nuts and Oil Seeds,"breakfast,snack",supplementary,Milk and Milk Products|Fruits|Cereals and Millets|Sugars,0.78,Nuts and seeds used as snack or added to breakfast dishes. Not common in heavy lunch/dinner.
H007,Coconut kernel fresh,ডাবের শাঁস,Nuts and Oil Seeds,"breakfast,snack",supplementary,Milk and Milk Products|Fruits|Cereals and Millets|Sugars,0.78,Nuts and seeds used as snack or added to breakfast dishes. Not common in heavy lunch/dinner.
H008,Garden cress seeds,হালিম দানা বা শাহীদানা,Nuts and Oil Seeds,"breakfast,snack",supplementary,Milk and Milk Products|Fruits|Cereals and Millets|Sugars,0.78,Nuts and seeds used as snack or added to breakfast dishes. Not common in heavy lunch/dinner.
H009,Gingelly seeds black,কালো তিল,Nuts and Oil Seeds,"breakfast,snack",supplementary,Milk and Milk Products|Fruits|Cereals and Millets|Sugars,0.78,Nuts and seeds used as snack or added to breakfast dishes. Not common in heavy lunch/dinner.
H010,Gingelly seeds brown,বাদামী তিল,Nuts and Oil Seeds,"breakfast,snack",supplementary,Milk and Milk Products|Fruits|Cereals and Millets|Sugars,0.78,Nuts and seeds used as snack or added to breakfast dishes. Not common in heavy lunch/dinner.
H011,Gingelly seeds white,সাদা তিল,Nuts and Oil Seeds,"breakfast,snack",supplementary,Milk and Milk Products|Fruits|Cereals and Millets|Sugars,0.78,Nuts and seeds used as snack or added to breakfast dishes. Not common in heavy lunch/dinner.
H012,Ground nut,চীনাবাদাম,Nuts and Oil Seeds,"breakfast,snack",supplementary,Milk and Milk Products|Fruits|Cereals and Millets|Sugars,0.78,Nuts and seeds used as snack or added to breakfast dishes. Not common in heavy lunch/dinner.
H013,Mustard seeds,সরিষার বীজ বা সর্ষে,Nuts and Oil Seeds,"breakfast,snack",supplementary,Milk and Milk Products|Fruits|Cereals and Millets|Sugars,0.78,Nuts and seeds used as snack or added to breakfast dishes. Not common in heavy lunch/dinner.
H014,Linseeds,তিসি,Nuts and Oil Seeds,"breakfast,snack",supplementary,Milk and Milk Products|Fruits|Cereals and Millets|Sugars,0.78,Nuts and seeds used as snack or added to breakfast dishes. Not common in heavy lunch/dinner.
H016,Niger seeds grey,রামতিল,Nuts and Oil Seeds,"breakfast,snack",supplementary,Milk and Milk Products|Fruits|Cereals and Millets|Sugars,0.78,Nuts and seeds used as snack or added to breakfast dishes. Not common in heavy lunch/dinner.
H017,Pine seeds,পাইন নাট,Nuts and Oil Seeds,"breakfast,snack",supplementary,Milk and Milk Products|Fruits|Cereals and Millets|Sugars,0.78,Nuts and seeds used as snack or added to breakfast dishes. Not common in heavy lunch/dinner.
H018,Pistachio nuts,পেস্তা বাদাম,Nuts and Oil Seeds,"breakfast,snack",supplementary,Milk and Milk Products|Fruits|Cereals and Millets|Sugars,0.78,Nuts and seeds used as snack or added to breakfast dishes. Not common in heavy lunch/dinner.
H019,Safflower seeds,কুসুম ফুল,Nuts and Oil Seeds,"breakfast,snack",supplementary,Milk and Milk Products|Fruits|Cereals and Millets|Sugars,0.78,Nuts and seeds used as snack or added to breakfast dishes. Not common in heavy lunch/dinner.
H020,Sunflower seeds,সূর্যমুখী বীজ,Nuts and Oil Seeds,"breakfast,snack",supplementary,Milk and Milk Products|Fruits|Cereals and Millets|Sugars,0.78,Nuts and seeds used as snack or added to breakfast dishes. Not common in heavy lunch/dinner.
03_0001,"Amaranth, stem, raw",ডাঁটা,Other Vegetables,"lunch,dinner",side,Cereals and Millets|Grain Legumes|Marine Fish|Fresh Water Fish and Shellfish|Animal Meat|Poultry|Spices and Condiments|Edible Oils and Fats,0.88,Vegetable curries (torkari) accompany every meal. Broad pairing range with proteins and staples.
03_0002,"Bean, scarlet runner, raw",শিম,Other Vegetables,"lunch,dinner",side,Cereals and Millets|Grain Legumes|Marine Fish|Fresh Water Fish and Shellfish|Animal Meat|Poultry|Spices and Condiments|Edible Oils and Fats,0.88,Vegetable curries (torkari) accompany every meal. Broad pairing range with proteins and staples.
03_0003,"Bean, seeds and pods, raw",কাঁচা শিমের বিচি ও শুঁটি,Other Vegetables,"lunch,dinner",side,Cereals and Millets|Grain Legumes|Marine Fish|Fresh Water Fish and Shellfish|Animal Meat|Poultry|Spices and Condiments|Edible Oils and Fats,0.88,Vegetable curries (torkari) accompany every meal. Broad pairing range with proteins and staples.
03_0004,"Beet root, red, raw",বিটরুট,Other Vegetables,"lunch,dinner",side,Cereals and Millets|Grain Legumes|Marine Fish|Fresh Water Fish and Shellfish|Animal Meat|Poultry|Spices and Condiments|Edible Oils and Fats,0.88,Vegetable curries (torkari) accompany every meal. Broad pairing range with proteins and staples.
03_0005,"Brinjal, purple, long, raw",লম্বা বেগুন,Other Vegetables,"lunch,dinner",side,Cereals and Millets|Grain Legumes|Marine Fish|Fresh Water Fish and Shellfish|Animal Meat|Poultry|Spices and Condiments|Edible Oils and Fats,0.88,Vegetable curries (torkari) accompany every meal. Broad pairing range with proteins and staples.
03_0006,"Broad beans, raw",মাখন শিম,Other Vegetables,"lunch,dinner",side,Cereals and Millets|Grain Legumes|Marine Fish|Fresh Water Fish and Shellfish|Animal Meat|Poultry|Spices and Condiments|Edible Oils and Fats,0.88,Vegetable curries (torkari) accompany every meal. Broad pairing range with proteins and staples.
03_0010,"Chilli, green, with seeds, raw",কাচা মরিচ,Other Vegetables,"lunch,dinner",side,Cereals and Millets|Grain Legumes|Marine Fish|Fresh Water Fish and Shellfish|Animal Meat|Poultry|Spices and Condiments|Edible Oils and Fats,0.88,Vegetable curries (torkari) accompany every meal. Broad pairing range with proteins and staples.
03_0012,"Cucumber, peeled, raw",শসা,Other Vegetables,"lunch,dinner",side,Cereals and Millets|Grain Legumes|Marine Fish|Fresh Water Fish and Shellfish|Animal Meat|Poultry|Spices and Condiments|Edible Oils and Fats,0.88,Vegetable curries (torkari) accompany every meal. Broad pairing range with proteins and staples.
03_0013,"Drumstick, pods, raw",সজনে ডাটা,Other Vegetables,"lunch,dinner",side,Cereals and Millets|Grain Legumes|Marine Fish|Fresh Water Fish and Shellfish|Animal Meat|Poultry|Spices and Condiments|Edible Oils and Fats,0.88,Vegetable curries (torkari) accompany every meal. Broad pairing range with proteins and staples.
03_0014,"Garlic, raw",রসুন,Other Vegetables,"lunch,dinner",side,Cereals and Millets|Grain Legumes|Marine Fish|Fresh Water Fish and Shellfish|Animal Meat|Poultry|Spices and Condiments|Edible Oils and Fats,0.88,Vegetable curries (torkari) accompany every meal. Broad pairing range with proteins and staples.
03_0015,"Gourd, ash, raw",চালকুমড়া,Other Vegetables,"lunch,dinner",side,Cereals and Millets|Grain Legumes|Marine Fish|Fresh Water Fish and Shellfish|Animal Meat|Poultry|Spices and Condiments|Edible Oils and Fats,0.88,Vegetable curries (torkari) accompany every meal. Broad pairing range with proteins and staples.
03_0017,"Gourd, bottle, raw",লাউ,Other Vegetables,"lunch,dinner",side,Cereals and Millets|Grain Legumes|Marine Fish|Fresh Water Fish and Shellfish|Animal Meat|Poultry|Spices and Condiments|Edible Oils and Fats,0.88,Vegetable curries (torkari) accompany every meal. Broad pairing range with proteins and staples.
03_0019,"Gourd, ridge, raw",ঝিঙ্গা বা ঝিঙে,Other Vegetables,"lunch,dinner",side,Cereals and Millets|Grain Legumes|Marine Fish|Fresh Water Fish and Shellfish|Animal Meat|Poultry|Spices and Condiments|Edible Oils and Fats,0.88,Vegetable curries (torkari) accompany every meal. Broad pairing range with proteins and staples.
03_0020,"Gourd, snake, raw",চিচিঙ্গা,Other Vegetables,"lunch,dinner",side,Cereals and Millets|Grain Legumes|Marine Fish|Fresh Water Fish and Shellfish|Animal Meat|Poultry|Spices and Condiments|Edible Oils and Fats,0.88,Vegetable curries (torkari) accompany every meal. Broad pairing range with proteins and staples.
03_0021,"Gourd, sponge, raw",ধুন্দল বা ধুঁধুল,Other Vegetables,"lunch,dinner",side,Cereals and Millets|Grain Legumes|Marine Fish|Fresh Water Fish and Shellfish|Animal Meat|Poultry|Spices and Condiments|Edible Oils and Fats,0.88,Vegetable curries (torkari) accompany every meal. Broad pairing range with proteins and staples.
03_0025,"Papaya, unripe, raw",কাঁচা পেঁপে,Other Vegetables,"lunch,dinner",side,Cereals and Millets|Grain Legumes|Marine Fish|Fresh Water Fish and Shellfish|Animal Meat|Poultry|Spices and Condiments|Edible Oils and Fats,0.88,Vegetable curries (torkari) accompany every meal. Broad pairing range with proteins and staples.
03_0026,"Peas, raw",মটরশুঁটি,Other Vegetables,"lunch,dinner",side,Cereals and Millets|Grain Legumes|Marine Fish|Fresh Water Fish and Shellfish|Animal Meat|Poultry|Spices and Condiments|Edible Oils and Fats,0.88,Vegetable curries (torkari) accompany every meal. Broad pairing range with proteins and staples.
03_0027,"Plantain, raw",কাঁচা কলা,Other Vegetables,"lunch,dinner",side,Cereals and Millets|Grain Legumes|Marine Fish|Fresh Water Fish and Shellfish|Animal Meat|Poultry|Spices and Condiments|Edible Oils and Fats,0.88,Vegetable curries (torkari) accompany every meal. Broad pairing range with proteins and staples.
03_0030,"Tomato, green, raw",কাঁচা টমেটো,Other Vegetables,"lunch,dinner",side,Cereals and Millets|Grain Legumes|Marine Fish|Fresh Water Fish and Shellfish|Animal Meat|Poultry|Spices and Condiments|Edible Oils and Fats,0.88,Vegetable curries (torkari) accompany every meal. Broad pairing range with proteins and staples.
03_0031,"Tomato, red, ripe, raw",পাকা টমেটো,Other Vegetables,"lunch,dinner",side,Cereals and Millets|Grain Legumes|Marine Fish|Fresh Water Fish and Shellfish|Animal Meat|Poultry|Spices and Condiments|Edible Oils and Fats,0.88,Vegetable curries (torkari) accompany every meal. Broad pairing range with proteins and staples.
03_0032,"Turnip, raw",শালগম,Other Vegetables,"lunch,dinner",side,Cereals and Millets|Grain Legumes|Marine Fish|Fresh Water Fish and Shellfish|Animal Meat|Poultry|Spices and Condiments|Edible Oils and Fats,0.88,Vegetable curries (torkari) accompany every meal. Broad pairing range with proteins and staples.
03_0033,"Brinjal, purple, long, boiled (without salt)",বেগুন (রান্না করা),Other Vegetables,"lunch,dinner",side,Cereals and Millets|Grain Legumes|Marine Fish|Fresh Water Fish and Shellfish|Animal Meat|Poultry|Spices and Condiments|Edible Oils and Fats,0.88,Vegetable curries (torkari) accompany every meal. Broad pairing range with proteins and staples.
03_0034,"Cabbage, boiled (without salt)",বাঁধাকপি (রান্না করা),Other Vegetables,"lunch,dinner",side,Cereals and Millets|Grain Legumes|Marine Fish|Fresh Water Fish and Shellfish|Animal Meat|Poultry|Spices and Condiments|Edible Oils and Fats,0.88,Vegetable curries (torkari) accompany every meal. Broad pairing range with proteins and staples.
03_0035,"Carrot, boiled (without salt)",গাজর (রান্না করা),Other Vegetables,"lunch,dinner",side,Cereals and Millets|Grain Legumes|Marine Fish|Fresh Water Fish and Shellfish|Animal Meat|Poultry|Spices and Condiments|Edible Oils and Fats,0.88,Vegetable curries (torkari) accompany every meal. Broad pairing range with proteins and staples.
03_0036,"Cauliflower, boiled (without salt)",ফুলকপি (রান্না করা),Other Vegetables,"lunch,dinner",side,Cereals and Millets|Grain Legumes|Marine Fish|Fresh Water Fish and Shellfish|Animal Meat|Poultry|Spices and Condiments|Edible Oils and Fats,0.88,Vegetable curries (torkari) accompany every meal. Broad pairing range with proteins and staples.
03_0037,"Cowpea, boiled (without salt)",বরবটি (রান্না করা),Other Vegetables,"lunch,dinner",side,Cereals and Millets|Grain Legumes|Marine Fish|Fresh Water Fish and Shellfish|Animal Meat|Poultry|Spices and Condiments|Edible Oils and Fats,0.88,Vegetable curries (torkari) accompany every meal. Broad pairing range with proteins and staples.
03_0038,"Gourd, pointed, boiled (without salt)",পটল (রান্না করা),Other Vegetables,"lunch,dinner",side,Cereals and Millets|Grain Legumes|Marine Fish|Fresh Water Fish and Shellfish|Animal Meat|Poultry|Spices and Condiments|Edible Oils and Fats,0.88,Vegetable curries (torkari) accompany every meal. Broad pairing range with proteins and staples.
03_0039,"Gourd, teasle, boiled (without salt)",কাঁকরোল (রান্না করা),Other Vegetables,"lunch,dinner",side,Cereals and Millets|Grain Legumes|Marine Fish|Fresh Water Fish and Shellfish|Animal Meat|Poultry|Spices and Condiments|Edible Oils and Fats,0.88,Vegetable curries (torkari) accompany every meal. Broad pairing range with proteins and staples.
03_0040,"Okra/ladies finger, boiled (without salt)",ঢেঁড়স (রান্না করা),Other Vegetables,"lunch,dinner",side,Cereals and Millets|Grain Legumes|Marine Fish|Fresh Water Fish and Shellfish|Animal Meat|Poultry|Spices and Condiments|Edible Oils and Fats,0.88,Vegetable curries (torkari) accompany every meal. Broad pairing range with proteins and staples.
03_0041,"Papaya, unripe, boiled (without salt)",কাঁচা পেঁপে (রান্না করা),Other Vegetables,"lunch,dinner",side,Cereals and Millets|Grain Legumes|Marine Fish|Fresh Water Fish and Shellfish|Animal Meat|Poultry|Spices and Condiments|Edible Oils and Fats,0.88,Vegetable curries (torkari) accompany every meal. Broad pairing range with proteins and staples.
03_0042,"Plantain, boiled (without salt)",কাঁচা কলা (তরকারি),Other Vegetables,"lunch,dinner",side,Cereals and Millets|Grain Legumes|Marine Fish|Fresh Water Fish and Shellfish|Animal Meat|Poultry|Spices and Condiments|Edible Oils and Fats,0.88,Vegetable curries (torkari) accompany every meal. Broad pairing range with proteins and staples.
03_0043,"Pumpkin, boiled (without salt)",মিষ্টি কুমড়া (রান্না করা),Other Vegetables,"lunch,dinner",side,Cereals and Millets|Grain Legumes|Marine Fish|Fresh Water Fish and Shellfish|Animal Meat|Poultry|Spices and Condiments|Edible Oils and Fats,0.88,Vegetable curries (torkari) accompany every meal. Broad pairing range with proteins and staples.
03_0044,"Radish, boiled (without salt)",মুলা (রান্না করা),Other Vegetables,"lunch,dinner",side,Cereals and Millets|Grain Legumes|Marine Fish|Fresh Water Fish and Shellfish|Animal Meat|Poultry|Spices and Condiments|Edible Oils and Fats,0.88,Vegetable curries (torkari) accompany every meal. Broad pairing range with proteins and staples.
03_0045,"Tomato, red, ripe, boiled (without salt)",পাকা টমেটো (রান্না করা),Other Vegetables,"lunch,dinner",side,Cereals and Millets|Grain Legumes|Marine Fish|Fresh Water Fish and Shellfish|Animal Meat|Poultry|Spices and Condiments|Edible Oils and Fats,0.88,Vegetable curries (torkari) accompany every meal. Broad pairing range with proteins and staples.
03_0046,Lady's finger-tomato bhuna,ঢেঁড়স-টমেটো ভুনা,Other Vegetables,"lunch,dinner",side,Cereals and Millets|Grain Legumes|Marine Fish|Fresh Water Fish and Shellfish|Animal Meat|Poultry|Spices and Condiments|Edible Oils and Fats,0.88,Vegetable curries (torkari) accompany every meal. Broad pairing range with proteins and staples.
03_0047,"Gourd, bitter, boiled (without salt)",করলা (রান্না করা তরকারি),Other Vegetables,"lunch,dinner",side,Cereals and Millets|Grain Legumes|Marine Fish|Fresh Water Fish and Shellfish|Animal Meat|Poultry|Spices and Condiments|Edible Oils and Fats,0.88,Vegetable curries (torkari) accompany every meal. Broad pairing range with proteins and staples.
D001,Ash gourd,চালকুমড়ো,Other Vegetables,"lunch,dinner",side,Cereals and Millets|Grain Legumes|Marine Fish|Fresh Water Fish and Shellfish|Animal Meat|Poultry|Spices and Condiments|Edible Oils and Fats,0.88,Vegetable curries (torkari) accompany every meal. Broad pairing range with proteins and staples.
D002,Bamboo shoot tender,বাঁশ কোড়ল,Other Vegetables,"lunch,dinner",side,Cereals and Millets|Grain Legumes|Marine Fish|Fresh Water Fish and Shellfish|Animal Meat|Poultry|Spices and Condiments|Edible Oils and Fats,0.88,Vegetable curries (torkari) accompany every meal. Broad pairing range with proteins and staples.
D003,Bean scarlet tender,নরম লাল শিমের শুঁটি,Other Vegetables,"lunch,dinner",side,Cereals and Millets|Grain Legumes|Marine Fish|Fresh Water Fish and Shellfish|Animal Meat|Poultry|Spices and Condiments|Edible Oils and Fats,0.88,Vegetable curries (torkari) accompany every meal. Broad pairing range with proteins and staples.
D005,Bitter gourd jagged teeth ridges short,ছোট করলা,Other Vegetables,"lunch,dinner",side,Cereals and Millets|Grain Legumes|Marine Fish|Fresh Water Fish and Shellfish|Animal Meat|Poultry|Spices and Condiments|Edible Oils and Fats,0.88,Vegetable curries (torkari) accompany every meal. Broad pairing range with proteins and staples.
D006,Bitter gourd jagged smooth ridges elongate,করলা,Other Vegetables,"lunch,dinner",side,Cereals and Millets|Grain Legumes|Marine Fish|Fresh Water Fish and Shellfish|Animal Meat|Poultry|Spices and Condiments|Edible Oils and Fats,0.88,Vegetable curries (torkari) accompany every meal. Broad pairing range with proteins and staples.
D007,Bottle gourd elongate pale green,লম্বাটে হালকা সবুজ লাউ,Other Vegetables,"lunch,dinner",side,Cereals and Millets|Grain Legumes|Marine Fish|Fresh Water Fish and Shellfish|Animal Meat|Poultry|Spices and Condiments|Edible Oils and Fats,0.88,Vegetable curries (torkari) accompany every meal. Broad pairing range with proteins and staples.
D008,Bottle gourd round pale green,গোল লাউ,Other Vegetables,"lunch,dinner",side,Cereals and Millets|Grain Legumes|Marine Fish|Fresh Water Fish and Shellfish|Animal Meat|Poultry|Spices and Condiments|Edible Oils and Fats,0.88,Vegetable curries (torkari) accompany every meal. Broad pairing range with proteins and staples.
D009,Bottle gourd elongate dark green,লম্বা লাউ,Other Vegetables,"lunch,dinner",side,Cereals and Millets|Grain Legumes|Marine Fish|Fresh Water Fish and Shellfish|Animal Meat|Poultry|Spices and Condiments|Edible Oils and Fats,0.88,Vegetable curries (torkari) accompany every meal. Broad pairing range with proteins and staples.
D031,Brinjal - all varieties,বেগুন,Other Vegetables,"lunch,dinner",side,Cereals and Millets|Grain Legumes|Marine Fish|Fresh Water Fish and Shellfish|Animal Meat|Poultry|Spices and Condiments|Edible Oils and Fats,0.88,Vegetable curries (torkari) accompany every meal. Broad pairing range with proteins and staples.
D032,Broad beans,শিম পোস্ত,Other Vegetables,"lunch,dinner",side,Cereals and Millets|Grain Legumes|Marine Fish|Fresh Water Fish and Shellfish|Animal Meat|Poultry|Spices and Condiments|Edible Oils and Fats,0.88,Vegetable curries (torkari) accompany every meal. Broad pairing range with proteins and staples.
D036,Cauliflower,ফুলকপি,Other Vegetables,"lunch,dinner",side,Cereals and Millets|Grain Legumes|Marine Fish|Fresh Water Fish and Shellfish|Animal Meat|Poultry|Spices and Condiments|Edible Oils and Fats,0.88,Vegetable curries (torkari) accompany every meal. Broad pairing range with proteins and staples.
D037,Celery stalk,সেলারি ডাঁটি বা সেলারি শাকের ডাটা,Other Vegetables,"lunch,dinner",side,Cereals and Millets|Grain Legumes|Marine Fish|Fresh Water Fish and Shellfish|Animal Meat|Poultry|Spices and Condiments|Edible Oils and Fats,0.88,Vegetable curries (torkari) accompany every meal. Broad pairing range with proteins and staples.
D038,Cho-cho-marrow,পাহাড়ি স্কোয়াশ,Other Vegetables,"lunch,dinner",side,Cereals and Millets|Grain Legumes|Marine Fish|Fresh Water Fish and Shellfish|Animal Meat|Poultry|Spices and Condiments|Edible Oils and Fats,0.88,Vegetable curries (torkari) accompany every meal. Broad pairing range with proteins and staples.
D039,Cluster beans,ঝাড়-শিম,Other Vegetables,"lunch,dinner",side,Cereals and Millets|Grain Legumes|Marine Fish|Fresh Water Fish and Shellfish|Animal Meat|Poultry|Spices and Condiments|Edible Oils and Fats,0.88,Vegetable curries (torkari) accompany every meal. Broad pairing range with proteins and staples.
D040,Colocasia stem black,কচু শাক,Other Vegetables,"lunch,dinner",side,Cereals and Millets|Grain Legumes|Marine Fish|Fresh Water Fish and Shellfish|Animal Meat|Poultry|Spices and Condiments|Edible Oils and Fats,0.88,Vegetable curries (torkari) accompany every meal. Broad pairing range with proteins and staples.
D041,Colocasia stem green,কচুর লতি,Other Vegetables,"lunch,dinner",side,Cereals and Millets|Grain Legumes|Marine Fish|Fresh Water Fish and Shellfish|Animal Meat|Poultry|Spices and Condiments|Edible Oils and Fats,0.88,Vegetable curries (torkari) accompany every meal. Broad pairing range with proteins and staples.
D042,Corn baby,কচি ভুট্টা,Other Vegetables,"lunch,dinner",side,Cereals and Millets|Grain Legumes|Marine Fish|Fresh Water Fish and Shellfish|Animal Meat|Poultry|Spices and Condiments|Edible Oils and Fats,0.88,Vegetable curries (torkari) accompany every meal. Broad pairing range with proteins and staples.
D043,Cucumber green elongate,লম্বা শসা,Other Vegetables,"lunch,dinner",side,Cereals and Millets|Grain Legumes|Marine Fish|Fresh Water Fish and Shellfish|Animal Meat|Poultry|Spices and Condiments|Edible Oils and Fats,0.88,Vegetable curries (torkari) accompany every meal. Broad pairing range with proteins and staples.
D044,Cucumber green short,সবুজ শসা,Other Vegetables,"lunch,dinner",side,Cereals and Millets|Grain Legumes|Marine Fish|Fresh Water Fish and Shellfish|Animal Meat|Poultry|Spices and Condiments|Edible Oils and Fats,0.88,Vegetable curries (torkari) accompany every meal. Broad pairing range with proteins and staples.
D045,Cucumber orange round,লেমন শসা,Other Vegetables,"lunch,dinner",side,Cereals and Millets|Grain Legumes|Marine Fish|Fresh Water Fish and Shellfish|Animal Meat|Poultry|Spices and Condiments|Edible Oils and Fats,0.88,Vegetable curries (torkari) accompany every meal. Broad pairing range with proteins and staples.
D046,Drumstick,সজনে বা সজিনা,Other Vegetables,"lunch,dinner",side,Cereals and Millets|Grain Legumes|Marine Fish|Fresh Water Fish and Shellfish|Animal Meat|Poultry|Spices and Condiments|Edible Oils and Fats,0.88,Vegetable curries (torkari) accompany every meal. Broad pairing range with proteins and staples.
D047,Field beans tender broad,রাজশিম,Other Vegetables,"lunch,dinner",side,Cereals and Millets|Grain Legumes|Marine Fish|Fresh Water Fish and Shellfish|Animal Meat|Poultry|Spices and Condiments|Edible Oils and Fats,0.88,Vegetable curries (torkari) accompany every meal. Broad pairing range with proteins and staples.
D048,Field beans tender lean,শিমের বিচি,Other Vegetables,"lunch,dinner",side,Cereals and Millets|Grain Legumes|Marine Fish|Fresh Water Fish and Shellfish|Animal Meat|Poultry|Spices and Condiments|Edible Oils and Fats,0.88,Vegetable curries (torkari) accompany every meal. Broad pairing range with proteins and staples.
D049,French beans country,বীন শিম,Other Vegetables,"lunch,dinner",side,Cereals and Millets|Grain Legumes|Marine Fish|Fresh Water Fish and Shellfish|Animal Meat|Poultry|Spices and Condiments|Edible Oils and Fats,0.88,Vegetable curries (torkari) accompany every meal. Broad pairing range with proteins and staples.
D050,French beans hybrid,ফারাসি বা ঝাড় শিম,Other Vegetables,"lunch,dinner",side,Cereals and Millets|Grain Legumes|Marine Fish|Fresh Water Fish and Shellfish|Animal Meat|Poultry|Spices and Condiments|Edible Oils and Fats,0.88,Vegetable curries (torkari) accompany every meal. Broad pairing range with proteins and staples.
D051,Jack fruit,কাঁঠাল,Other Vegetables,"lunch,dinner",side,Cereals and Millets|Grain Legumes|Marine Fish|Fresh Water Fish and Shellfish|Animal Meat|Poultry|Spices and Condiments|Edible Oils and Fats,0.88,Vegetable curries (torkari) accompany every meal. Broad pairing range with proteins and staples.
D052,Jack fruit seeds,কাঁঠালের বিচি,Other Vegetables,"lunch,dinner",side,Cereals and Millets|Grain Legumes|Marine Fish|Fresh Water Fish and Shellfish|Animal Meat|Poultry|Spices and Condiments|Edible Oils and Fats,0.88,Vegetable curries (torkari) accompany every meal. Broad pairing range with proteins and staples.
D053,Knol - Khol,ওলকপি,Other Vegetables,"lunch,dinner",side,Cereals and Millets|Grain Legumes|Marine Fish|Fresh Water Fish and Shellfish|Animal Meat|Poultry|Spices and Condiments|Edible Oils and Fats,0.88,Vegetable curries (torkari) accompany every meal. Broad pairing range with proteins and staples.
D054,Kovai big,কোয়েম্বাটুর,Other Vegetables,"lunch,dinner",side,Cereals and Millets|Grain Legumes|Marine Fish|Fresh Water Fish and Shellfish|Animal Meat|Poultry|Spices and Condiments|Edible Oils and Fats,0.88,Vegetable curries (torkari) accompany every meal. Broad pairing range with proteins and staples.
D055,Kovai small,কুঁদরি/কাকঝিঙ্গা,Other Vegetables,"lunch,dinner",side,Cereals and Millets|Grain Legumes|Marine Fish|Fresh Water Fish and Shellfish|Animal Meat|Poultry|Spices and Condiments|Edible Oils and Fats,0.88,Vegetable curries (torkari) accompany every meal. Broad pairing range with proteins and staples.
D056,Ladies finger,ঢেঁড়স,Other Vegetables,"lunch,dinner",side,Cereals and Millets|Grain Legumes|Marine Fish|Fresh Water Fish and Shellfish|Animal Meat|Poultry|Spices and Condiments|Edible Oils and Fats,0.88,Vegetable curries (torkari) accompany every meal. Broad pairing range with proteins and staples.
D057,Mango green,কাঁচা আম,Other Vegetables,"lunch,dinner",side,Cereals and Millets|Grain Legumes|Marine Fish|Fresh Water Fish and Shellfish|Animal Meat|Poultry|Spices and Condiments|Edible Oils and Fats,0.88,Vegetable curries (torkari) accompany every meal. Broad pairing range with proteins and staples.
D058,Onion stalk,পেঁয়াজ পাতা,Other Vegetables,"lunch,dinner",side,Cereals and Millets|Grain Legumes|Marine Fish|Fresh Water Fish and Shellfish|Animal Meat|Poultry|Spices and Condiments|Edible Oils and Fats,0.88,Vegetable curries (torkari) accompany every meal. Broad pairing range with proteins and staples.
D059,Papaya,কাঁচা পেঁপে,Other Vegetables,"lunch,dinner",side,Cereals and Millets|Grain Legumes|Marine Fish|Fresh Water Fish and Shellfish|Animal Meat|Poultry|Spices and Condiments|Edible Oils and Fats,0.88,Vegetable curries (torkari) accompany every meal. Broad pairing range with proteins and staples.
D060,Parwar,পটোল,Other Vegetables,"lunch,dinner",side,Cereals and Millets|Grain Legumes|Marine Fish|Fresh Water Fish and Shellfish|Animal Meat|Poultry|Spices and Condiments|Edible Oils and Fats,0.88,Vegetable curries (torkari) accompany every meal. Broad pairing range with proteins and staples.
D061,Peas fresh,মটরশুঁটি,Other Vegetables,"lunch,dinner",side,Cereals and Millets|Grain Legumes|Marine Fish|Fresh Water Fish and Shellfish|Animal Meat|Poultry|Spices and Condiments|Edible Oils and Fats,0.88,Vegetable curries (torkari) accompany every meal. Broad pairing range with proteins and staples.
D062,Plantain flower,কলার মোচা,Other Vegetables,"lunch,dinner",side,Cereals and Millets|Grain Legumes|Marine Fish|Fresh Water Fish and Shellfish|Animal Meat|Poultry|Spices and Condiments|Edible Oils and Fats,0.88,Vegetable curries (torkari) accompany every meal. Broad pairing range with proteins and staples.
D063,Plantain green,সবুজ কাঁচকলা,Other Vegetables,"lunch,dinner",side,Cereals and Millets|Grain Legumes|Marine Fish|Fresh Water Fish and Shellfish|Animal Meat|Poultry|Spices and Condiments|Edible Oils and Fats,0.88,Vegetable curries (torkari) accompany every meal. Broad pairing range with proteins and staples.
D064,Plantain stem,থোড়,Other Vegetables,"lunch,dinner",side,Cereals and Millets|Grain Legumes|Marine Fish|Fresh Water Fish and Shellfish|Animal Meat|Poultry|Spices and Condiments|Edible Oils and Fats,0.88,Vegetable curries (torkari) accompany every meal. Broad pairing range with proteins and staples.
D065,Pumpkin green cylindrical,চালকুমড়া,Other Vegetables,"lunch,dinner",side,Cereals and Millets|Grain Legumes|Marine Fish|Fresh Water Fish and Shellfish|Animal Meat|Poultry|Spices and Condiments|Edible Oils and Fats,0.88,Vegetable curries (torkari) accompany every meal. Broad pairing range with proteins and staples.
D066,Pumpkin orange round,মিষ্টি কুমড়ো,Other Vegetables,"lunch,dinner",side,Cereals and Millets|Grain Legumes|Marine Fish|Fresh Water Fish and Shellfish|Animal Meat|Poultry|Spices and Condiments|Edible Oils and Fats,0.88,Vegetable curries (torkari) accompany every meal. Broad pairing range with proteins and staples.
D067,Red gram tender fresh,কচি অরহর,Other Vegetables,"lunch,dinner",side,Cereals and Millets|Grain Legumes|Marine Fish|Fresh Water Fish and Shellfish|Animal Meat|Poultry|Spices and Condiments|Edible Oils and Fats,0.88,Vegetable curries (torkari) accompany every meal. Broad pairing range with proteins and staples.
D068,Ridge gourd,ঝিঙে,Other Vegetables,"lunch,dinner",side,Cereals and Millets|Grain Legumes|Marine Fish|Fresh Water Fish and Shellfish|Animal Meat|Poultry|Spices and Condiments|Edible Oils and Fats,0.88,Vegetable curries (torkari) accompany every meal. Broad pairing range with proteins and staples.
D072,Snake gourd short,চিচিঙ্গা,Other Vegetables,"lunch,dinner",side,Cereals and Millets|Grain Legumes|Marine Fish|Fresh Water Fish and Shellfish|Animal Meat|Poultry|Spices and Condiments|Edible Oils and Fats,0.88,Vegetable curries (torkari) accompany every meal. Broad pairing range with proteins and staples.
D073,Tinda tender,টিন্ডা,Other Vegetables,"lunch,dinner",side,Cereals and Millets|Grain Legumes|Marine Fish|Fresh Water Fish and Shellfish|Animal Meat|Poultry|Spices and Condiments|Edible Oils and Fats,0.88,Vegetable curries (torkari) accompany every meal. Broad pairing range with proteins and staples.
D074,Tomato green,কাঁচা টমেটো,Other Vegetables,"lunch,dinner",side,Cereals and Millets|Grain Legumes|Marine Fish|Fresh Water Fish and Shellfish|Animal Meat|Poultry|Spices and Condiments|Edible Oils and Fats,0.88,Vegetable curries (torkari) accompany every meal. Broad pairing range with proteins and staples.
D075,Tomato ripe hybrid,পাকা টমেটো (হাইব্রিড),Other Vegetables,"lunch,dinner",side,Cereals and Millets|Grain Legumes|Marine Fish|Fresh Water Fish and Shellfish|Animal Meat|Poultry|Spices and Condiments|Edible Oils and Fats,0.88,Vegetable curries (torkari) accompany every meal. Broad pairing range with proteins and staples.
D076,Tomato ripe local,পাকা টমেটো (দেশি),Other Vegetables,"lunch,dinner",side,Cereals and Millets|Grain Legumes|Marine Fish|Fresh Water Fish and Shellfish|Animal Meat|Poultry|Spices and Condiments|Edible Oils and Fats,0.88,Vegetable curries (torkari) accompany every meal. Broad pairing range with proteins and staples.
D077,Zucchini green,সবুজ স্কোয়াশ বা জুকিনি,Other Vegetables,"lunch,dinner",side,Cereals and Millets|Grain Legumes|Marine Fish|Fresh Water Fish and Shellfish|Animal Meat|Poultry|Spices and Condiments|Edible Oils and Fats,0.88,Vegetable curries (torkari) accompany every meal. Broad pairing range with proteins and staples.
D078,Zucchini yellow,ধুন্দুল বা জুকিনি,Other Vegetables,"lunch,dinner",side,Cereals and Millets|Grain Legumes|Marine Fish|Fresh Water Fish and Shellfish|Animal Meat|Poultry|Spices and Condiments|Edible Oils and Fats,0.88,Vegetable curries (torkari) accompany every meal. Broad pairing range with proteins and staples.
N001,"Chicken, poultry, leg, skinless",মুরগির পা,Poultry,"lunch,dinner",main,Cereals and Millets|Grain Legumes|Other Vegetables|Roots and Tubers|Spices and Condiments|Edible Oils and Fats,0.92,"Chicken curry (murgi) — everyday protein. Pairs with rice, roti, and dal."
N002,"Chicken, poultry thigh",মুরগির রান,Poultry,"lunch,dinner",main,Cereals and Millets|Grain Legumes|Other Vegetables|Roots and Tubers|Spices and Condiments|Edible Oils and Fats,0.92,Chicken curry is very popular with rice. Suitable for lunch and dinner. Occasionally used in breakfast egg dishes.
N003,"Chicken, poultry breast",মুরগির মাংস,Poultry,"lunch,dinner",main,Cereals and Millets|Grain Legumes|Other Vegetables|Roots and Tubers|Spices and Condiments|Edible Oils and Fats,0.92,"Chicken breast — lean protein. Used in grilled, curry, or biryani preparations."
N004,Chicken poultry wing,মুরগির ডানা বা পাখা,Poultry,"lunch,dinner",main,Cereals and Millets|Grain Legumes|Other Vegetables|Roots and Tubers|Spices and Condiments|Edible Oils and Fats,0.92,Chicken curry is very popular with rice. Suitable for lunch and dinner. Occasionally used in breakfast egg dishes.
N005,Poultry chicken liver,মুরগির কলিজা,Poultry,"lunch,dinner",main,Cereals and Millets|Grain Legumes|Other Vegetables|Roots and Tubers|Spices and Condiments|Edible Oils and Fats,0.92,Chicken curry is very popular with rice. Suitable for lunch and dinner. Occasionally used in breakfast egg dishes.
N006,Poultry chicken gizzard,মুরগির গিলা,Poultry,"lunch,dinner",main,Cereals and Millets|Grain Legumes|Other Vegetables|Roots and Tubers|Spices and Condiments|Edible Oils and Fats,0.92,Chicken curry is very popular with rice. Suitable for lunch and dinner. Occasionally used in breakfast egg dishes.
N007,Country hen leg,দেশি মুরগির পা,Poultry,"lunch,dinner",main,Cereals and Millets|Grain Legumes|Other Vegetables|Roots and Tubers|Spices and Condiments|Edible Oils and Fats,0.92,Chicken curry is very popular with rice. Suitable for lunch and dinner. Occasionally used in breakfast egg dishes.
N008,Country hen thigh,দেশি মুরগির রান,Poultry,"lunch,dinner",main,Cereals and Millets|Grain Legumes|Other Vegetables|Roots and Tubers|Spices and Condiments|Edible Oils and Fats,0.92,Chicken curry is very popular with rice. Suitable for lunch and dinner. Occasionally used in breakfast egg dishes.
N009,Country hen breast,দেশি মুরগির বুক,Poultry,"lunch,dinner",main,Cereals and Millets|Grain Legumes|Other Vegetables|Roots and Tubers|Spices and Condiments|Edible Oils and Fats,0.92,Chicken curry is very popular with rice. Suitable for lunch and dinner. Occasionally used in breakfast egg dishes.
N010,Country hen wing,দেশি মুরগির ডানা বা পাখা,Poultry,"lunch,dinner",main,Cereals and Millets|Grain Legumes|Other Vegetables|Roots and Tubers|Spices and Condiments|Edible Oils and Fats,0.92,Chicken curry is very popular with rice. Suitable for lunch and dinner. Occasionally used in breakfast egg dishes.
N011,Duck meat,হাঁসের মাংস,Poultry,"lunch,dinner",main,Cereals and Millets|Grain Legumes|Other Vegetables|Roots and Tubers|Spices and Condiments|Edible Oils and Fats,0.92,Chicken curry is very popular with rice. Suitable for lunch and dinner. Occasionally used in breakfast egg dishes.
N012,Emu meat,এমু পাখির মাংস,Poultry,"lunch,dinner",main,Cereals and Millets|Grain Legumes|Other Vegetables|Roots and Tubers|Spices and Condiments|Edible Oils and Fats,0.92,Chicken curry is very popular with rice. Suitable for lunch and dinner. Occasionally used in breakfast egg dishes.
N013,Guinea fowl meat,তিতির মুরগির মাংস,Poultry,"lunch,dinner",main,Cereals and Millets|Grain Legumes|Other Vegetables|Roots and Tubers|Spices and Condiments|Edible Oils and Fats,0.92,Chicken curry is very popular with rice. Suitable for lunch and dinner. Occasionally used in breakfast egg dishes.
N014,Pigeon meat,কবুতরের মাংস,Poultry,"lunch,dinner",main,Cereals and Millets|Grain Legumes|Other Vegetables|Roots and Tubers|Spices and Condiments|Edible Oils and Fats,0.92,Chicken curry is very popular with rice. Suitable for lunch and dinner. Occasionally used in breakfast egg dishes.
N015,Quail meat,কোয়েল পাখির মাংস,Poultry,"lunch,dinner",main,Cereals and Millets|Grain Legumes|Other Vegetables|Roots and Tubers|Spices and Condiments|Edible Oils and Fats,0.92,Chicken curry is very popular with rice. Suitable for lunch and dinner. Occasionally used in breakfast egg dishes.
N016,Turkey leg,টার্কির পা,Poultry,"lunch,dinner",main,Cereals and Millets|Grain Legumes|Other Vegetables|Roots and Tubers|Spices and Condiments|Edible Oils and Fats,0.92,Chicken curry is very popular with rice. Suitable for lunch and dinner. Occasionally used in breakfast egg dishes.
N017,Turkey thigh,টার্কির রান,Poultry,"lunch,dinner",main,Cereals and Millets|Grain Legumes|Other Vegetables|Roots and Tubers|Spices and Condiments|Edible Oils and Fats,0.92,Chicken curry is very popular with rice. Suitable for lunch and dinner. Occasionally used in breakfast egg dishes.
N018,Turkey breast,টার্কির বুক,Poultry,"lunch,dinner",main,Cereals and Millets|Grain Legumes|Other Vegetables|Roots and Tubers|Spices and Condiments|Edible Oils and Fats,0.92,Chicken curry is very popular with rice. Suitable for lunch and dinner. Occasionally used in breakfast egg dishes.
N019,Turkey wing,টার্কির ডানা,Poultry,"lunch,dinner",main,Cereals and Millets|Grain Legumes|Other Vegetables|Roots and Tubers|Spices and Condiments|Edible Oils and Fats,0.92,Chicken curry is very popular with rice. Suitable for lunch and dinner. Occasionally used in breakfast egg dishes.
05_0005,"Potato, Diamond, raw",ডায়মন্ড আলু,Roots and Tubers,"lunch,dinner",side,Cereals and Millets|Grain Legumes|Marine Fish|Fresh Water Fish and Shellfish|Green Leafy Vegetables|Spices and Condiments|Edible Oils and Fats,0.85,"Potato, taro, sweet potato used as curry base or side. Pairs well with fish curries and dal."
05_0011,"Colocasia/Taro, boiled (without salt)",কচুর মুখি (রান্না করা),Roots and Tubers,"lunch,dinner",side,Cereals and Millets|Grain Legumes|Marine Fish|Fresh Water Fish and Shellfish|Green Leafy Vegetables|Spices and Condiments|Edible Oils and Fats,0.85,"Potato, taro, sweet potato used as curry base or side. Pairs well with fish curries and dal."
05_0012,"Potato, Diamond, boiled (without salt)",গোল আলু (রান্না করা),Roots and Tubers,"lunch,dinner",side,Cereals and Millets|Grain Legumes|Marine Fish|Fresh Water Fish and Shellfish|Green Leafy Vegetables|Spices and Condiments|Edible Oils and Fats,0.85,"Potato, taro, sweet potato used as curry base or side. Pairs well with fish curries and dal."
05_0015,"Sweet potato, skin purple, flesh pale-yellow, boiled (without salt)",লাল খোসার মিষ্টি আলু (সিদ্ধ),Roots and Tubers,"lunch,dinner",side,Cereals and Millets|Grain Legumes|Marine Fish|Fresh Water Fish and Shellfish|Green Leafy Vegetables|Spices and Condiments|Edible Oils and Fats,0.85,"Potato, taro, sweet potato used as curry base or side. Pairs well with fish curries and dal."
05_0016,"Sweet potato, Komola Sundori, orange flesh, boiled (without salt)",মিষ্টি আলু রান্না করা),Roots and Tubers,"lunch,dinner",side,Cereals and Millets|Grain Legumes|Marine Fish|Fresh Water Fish and Shellfish|Green Leafy Vegetables|Spices and Condiments|Edible Oils and Fats,0.85,"Potato, taro, sweet potato used as curry base or side. Pairs well with fish curries and dal."
05_0017,"Colocasia/Taro/Tannia, cormel, boiled (without salt)",দুধ কচু (রান্না করা),Roots and Tubers,"lunch,dinner",side,Cereals and Millets|Grain Legumes|Marine Fish|Fresh Water Fish and Shellfish|Green Leafy Vegetables|Spices and Condiments|Edible Oils and Fats,0.85,"Potato, taro, sweet potato used as curry base or side. Pairs well with fish curries and dal."
05_0018,"Elephant foot, corm, boiled (without salt)",ওল কচু (রান্না করা),Roots and Tubers,"lunch,dinner",side,Cereals and Millets|Grain Legumes|Marine Fish|Fresh Water Fish and Shellfish|Green Leafy Vegetables|Spices and Condiments|Edible Oils and Fats,0.85,"Potato, taro, sweet potato used as curry base or side. Pairs well with fish curries and dal."
05_0019,"Giant taro, corm, boiled (without salt)",মানকচু (রান্না করা),Roots and Tubers,"lunch,dinner",side,Cereals and Millets|Grain Legumes|Marine Fish|Fresh Water Fish and Shellfish|Green Leafy Vegetables|Spices and Condiments|Edible Oils and Fats,0.85,"Potato, taro, sweet potato used as curry base or side. Pairs well with fish curries and dal."
05_0020,"Yam, tuber, boiled (without salt)",বন আলু রান্না করা),Roots and Tubers,"lunch,dinner",side,Cereals and Millets|Grain Legumes|Marine Fish|Fresh Water Fish and Shellfish|Green Leafy Vegetables|Spices and Condiments|Edible Oils and Fats,0.85,"Potato, taro, sweet potato used as curry base or side. Pairs well with fish curries and dal."
05_0021,Potato Mash,আলু সিদ্ধ (লবণ ছাড়া),Roots and Tubers,"lunch,dinner",side,Cereals and Millets|Grain Legumes|Marine Fish|Fresh Water Fish and Shellfish|Green Leafy Vegetables|Spices and Condiments|Edible Oils and Fats,0.85,"Potato, taro, sweet potato used as curry base or side. Pairs well with fish curries and dal."
F001,Beetroot,বিটরুট,Roots and Tubers,"lunch,dinner",side,Cereals and Millets|Grain Legumes|Marine Fish|Fresh Water Fish and Shellfish|Green Leafy Vegetables|Spices and Condiments|Edible Oils and Fats,0.85,"Potato, taro, sweet potato used as curry base or side. Pairs well with fish curries and dal."
F002,Carrot orange,কমলা গাজর,Roots and Tubers,"lunch,dinner",side,Cereals and Millets|Grain Legumes|Marine Fish|Fresh Water Fish and Shellfish|Green Leafy Vegetables|Spices and Condiments|Edible Oils and Fats,0.85,"Potato, taro, sweet potato used as curry base or side. Pairs well with fish curries and dal."
F003,Carrot red,লাল গাজর,Roots and Tubers,"lunch,dinner",side,Cereals and Millets|Grain Legumes|Marine Fish|Fresh Water Fish and Shellfish|Green Leafy Vegetables|Spices and Condiments|Edible Oils and Fats,0.85,"Potato, taro, sweet potato used as curry base or side. Pairs well with fish curries and dal."
F004,Colocasia,কচু,Roots and Tubers,"lunch,dinner",side,Cereals and Millets|Grain Legumes|Marine Fish|Fresh Water Fish and Shellfish|Green Leafy Vegetables|Spices and Condiments|Edible Oils and Fats,0.85,"Potato, taro, sweet potato used as curry base or side. Pairs well with fish curries and dal."
F005,Lotus root,লোটাস মূল,Roots and Tubers,"lunch,dinner",side,Cereals and Millets|Grain Legumes|Marine Fish|Fresh Water Fish and Shellfish|Green Leafy Vegetables|Spices and Condiments|Edible Oils and Fats,0.85,"Potato, taro, sweet potato used as curry base or side. Pairs well with fish curries and dal."
F006,Potato brown skin big,গোল আলু,Roots and Tubers,"lunch,dinner",side,Cereals and Millets|Grain Legumes|Marine Fish|Fresh Water Fish and Shellfish|Green Leafy Vegetables|Spices and Condiments|Edible Oils and Fats,0.85,"Potato, taro, sweet potato used as curry base or side. Pairs well with fish curries and dal."
F007,Potato brown skin small,ছোট আলু,Roots and Tubers,"lunch,dinner",side,Cereals and Millets|Grain Legumes|Marine Fish|Fresh Water Fish and Shellfish|Green Leafy Vegetables|Spices and Condiments|Edible Oils and Fats,0.85,"Potato, taro, sweet potato used as curry base or side. Pairs well with fish curries and dal."
F008,Potato red skin,লাল কুপরী আলু,Roots and Tubers,"lunch,dinner",side,Cereals and Millets|Grain Legumes|Marine Fish|Fresh Water Fish and Shellfish|Green Leafy Vegetables|Spices and Condiments|Edible Oils and Fats,0.85,"Potato, taro, sweet potato used as curry base or side. Pairs well with fish curries and dal."
F009,Radish elongate red skin,লাল মূলা,Roots and Tubers,"lunch,dinner",side,Cereals and Millets|Grain Legumes|Marine Fish|Fresh Water Fish and Shellfish|Green Leafy Vegetables|Spices and Condiments|Edible Oils and Fats,0.85,"Potato, taro, sweet potato used as curry base or side. Pairs well with fish curries and dal."
F010,Radish elongate white skin,লম্বা মুলো,Roots and Tubers,"lunch,dinner",side,Cereals and Millets|Grain Legumes|Marine Fish|Fresh Water Fish and Shellfish|Green Leafy Vegetables|Spices and Condiments|Edible Oils and Fats,0.85,"Potato, taro, sweet potato used as curry base or side. Pairs well with fish curries and dal."
F012,Radish round white skin,মুলো,Roots and Tubers,"lunch,dinner",side,Cereals and Millets|Grain Legumes|Marine Fish|Fresh Water Fish and Shellfish|Green Leafy Vegetables|Spices and Condiments|Edible Oils and Fats,0.85,"Potato, taro, sweet potato used as curry base or side. Pairs well with fish curries and dal."
F013,Sweet potato brown skin,বাদামী মিষ্টি আলু,Roots and Tubers,"lunch,dinner",side,Cereals and Millets|Grain Legumes|Marine Fish|Fresh Water Fish and Shellfish|Green Leafy Vegetables|Spices and Condiments|Edible Oils and Fats,0.85,"Potato, taro, sweet potato used as curry base or side. Pairs well with fish curries and dal."
F014,Sweet potato pink skin,লাল মিষ্টি আলু,Roots and Tubers,"lunch,dinner",side,Cereals and Millets|Grain Legumes|Marine Fish|Fresh Water Fish and Shellfish|Green Leafy Vegetables|Spices and Condiments|Edible Oils and Fats,0.85,"Potato, taro, sweet potato used as curry base or side. Pairs well with fish curries and dal."
F015,Tapioca,সাগু দানা,Roots and Tubers,"lunch,dinner",side,Cereals and Millets|Grain Legumes|Marine Fish|Fresh Water Fish and Shellfish|Green Leafy Vegetables|Spices and Condiments|Edible Oils and Fats,0.85,"Potato, taro, sweet potato used as curry base or side. Pairs well with fish curries and dal."
F016,Water Chestnut,পানি ফল,Roots and Tubers,"lunch,dinner",side,Cereals and Millets|Grain Legumes|Marine Fish|Fresh Water Fish and Shellfish|Green Leafy Vegetables|Spices and Condiments|Edible Oils and Fats,0.85,"Potato, taro, sweet potato used as curry base or side. Pairs well with fish curries and dal."
F017,Yam elephant,ওল কচু,Roots and Tubers,"lunch,dinner",side,Cereals and Millets|Grain Legumes|Marine Fish|Fresh Water Fish and Shellfish|Green Leafy Vegetables|Spices and Condiments|Edible Oils and Fats,0.85,"Potato, taro, sweet potato used as curry base or side. Pairs well with fish curries and dal."
F018,Yam ordinary,মেটে আলু,Roots and Tubers,"lunch,dinner",side,Cereals and Millets|Grain Legumes|Marine Fish|Fresh Water Fish and Shellfish|Green Leafy Vegetables|Spices and Condiments|Edible Oils and Fats,0.85,"Potato, taro, sweet potato used as curry base or side. Pairs well with fish curries and dal."
F019,Yam wild,বন আলু,Roots and Tubers,"lunch,dinner",side,Cereals and Millets|Grain Legumes|Marine Fish|Fresh Water Fish and Shellfish|Green Leafy Vegetables|Spices and Condiments|Edible Oils and Fats,0.85,"Potato, taro, sweet potato used as curry base or side. Pairs well with fish curries and dal."
07_0009,Fennel seeds,মিষ্টি জিরা বা মৌরী,Spices and Condiments,"breakfast,lunch,dinner,snack",condiment,Cereals and Millets|Grain Legumes|Animal Meat|Poultry|Marine Fish|Fresh Water Fish and Shellfish|Green Leafy Vegetables|Other Vegetables|Roots and Tubers|Egg and Egg Products,0.6,Spices are universal flavor agents. Used in all savory dishes across every meal slot.
07_0012,"Indian pennywort, raw",থানকুনি,Spices and Condiments,"breakfast,lunch,dinner,snack",condiment,Cereals and Millets|Grain Legumes|Animal Meat|Poultry|Marine Fish|Fresh Water Fish and Shellfish|Green Leafy Vegetables|Other Vegetables|Roots and Tubers|Egg and Egg Products,0.6,Spices are universal flavor agents. Used in all savory dishes across every meal slot.
07_0013,"Lemon grass, raw",লেবু ঘাস,Spices and Condiments,"breakfast,lunch,dinner,snack",condiment,Cereals and Millets|Grain Legumes|Animal Meat|Poultry|Marine Fish|Fresh Water Fish and Shellfish|Green Leafy Vegetables|Other Vegetables|Roots and Tubers|Egg and Egg Products,0.6,Spices are universal flavor agents. Used in all savory dishes across every meal slot.
07_0015,"Mace, ground",জয়ত্রী গুঁড়ো,Spices and Condiments,"breakfast,lunch,dinner,snack",condiment,Cereals and Millets|Grain Legumes|Animal Meat|Poultry|Marine Fish|Fresh Water Fish and Shellfish|Green Leafy Vegetables|Other Vegetables|Roots and Tubers|Egg and Egg Products,0.6,Spices are universal flavor agents. Used in all savory dishes across every meal slot.
07_0016,"Nutmeg, dried",জায়ফল,Spices and Condiments,"breakfast,lunch,dinner,snack",condiment,Cereals and Millets|Grain Legumes|Animal Meat|Poultry|Marine Fish|Fresh Water Fish and Shellfish|Green Leafy Vegetables|Other Vegetables|Roots and Tubers|Egg and Egg Products,0.6,Spices are universal flavor agents. Used in all savory dishes across every meal slot.
07_0018,Poppy seeds,পোস্ত দানা,Spices and Condiments,"breakfast,lunch,dinner,snack",condiment,Cereals and Millets|Grain Legumes|Animal Meat|Poultry|Marine Fish|Fresh Water Fish and Shellfish|Green Leafy Vegetables|Other Vegetables|Roots and Tubers|Egg and Egg Products,0.6,Spices are universal flavor agents. Used in all savory dishes across every meal slot.
07_0019,"Spearmint leaves, fresh",পুদিনা পাতা,Spices and Condiments,"breakfast,lunch,dinner,snack",condiment,Cereals and Millets|Grain Legumes|Animal Meat|Poultry|Marine Fish|Fresh Water Fish and Shellfish|Green Leafy Vegetables|Other Vegetables|Roots and Tubers|Egg and Egg Products,0.6,Spices are universal flavor agents. Used in all savory dishes across every meal slot.
14_0006,Sugar cane Juice,আখের রস,Sugars,"breakfast,snack",condiment,Cereals and Millets|Milk and Milk Products|Nuts and Oil Seeds|Fruits,0.6,Jaggery/sugar used in sweets and sweetened beverages. Not combined with savory mains.
I001,Jaggery cane,গুড়,Sugars,"breakfast,snack",condiment,Cereals and Millets|Milk and Milk Products|Nuts and Oil Seeds|Fruits,0.6,Jaggery/sugar used in sweets and sweetened beverages. Not combined with savory mains.
