food_code_1,food_code_2,popularity,pairing_type,meal_slot
01_0001,02_0001,3.0,staple_dal,all
01_0001,02_0012,3.0,staple_dal,all
01_0001,02_0003,3.0,staple_dal,all
01_0001,02_0013,3.0,staple_dal,all
01_0001,02_0006,3.0,staple_dal,all
01_0001,02_0014,3.0,staple_dal,all
01_0001,02_0015,3.0,staple_dal,all
01_0001,02_0016,3.0,staple_dal,all
01_0034,02_0001,3.0,staple_dal,all
01_0034,02_0012,3.0,staple_dal,all
01_0034,02_0003,3.0,staple_dal,all
01_0034,02_0013,3.0,staple_dal,all
01_0034,02_0006,3.0,staple_dal,all
01_0034,02_0014,3.0,staple_dal,all
01_0034,02_0015,3.0,staple_dal,all
01_0034,02_0016,3.0,staple_dal,all
01_0002,02_0001,3.0,staple_dal,all
01_0002,02_0012,3.0,staple_dal,all
01_0002,02_0003,3.0,staple_dal,all
01_0002,02_0013,3.0,staple_dal,all
01_0002,02_0006,3.0,staple_dal,all
01_0002,02_0014,3.0,staple_dal,all
01_0002,02_0015,3.0,staple_dal,all
01_0002,02_0016,3.0,staple_dal,all
01_0003,02_0001,3.0,staple_dal,all
01_0003,02_0012,3.0,staple_dal,all
01_0003,02_0003,3.0,staple_dal,all
01_0003,02_0013,3.0,staple_dal,all
01_0003,02_0006,3.0,staple_dal,all
01_0003,02_0014,3.0,staple_dal,all
01_0003,02_0015,3.0,staple_dal,all
01_0003,02_0016,3.0,staple_dal,all
01_0008,02_0001,3.0,staple_dal,all
01_0008,02_0012,3.0,staple_dal,all
01_0008,02_0003,3.0,staple_dal,all
01_0008,02_0013,3.0,staple_dal,all
01_0008,02_0006,3.0,staple_dal,all
01_0008,02_0014,3.0,staple_dal,all
01_0008,02_0015,3.0,staple_dal,all
01_0008,02_0016,3.0,staple_dal,all
01_0035,02_0001,3.0,staple_dal,all
01_0035,02_0012,3.0,staple_dal,all
01_0035,02_0003,3.0,staple_dal,all
01_0035,02_0013,3.0,staple_dal,all
01_0035,02_0006,3.0,staple_dal,all
01_0035,02_0014,3.0,staple_dal,all
01_0035,02_0015,3.0,staple_dal,all
01_0035,02_0016,3.0,staple_dal,all
01_0036,02_0001,3.0,staple_dal,all
01_0036,02_0012,3.0,staple_dal,all
01_0036,02_0003,3.0,staple_dal,all
01_0036,02_0013,3.0,staple_dal,all
01_0036,02_0006,3.0,staple_dal,all
01_0036,02_0014,3.0,staple_dal,all
01_0036,02_0015,3.0,staple_dal,all
01_0036,02_0016,3.0,staple_dal,all
01_0009,02_0001,3.0,staple_dal,all
01_0009,02_0012,3.0,staple_dal,all
01_0009,02_0003,3.0,staple_dal,all
01_0009,02_0013,3.0,staple_dal,all
01_0009,02_0006,3.0,staple_dal,all
01_0009,02_0014,3.0,staple_dal,all
01_0009,02_0015,3.0,staple_dal,all
01_0009,02_0016,3.0,staple_dal,all
01_0001,09_0001,3.0,staple_fish,lunch_dinner
01_0001,09_0003,3.0,staple_fish,lunch_dinner
01_0001,09_0004,3.0,staple_fish,lunch_dinner
01_0001,09_0005,3.0,staple_fish,lunch_dinner
01_0001,09_0008,3.0,staple_fish,lunch_dinner
01_0001,09_0009,3.0,staple_fish,lunch_dinner
01_0001,09_0010,3.0,staple_fish,lunch_dinner
01_0001,09_0011,3.0,staple_fish,lunch_dinner
01_0034,09_0001,3.0,staple_fish,lunch_dinner
01_0034,09_0003,3.0,staple_fish,lunch_dinner
01_0034,09_0004,3.0,staple_fish,lunch_dinner
01_0034,09_0005,3.0,staple_fish,lunch_dinner
01_0034,09_0008,3.0,staple_fish,lunch_dinner
01_0034,09_0009,3.0,staple_fish,lunch_dinner
01_0034,09_0010,3.0,staple_fish,lunch_dinner
01_0034,09_0011,3.0,staple_fish,lunch_dinner
01_0002,09_0001,3.0,staple_fish,lunch_dinner
01_0002,09_0003,3.0,staple_fish,lunch_dinner
01_0002,09_0004,3.0,staple_fish,lunch_dinner
01_0002,09_0005,3.0,staple_fish,lunch_dinner
01_0002,09_0008,3.0,staple_fish,lunch_dinner
01_0002,09_0009,3.0,staple_fish,lunch_dinner
01_0002,09_0010,3.0,staple_fish,lunch_dinner
01_0002,09_0011,3.0,staple_fish,lunch_dinner
01_0003,09_0001,3.0,staple_fish,lunch_dinner
01_0003,09_0003,3.0,staple_fish,lunch_dinner
01_0003,09_0004,3.0,staple_fish,lunch_dinner
01_0003,09_0005,3.0,staple_fish,lunch_dinner
01_0003,09_0008,3.0,staple_fish,lunch_dinner
01_0003,09_0009,3.0,staple_fish,lunch_dinner
01_0003,09_0010,3.0,staple_fish,lunch_dinner
01_0003,09_0011,3.0,staple_fish,lunch_dinner
01_0008,09_0001,3.0,staple_fish,lunch_dinner
01_0008,09_0003,3.0,staple_fish,lunch_dinner
01_0008,09_0004,3.0,staple_fish,lunch_dinner
01_0008,09_0005,3.0,staple_fish,lunch_dinner
01_0008,09_0008,3.0,staple_fish,lunch_dinner
01_0008,09_0009,3.0,staple_fish,lunch_dinner
01_0008,09_0010,3.0,staple_fish,lunch_dinner
01_0008,09_0011,3.0,staple_fish,lunch_dinner
01_0035,09_0001,3.0,staple_fish,lunch_dinner
01_0035,09_0003,3.0,staple_fish,lunch_dinner
01_0035,09_0004,3.0,staple_fish,lunch_dinner
01_0035,09_0005,3.0,staple_fish,lunch_dinner
01_0035,09_0008,3.0,staple_fish,lunch_dinner
01_0035,09_0009,3.0,staple_fish,lunch_dinner
01_0035,09_0010,3.0,staple_fish,lunch_dinner
01_0035,09_0011,3.0,staple_fish,lunch_dinner
01_0036,09_0001,3.0,staple_fish,lunch_dinner
01_0036,09_0003,3.0,staple_fish,lunch_dinner
01_0036,09_0004,3.0,staple_fish,lunch_dinner
01_0036,09_0005,3.0,staple_fish,lunch_dinner
01_0036,09_0008,3.0,staple_fish,lunch_dinner
01_0036,09_0009,3.0,staple_fish,lunch_dinner
01_0036,09_0010,3.0,staple_fish,lunch_dinner
01_0036,09_0011,3.0,staple_fish,lunch_dinner
01_0009,09_0001,3.0,staple_fish,lunch_dinner
01_0009,09_0003,3.0,staple_fish,lunch_dinner
01_0009,09_0004,3.0,staple_fish,lunch_dinner
01_0009,09_0005,3.0,staple_fish,lunch_dinner
01_0009,09_0008,3.0,staple_fish,lunch_dinner
01_0009,09_0009,3.0,staple_fish,lunch_dinner
01_0009,09_0010,3.0,staple_fish,lunch_dinner
01_0009,09_0011,3.0,staple_fish,lunch_dinner
01_0001,S001,3.0,staple_fish,lunch_dinner
01_0001,S002,3.0,staple_fish,lunch_dinner
01_0001,S003,3.0,staple_fish,lunch_dinner
01_0001,S004,3.0,staple_fish,lunch_dinner
01_0001,S005,3.0,staple_fish,lunch_dinner
01_0001,S006,3.0,staple_fish,lunch_dinner
01_0001,S007,3.0,staple_fish,lunch_dinner
01_0001,S008,3.0,staple_fish,lunch_dinner
01_0001,S009,3.0,staple_fish,lunch_dinner
01_0001,S010,3.0,staple_fish,lunch_dinner
01_0034,S001,3.0,staple_fish,lunch_dinner
01_0034,S002,3.0,staple_fish,lunch_dinner
01_0034,S003,3.0,staple_fish,lunch_dinner
01_0034,S004,3.0,staple_fish,lunch_dinner
01_0034,S005,3.0,staple_fish,lunch_dinner
01_0034,S006,3.0,staple_fish,lunch_dinner
01_0034,S007,3.0,staple_fish,lunch_dinner
01_0034,S008,3.0,staple_fish,lunch_dinner
01_0034,S009,3.0,staple_fish,lunch_dinner
01_0034,S010,3.0,staple_fish,lunch_dinner
01_0002,S001,3.0,staple_fish,lunch_dinner
01_0002,S002,3.0,staple_fish,lunch_dinner
01_0002,S003,3.0,staple_fish,lunch_dinner
01_0002,S004,3.0,staple_fish,lunch_dinner
01_0002,S005,3.0,staple_fish,lunch_dinner
01_0002,S006,3.0,staple_fish,lunch_dinner
01_0002,S007,3.0,staple_fish,lunch_dinner
01_0002,S008,3.0,staple_fish,lunch_dinner
01_0002,S009,3.0,staple_fish,lunch_dinner
01_0002,S010,3.0,staple_fish,lunch_dinner
01_0003,S001,3.0,staple_fish,lunch_dinner
01_0003,S002,3.0,staple_fish,lunch_dinner
01_0003,S003,3.0,staple_fish,lunch_dinner
01_0003,S004,3.0,staple_fish,lunch_dinner
01_0003,S005,3.0,staple_fish,lunch_dinner
01_0003,S006,3.0,staple_fish,lunch_dinner
01_0003,S007,3.0,staple_fish,lunch_dinner
01_0003,S008,3.0,staple_fish,lunch_dinner
01_0003,S009,3.0,staple_fish,lunch_dinner
01_0003,S010,3.0,staple_fish,lunch_dinner
01_0008,S001,3.0,staple_fish,lunch_dinner
01_0008,S002,3.0,staple_fish,lunch_dinner
01_0008,S003,3.0,staple_fish,lunch_dinner
01_0008,S004,3.0,staple_fish,lunch_dinner
01_0008,S005,3.0,staple_fish,lunch_dinner
01_0008,S006,3.0,staple_fish,lunch_dinner
01_0008,S007,3.0,staple_fish,lunch_dinner
01_0008,S008,3.0,staple_fish,lunch_dinner
01_0008,S009,3.0,staple_fish,lunch_dinner
01_0008,S010,3.0,staple_fish,lunch_dinner
01_0035,S001,3.0,staple_fish,lunch_dinner
01_0035,S002,3.0,staple_fish,lunch_dinner
01_0035,S003,3.0,staple_fish,lunch_dinner
01_0035,S004,3.0,staple_fish,lunch_dinner
01_0035,S005,3.0,staple_fish,lunch_dinner
01_0035,S006,3.0,staple_fish,lunch_dinner
01_0035,S007,3.0,staple_fish,lunch_dinner
01_0035,S008,3.0,staple_fish,lunch_dinner
01_0035,S009,3.0,staple_fish,lunch_dinner
01_0035,S010,3.0,staple_fish,lunch_dinner
01_0036,S001,3.0,staple_fish,lunch_dinner
01_0036,S002,3.0,staple_fish,lunch_dinner
01_0036,S003,3.0,staple_fish,lunch_dinner
01_0036,S004,3.0,staple_fish,lunch_dinner
01_0036,S005,3.0,staple_fish,lunch_dinner
01_0036,S006,3.0,staple_fish,lunch_dinner
01_0036,S007,3.0,staple_fish,lunch_dinner
01_0036,S008,3.0,staple_fish,lunch_dinner
01_0036,S009,3.0,staple_fish,lunch_dinner
01_0036,S010,3.0,staple_fish,lunch_dinner
01_0009,S001,3.0,staple_fish,lunch_dinner
01_0009,S002,3.0,staple_fish,lunch_dinner
01_0009,S003,3.0,staple_fish,lunch_dinner
01_0009,S004,3.0,staple_fish,lunch_dinner
01_0009,S005,3.0,staple_fish,lunch_dinner
01_0009,S006,3.0,staple_fish,lunch_dinner
01_0009,S007,3.0,staple_fish,lunch_dinner
01_0009,S008,3.0,staple_fish,lunch_dinner
01_0009,S009,3.0,staple_fish,lunch_dinner
01_0009,S010,3.0,staple_fish,lunch_dinner
01_0001,Q001,2.5,staple_fish,lunch_dinner
01_0001,Q002,2.5,staple_fish,lunch_dinner
01_0001,Q004,2.5,staple_fish,lunch_dinner
01_0001,Q005,2.5,staple_fish,lunch_dinner
01_0034,Q001,2.5,staple_fish,lunch_dinner
01_0034,Q002,2.5,staple_fish,lunch_dinner
01_0034,Q004,2.5,staple_fish,lunch_dinner
01_0034,Q005,2.5,staple_fish,lunch_dinner
01_0002,Q001,2.5,staple_fish,lunch_dinner
01_0002,Q002,2.5,staple_fish,lunch_dinner
01_0002,Q004,2.5,staple_fish,lunch_dinner
01_0002,Q005,2.5,staple_fish,lunch_dinner
01_0003,Q001,2.5,staple_fish,lunch_dinner
01_0003,Q002,2.5,staple_fish,lunch_dinner
01_0003,Q004,2.5,staple_fish,lunch_dinner
01_0003,Q005,2.5,staple_fish,lunch_dinner
01_0008,Q001,2.5,staple_fish,lunch_dinner
01_0008,Q002,2.5,staple_fish,lunch_dinner
01_0008,Q004,2.5,staple_fish,lunch_dinner
01_0008,Q005,2.5,staple_fish,lunch_dinner
01_0035,Q001,2.5,staple_fish,lunch_dinner
01_0035,Q002,2.5,staple_fish,lunch_dinner
01_0035,Q004,2.5,staple_fish,lunch_dinner
01_0035,Q005,2.5,staple_fish,lunch_dinner
01_0036,Q001,2.5,staple_fish,lunch_dinner
01_0036,Q002,2.5,staple_fish,lunch_dinner
01_0036,Q004,2.5,staple_fish,lunch_dinner
01_0036,Q005,2.5,staple_fish,lunch_dinner
01_0009,Q001,2.5,staple_fish,lunch_dinner
01_0009,Q002,2.5,staple_fish,lunch_dinner
01_0009,Q004,2.5,staple_fish,lunch_dinner
01_0009,Q005,2.5,staple_fish,lunch_dinner
01_0001,N001,2.8,staple_curry,lunch_dinner
01_0001,N002,2.8,staple_curry,lunch_dinner
01_0001,N003,2.8,staple_curry,lunch_dinner
01_0001,N004,2.8,staple_curry,lunch_dinner
01_0001,N005,2.8,staple_curry,lunch_dinner
01_0001,N006,2.8,staple_curry,lunch_dinner
01_0001,N007,2.8,staple_curry,lunch_dinner
01_0001,N008,2.8,staple_curry,lunch_dinner
01_0034,N001,2.8,staple_curry,lunch_dinner
01_0034,N002,2.8,staple_curry,lunch_dinner
01_0034,N003,2.8,staple_curry,lunch_dinner
01_0034,N004,2.8,staple_curry,lunch_dinner
01_0034,N005,2.8,staple_curry,lunch_dinner
01_0034,N006,2.8,staple_curry,lunch_dinner
01_0034,N007,2.8,staple_curry,lunch_dinner
01_0034,N008,2.8,staple_curry,lunch_dinner
01_0002,N001,2.8,staple_curry,lunch_dinner
01_0002,N002,2.8,staple_curry,lunch_dinner
01_0002,N003,2.8,staple_curry,lunch_dinner
01_0002,N004,2.8,staple_curry,lunch_dinner
01_0002,N005,2.8,staple_curry,lunch_dinner
01_0002,N006,2.8,staple_curry,lunch_dinner
01_0002,N007,2.8,staple_curry,lunch_dinner
01_0002,N008,2.8,staple_curry,lunch_dinner
01_0003,N001,2.8,staple_curry,lunch_dinner
01_0003,N002,2.8,staple_curry,lunch_dinner
01_0003,N003,2.8,staple_curry,lunch_dinner
01_0003,N004,2.8,staple_curry,lunch_dinner
01_0003,N005,2.8,staple_curry,lunch_dinner
01_0003,N006,2.8,staple_curry,lunch_dinner
01_0003,N007,2.8,staple_curry,lunch_dinner
01_0003,N008,2.8,staple_curry,lunch_dinner
01_0008,N001,2.8,staple_curry,lunch_dinner
01_0008,N002,2.8,staple_curry,lunch_dinner
01_0008,N003,2.8,staple_curry,lunch_dinner
01_0008,N004,2.8,staple_curry,lunch_dinner
01_0008,N005,2.8,staple_curry,lunch_dinner
01_0008,N006,2.8,staple_curry,lunch_dinner
01_0008,N007,2.8,staple_curry,lunch_dinner
01_0008,N008,2.8,staple_curry,lunch_dinner
01_0035,N001,2.8,staple_curry,lunch_dinner
01_0035,N002,2.8,staple_curry,lunch_dinner
01_0035,N003,2.8,staple_curry,lunch_dinner
01_0035,N004,2.8,staple_curry,lunch_dinner
01_0035,N005,2.8,staple_curry,lunch_dinner
01_0035,N006,2.8,staple_curry,lunch_dinner
01_0035,N007,2.8,staple_curry,lunch_dinner
01_0035,N008,2.8,staple_curry,lunch_dinner
01_0036,N001,2.8,staple_curry,lunch_dinner
01_0036,N002,2.8,staple_curry,lunch_dinner
01_0036,N003,2.8,staple_curry,lunch_dinner
01_0036,N004,2.8,staple_curry,lunch_dinner
01_0036,N005,2.8,staple_curry,lunch_dinner
01_0036,N006,2.8,staple_curry,lunch_dinner
01_0036,N007,2.8,staple_curry,lunch_dinner
01_0036,N008,2.8,staple_curry,lunch_dinner
01_0009,N001,2.8,staple_curry,lunch_dinner
01_0009,N002,2.8,staple_curry,lunch_dinner
01_0009,N003,2.8,staple_curry,lunch_dinner
01_0009,N004,2.8,staple_curry,lunch_dinner
01_0009,N005,2.8,staple_curry,lunch_dinner
01_0009,N006,2.8,staple_curry,lunch_dinner
01_0009,N007,2.8,staple_curry,lunch_dinner
01_0009,N008,2.8,staple_curry,lunch_dinner
01_0001,10_0016,2.5,staple_curry,lunch_dinner
01_0001,10_0001,2.5,staple_curry,lunch_dinner
01_0001,10_0002,2.5,staple_curry,lunch_dinner
01_0001,10_0003,2.5,staple_curry,lunch_dinner
01_0001,10_0004,2.5,staple_curry,lunch_dinner
01_0001,10_0005,2.5,staple_curry,lunch_dinner
01_0001,10_0006,2.5,staple_curry,lunch_dinner
01_0001,10_0007,2.5,staple_curry,lunch_dinner
01_0034,10_0016,2.5,staple_curry,lunch_dinner
01_0034,10_0001,2.5,staple_curry,lunch_dinner
01_0034,10_0002,2.5,staple_curry,lunch_dinner
01_0034,10_0003,2.5,staple_curry,lunch_dinner
01_0034,10_0004,2.5,staple_curry,lunch_dinner
01_0034,10_0005,2.5,staple_curry,lunch_dinner
01_0034,10_0006,2.5,staple_curry,lunch_dinner
01_0034,10_0007,2.5,staple_curry,lunch_dinner
01_0002,10_0016,2.5,staple_curry,lunch_dinner
01_0002,10_0001,2.5,staple_curry,lunch_dinner
01_0002,10_0002,2.5,staple_curry,lunch_dinner
01_0002,10_0003,2.5,staple_curry,lunch_dinner
01_0002,10_0004,2.5,staple_curry,lunch_dinner
01_0002,10_0005,2.5,staple_curry,lunch_dinner
01_0002,10_0006,2.5,staple_curry,lunch_dinner
01_0002,10_0007,2.5,staple_curry,lunch_dinner
01_0003,10_0016,2.5,staple_curry,lunch_dinner
01_0003,10_0001,2.5,staple_curry,lunch_dinner
01_0003,10_0002,2.5,staple_curry,lunch_dinner
01_0003,10_0003,2.5,staple_curry,lunch_dinner
01_0003,10_0004,2.5,staple_curry,lunch_dinner
01_0003,10_0005,2.5,staple_curry,lunch_dinner
01_0003,10_0006,2.5,staple_curry,lunch_dinner
01_0003,10_0007,2.5,staple_curry,lunch_dinner
01_0008,10_0016,2.5,staple_curry,lunch_dinner
01_0008,10_0001,2.5,staple_curry,lunch_dinner
01_0008,10_0002,2.5,staple_curry,lunch_dinner
01_0008,10_0003,2.5,staple_curry,lunch_dinner
01_0008,10_0004,2.5,staple_curry,lunch_dinner
01_0008,10_0005,2.5,staple_curry,lunch_dinner
01_0008,10_0006,2.5,staple_curry,lunch_dinner
01_0008,10_0007,2.5,staple_curry,lunch_dinner
01_0035,10_0016,2.5,staple_curry,lunch_dinner
01_0035,10_0001,2.5,staple_curry,lunch_dinner
01_0035,10_0002,2.5,staple_curry,lunch_dinner
01_0035,10_0003,2.5,staple_curry,lunch_dinner
01_0035,10_0004,2.5,staple_curry,lunch_dinner
01_0035,10_0005,2.5,staple_curry,lunch_dinner
01_0035,10_0006,2.5,staple_curry,lunch_dinner
01_0035,10_0007,2.5,staple_curry,lunch_dinner
01_0036,10_0016,2.5,staple_curry,lunch_dinner
01_0036,10_0001,2.5,staple_curry,lunch_dinner
01_0036,10_0002,2.5,staple_curry,lunch_dinner
01_0036,10_0003,2.5,staple_curry,lunch_dinner
01_0036,10_0004,2.5,staple_curry,lunch_dinner
01_0036,10_0005,2.5,staple_curry,lunch_dinner
01_0036,10_0006,2.5,staple_curry,lunch_dinner
01_0036,10_0007,2.5,staple_curry,lunch_dinner
01_0009,10_0016,2.5,staple_curry,lunch_dinner
01_0009,10_0001,2.5,staple_curry,lunch_dinner
01_0009,10_0002,2.5,staple_curry,lunch_dinner
01_0009,10_0003,2.5,staple_curry,lunch_dinner
01_0009,10_0004,2.5,staple_curry,lunch_dinner
01_0009,10_0005,2.5,staple_curry,lunch_dinner
01_0009,10_0006,2.5,staple_curry,lunch_dinner
01_0009,10_0007,2.5,staple_curry,lunch_dinner
01_0001,11_0001,2.8,staple_egg,all
01_0001,11_0005,2.8,staple_egg,all
01_0001,11_0002,2.8,staple_egg,all
01_0001,11_0006,2.8,staple_egg,all
01_0001,11_0003,2.8,staple_egg,all
01_0001,11_0004,2.8,staple_egg,all
01_0001,11_0007,2.8,staple_egg,all
01_0001,M001,2.8,staple_egg,all
01_0034,11_0001,2.8,staple_egg,all
01_0034,11_0005,2.8,staple_egg,all
01_0034,11_0002,2.8,staple_egg,all
01_0034,11_0006,2.8,staple_egg,all
01_0034,11_0003,2.8,staple_egg,all
01_0034,11_0004,2.8,staple_egg,all
01_0034,11_0007,2.8,staple_egg,all
01_0034,M001,2.8,staple_egg,all
01_0002,11_0001,2.8,staple_egg,all
01_0002,11_0005,2.8,staple_egg,all
01_0002,11_0002,2.8,staple_egg,all
01_0002,11_0006,2.8,staple_egg,all
01_0002,11_0003,2.8,staple_egg,all
01_0002,11_0004,2.8,staple_egg,all
01_0002,11_0007,2.8,staple_egg,all
01_0002,M001,2.8,staple_egg,all
01_0003,11_0001,2.8,staple_egg,all
01_0003,11_0005,2.8,staple_egg,all
01_0003,11_0002,2.8,staple_egg,all
01_0003,11_0006,2.8,staple_egg,all
01_0003,11_0003,2.8,staple_egg,all
01_0003,11_0004,2.8,staple_egg,all
01_0003,11_0007,2.8,staple_egg,all
01_0003,M001,2.8,staple_egg,all
01_0008,11_0001,2.8,staple_egg,all
01_0008,11_0005,2.8,staple_egg,all
01_0008,11_0002,2.8,staple_egg,all
01_0008,11_0006,2.8,staple_egg,all
01_0008,11_0003,2.8,staple_egg,all
01_0008,11_0004,2.8,staple_egg,all
01_0008,11_0007,2.8,staple_egg,all
01_0008,M001,2.8,staple_egg,all
01_0035,11_0001,2.8,staple_egg,all
01_0035,11_0005,2.8,staple_egg,all
01_0035,11_0002,2.8,staple_egg,all
01_0035,11_0006,2.8,staple_egg,all
01_0035,11_0003,2.8,staple_egg,all
01_0035,11_0004,2.8,staple_egg,all
01_0035,11_0007,2.8,staple_egg,all
01_0035,M001,2.8,staple_egg,all
01_0036,11_0001,2.8,staple_egg,all
01_0036,11_0005,2.8,staple_egg,all
01_0036,11_0002,2.8,staple_egg,all
01_0036,11_0006,2.8,staple_egg,all
01_0036,11_0003,2.8,staple_egg,all
01_0036,11_0004,2.8,staple_egg,all
01_0036,11_0007,2.8,staple_egg,all
01_0036,M001,2.8,staple_egg,all
01_0009,11_0001,2.8,staple_egg,all
01_0009,11_0005,2.8,staple_egg,all
01_0009,11_0002,2.8,staple_egg,all
01_0009,11_0006,2.8,staple_egg,all
01_0009,11_0003,2.8,staple_egg,all
01_0009,11_0004,2.8,staple_egg,all
01_0009,11_0007,2.8,staple_egg,all
01_0009,M001,2.8,staple_egg,all
01_0001,04_0001,2.5,staple_shak,lunch_dinner
01_0001,04_0002,2.5,staple_shak,lunch_dinner
01_0001,04_0003,2.5,staple_shak,lunch_dinner
01_0001,04_0032,2.5,staple_shak,lunch_dinner
01_0001,04_0033,2.5,staple_shak,lunch_dinner
01_0001,04_0006,2.5,staple_shak,lunch_dinner
01_0001,04_0007,2.5,staple_shak,lunch_dinner
01_0001,04_0008,2.5,staple_shak,lunch_dinner
01_0034,04_0001,2.5,staple_shak,lunch_dinner
01_0034,04_0002,2.5,staple_shak,lunch_dinner
01_0034,04_0003,2.5,staple_shak,lunch_dinner
01_0034,04_0032,2.5,staple_shak,lunch_dinner
01_0034,04_0033,2.5,staple_shak,lunch_dinner
01_0034,04_0006,2.5,staple_shak,lunch_dinner
01_0034,04_0007,2.5,staple_shak,lunch_dinner
01_0034,04_0008,2.5,staple_shak,lunch_dinner
01_0002,04_0001,2.5,staple_shak,lunch_dinner
01_0002,04_0002,2.5,staple_shak,lunch_dinner
01_0002,04_0003,2.5,staple_shak,lunch_dinner
01_0002,04_0032,2.5,staple_shak,lunch_dinner
01_0002,04_0033,2.5,staple_shak,lunch_dinner
01_0002,04_0006,2.5,staple_shak,lunch_dinner
01_0002,04_0007,2.5,staple_shak,lunch_dinner
01_0002,04_0008,2.5,staple_shak,lunch_dinner
01_0003,04_0001,2.5,staple_shak,lunch_dinner
01_0003,04_0002,2.5,staple_shak,lunch_dinner
01_0003,04_0003,2.5,staple_shak,lunch_dinner
01_0003,04_0032,2.5,staple_shak,lunch_dinner
01_0003,04_0033,2.5,staple_shak,lunch_dinner
01_0003,04_0006,2.5,staple_shak,lunch_dinner
01_0003,04_0007,2.5,staple_shak,lunch_dinner
01_0003,04_0008,2.5,staple_shak,lunch_dinner
01_0008,04_0001,2.5,staple_shak,lunch_dinner
01_0008,04_0002,2.5,staple_shak,lunch_dinner
01_0008,04_0003,2.5,staple_shak,lunch_dinner
01_0008,04_0032,2.5,staple_shak,lunch_dinner
01_0008,04_0033,2.5,staple_shak,lunch_dinner
01_0008,04_0006,2.5,staple_shak,lunch_dinner
01_0008,04_0007,2.5,staple_shak,lunch_dinner
01_0008,04_0008,2.5,staple_shak,lunch_dinner
01_0035,04_0001,2.5,staple_shak,lunch_dinner
01_0035,04_0002,2.5,staple_shak,lunch_dinner
01_0035,04_0003,2.5,staple_shak,lunch_dinner
01_0035,04_0032,2.5,staple_shak,lunch_dinner
01_0035,04_0033,2.5,staple_shak,lunch_dinner
01_0035,04_0006,2.5,staple_shak,lunch_dinner
01_0035,04_0007,2.5,staple_shak,lunch_dinner
01_0035,04_0008,2.5,staple_shak,lunch_dinner
01_0036,04_0001,2.5,staple_shak,lunch_dinner
01_0036,04_0002,2.5,staple_shak,lunch_dinner
01_0036,04_0003,2.5,staple_shak,lunch_dinner
01_0036,04_0032,2.5,staple_shak,lunch_dinner
01_0036,04_0033,2.5,staple_shak,lunch_dinner
01_0036,04_0006,2.5,staple_shak,lunch_dinner
01_0036,04_0007,2.5,staple_shak,lunch_dinner
01_0036,04_0008,2.5,staple_shak,lunch_dinner
01_0009,04_0001,2.5,staple_shak,lunch_dinner
01_0009,04_0002,2.5,staple_shak,lunch_dinner
01_0009,04_0003,2.5,staple_shak,lunch_dinner
01_0009,04_0032,2.5,staple_shak,lunch_dinner
01_0009,04_0033,2.5,staple_shak,lunch_dinner
01_0009,04_0006,2.5,staple_shak,lunch_dinner
01_0009,04_0007,2.5,staple_shak,lunch_dinner
01_0009,04_0008,2.5,staple_shak,lunch_dinner
01_0001,03_0001,2.8,staple_torkari,lunch_dinner
01_0001,03_0002,2.8,staple_torkari,lunch_dinner
01_0001,03_0003,2.8,staple_torkari,lunch_dinner
01_0001,03_0004,2.8,staple_torkari,lunch_dinner
01_0001,03_0005,2.8,staple_torkari,lunch_dinner
01_0001,03_0033,2.8,staple_torkari,lunch_dinner
01_0001,03_0006,2.8,staple_torkari,lunch_dinner
01_0001,03_0034,2.8,staple_torkari,lunch_dinner
01_0034,03_0001,2.8,staple_torkari,lunch_dinner
01_0034,03_0002,2.8,staple_torkari,lunch_dinner
01_0034,03_0003,2.8,staple_torkari,lunch_dinner
01_0034,03_0004,2.8,staple_torkari,lunch_dinner
01_0034,03_0005,2.8,staple_torkari,lunch_dinner
01_0034,03_0033,2.8,staple_torkari,lunch_dinner
01_0034,03_0006,2.8,staple_torkari,lunch_dinner
01_0034,03_0034,2.8,staple_torkari,lunch_dinner
01_0002,03_0001,2.8,staple_torkari,lunch_dinner
01_0002,03_0002,2.8,staple_torkari,lunch_dinner
01_0002,03_0003,2.8,staple_torkari,lunch_dinner
01_0002,03_0004,2.8,staple_torkari,lunch_dinner
01_0002,03_0005,2.8,staple_torkari,lunch_dinner
01_0002,03_0033,2.8,staple_torkari,lunch_dinner
01_0002,03_0006,2.8,staple_torkari,lunch_dinner
01_0002,03_0034,2.8,staple_torkari,lunch_dinner
01_0003,03_0001,2.8,staple_torkari,lunch_dinner
01_0003,03_0002,2.8,staple_torkari,lunch_dinner
01_0003,03_0003,2.8,staple_torkari,lunch_dinner
01_0003,03_0004,2.8,staple_torkari,lunch_dinner
01_0003,03_0005,2.8,staple_torkari,lunch_dinner
01_0003,03_0033,2.8,staple_torkari,lunch_dinner
01_0003,03_0006,2.8,staple_torkari,lunch_dinner
01_0003,03_0034,2.8,staple_torkari,lunch_dinner
01_0008,03_0001,2.8,staple_torkari,lunch_dinner
01_0008,03_0002,2.8,staple_torkari,lunch_dinner
01_0008,03_0003,2.8,staple_torkari,lunch_dinner
01_0008,03_0004,2.8,staple_torkari,lunch_dinner
01_0008,03_0005,2.8,staple_torkari,lunch_dinner
01_0008,03_0033,2.8,staple_torkari,lunch_dinner
01_0008,03_0006,2.8,staple_torkari,lunch_dinner
01_0008,03_0034,2.8,staple_torkari,lunch_dinner
01_0035,03_0001,2.8,staple_torkari,lunch_dinner
01_0035,03_0002,2.8,staple_torkari,lunch_dinner
01_0035,03_0003,2.8,staple_torkari,lunch_dinner
01_0035,03_0004,2.8,staple_torkari,lunch_dinner
01_0035,03_0005,2.8,staple_torkari,lunch_dinner
01_0035,03_0033,2.8,staple_torkari,lunch_dinner
01_0035,03_0006,2.8,staple_torkari,lunch_dinner
01_0035,03_0034,2.8,staple_torkari,lunch_dinner
01_0036,03_0001,2.8,staple_torkari,lunch_dinner
01_0036,03_0002,2.8,staple_torkari,lunch_dinner
01_0036,03_0003,2.8,staple_torkari,lunch_dinner
01_0036,03_0004,2.8,staple_torkari,lunch_dinner
01_0036,03_0005,2.8,staple_torkari,lunch_dinner
01_0036,03_0033,2.8,staple_torkari,lunch_dinner
01_0036,03_0006,2.8,staple_torkari,lunch_dinner
01_0036,03_0034,2.8,staple_torkari,lunch_dinner
01_0009,03_0001,2.8,staple_torkari,lunch_dinner
01_0009,03_0002,2.8,staple_torkari,lunch_dinner
01_0009,03_0003,2.8,staple_torkari,lunch_dinner
01_0009,03_0004,2.8,staple_torkari,lunch_dinner
01_0009,03_0005,2.8,staple_torkari,lunch_dinner
01_0009,03_0033,2.8,staple_torkari,lunch_dinner
01_0009,03_0006,2.8,staple_torkari,lunch_dinner
01_0009,03_0034,2.8,staple_torkari,lunch_dinner
01_0001,05_0011,2.5,staple_torkari,lunch_dinner
01_0001,05_0017,2.5,staple_torkari,lunch_dinner
01_0001,05_0018,2.5,staple_torkari,lunch_dinner
01_0001,05_0019,2.5,staple_torkari,lunch_dinner
01_0001,05_0005,2.5,staple_torkari,lunch_dinner
01_0001,05_0012,2.5,staple_torkari,lunch_dinner
01_0001,05_0021,2.5,staple_torkari,lunch_dinner
01_0001,05_0016,2.5,staple_torkari,lunch_dinner
01_0034,05_0011,2.5,staple_torkari,lunch_dinner
01_0034,05_0017,2.5,staple_torkari,lunch_dinner
01_0034,05_0018,2.5,staple_torkari,lunch_dinner
01_0034,05_0019,2.5,staple_torkari,lunch_dinner
01_0034,05_0005,2.5,staple_torkari,lunch_dinner
01_0034,05_0012,2.5,staple_torkari,lunch_dinner
01_0034,05_0021,2.5,staple_torkari,lunch_dinner
01_0034,05_0016,2.5,staple_torkari,lunch_dinner
01_0002,05_0011,2.5,staple_torkari,lunch_dinner
01_0002,05_0017,2.5,staple_torkari,lunch_dinner
01_0002,05_0018,2.5,staple_torkari,lunch_dinner
01_0002,05_0019,2.5,staple_torkari,lunch_dinner
01_0002,05_0005,2.5,staple_torkari,lunch_dinner
01_0002,05_0012,2.5,staple_torkari,lunch_dinner
01_0002,05_0021,2.5,staple_torkari,lunch_dinner
01_0002,05_0016,2.5,staple_torkari,lunch_dinner
01_0003,05_0011,2.5,staple_torkari,lunch_dinner
01_0003,05_0017,2.5,staple_torkari,lunch_dinner
01_0003,05_0018,2.5,staple_torkari,lunch_dinner
01_0003,05_0019,2.5,staple_torkari,lunch_dinner
01_0003,05_0005,2.5,staple_torkari,lunch_dinner
01_0003,05_0012,2.5,staple_torkari,lunch_dinner
01_0003,05_0021,2.5,staple_torkari,lunch_dinner
01_0003,05_0016,2.5,staple_torkari,lunch_dinner
01_0008,05_0011,2.5,staple_torkari,lunch_dinner
01_0008,05_0017,2.5,staple_torkari,lunch_dinner
01_0008,05_0018,2.5,staple_torkari,lunch_dinner
01_0008,05_0019,2.5,staple_torkari,lunch_dinner
01_0008,05_0005,2.5,staple_torkari,lunch_dinner
01_0008,05_0012,2.5,staple_torkari,lunch_dinner
01_0008,05_0021,2.5,staple_torkari,lunch_dinner
01_0008,05_0016,2.5,staple_torkari,lunch_dinner
01_0035,05_0011,2.5,staple_torkari,lunch_dinner
01_0035,05_0017,2.5,staple_torkari,lunch_dinner
01_0035,05_0018,2.5,staple_torkari,lunch_dinner
01_0035,05_0019,2.5,staple_torkari,lunch_dinner
01_0035,05_0005,2.5,staple_torkari,lunch_dinner
01_0035,05_0012,2.5,staple_torkari,lunch_dinner
01_0035,05_0021,2.5,staple_torkari,lunch_dinner
01_0035,05_0016,2.5,staple_torkari,lunch_dinner
01_0036,05_0011,2.5,staple_torkari,lunch_dinner
01_0036,05_0017,2.5,staple_torkari,lunch_dinner
01_0036,05_0018,2.5,staple_torkari,lunch_dinner
01_0036,05_0019,2.5,staple_torkari,lunch_dinner
01_0036,05_0005,2.5,staple_torkari,lunch_dinner
01_0036,05_0012,2.5,staple_torkari,lunch_dinner
01_0036,05_0021,2.5,staple_torkari,lunch_dinner
01_0036,05_0016,2.5,staple_torkari,lunch_dinner
01_0009,05_0011,2.5,staple_torkari,lunch_dinner
01_0009,05_0017,2.5,staple_torkari,lunch_dinner
01_0009,05_0018,2.5,staple_torkari,lunch_dinner
01_0009,05_0019,2.5,staple_torkari,lunch_dinner
01_0009,05_0005,2.5,staple_torkari,lunch_dinner
01_0009,05_0012,2.5,staple_torkari,lunch_dinner
01_0009,05_0021,2.5,staple_torkari,lunch_dinner
01_0009,05_0016,2.5,staple_torkari,lunch_dinner
01_0001,12_0001,2.2,staple_milk,breakfast_snack
01_0001,12_0002,2.2,staple_milk,breakfast_snack
01_0001,12_0003,2.2,staple_milk,breakfast_snack
01_0001,12_0004,2.2,staple_milk,breakfast_snack
01_0001,12_0005,2.2,staple_milk,breakfast_snack
01_0001,12_0006,2.2,staple_milk,breakfast_snack
01_0001,12_0007,2.2,staple_milk,breakfast_snack
01_0001,12_0008,2.2,staple_milk,breakfast_snack
01_0034,12_0001,2.2,staple_milk,breakfast_snack
01_0034,12_0002,2.2,staple_milk,breakfast_snack
01_0034,12_0003,2.2,staple_milk,breakfast_snack
01_0034,12_0004,2.2,staple_milk,breakfast_snack
01_0034,12_0005,2.2,staple_milk,breakfast_snack
01_0034,12_0006,2.2,staple_milk,breakfast_snack
01_0034,12_0007,2.2,staple_milk,breakfast_snack
01_0034,12_0008,2.2,staple_milk,breakfast_snack
01_0002,12_0001,2.2,staple_milk,breakfast_snack
01_0002,12_0002,2.2,staple_milk,breakfast_snack
01_0002,12_0003,2.2,staple_milk,breakfast_snack
01_0002,12_0004,2.2,staple_milk,breakfast_snack
01_0002,12_0005,2.2,staple_milk,breakfast_snack
01_0002,12_0006,2.2,staple_milk,breakfast_snack
01_0002,12_0007,2.2,staple_milk,breakfast_snack
01_0002,12_0008,2.2,staple_milk,breakfast_snack
01_0003,12_0001,2.2,staple_milk,breakfast_snack
01_0003,12_0002,2.2,staple_milk,breakfast_snack
01_0003,12_0003,2.2,staple_milk,breakfast_snack
01_0003,12_0004,2.2,staple_milk,breakfast_snack
01_0003,12_0005,2.2,staple_milk,breakfast_snack
01_0003,12_0006,2.2,staple_milk,breakfast_snack
01_0003,12_0007,2.2,staple_milk,breakfast_snack
01_0003,12_0008,2.2,staple_milk,breakfast_snack
01_0008,12_0001,2.2,staple_milk,breakfast_snack
01_0008,12_0002,2.2,staple_milk,breakfast_snack
01_0008,12_0003,2.2,staple_milk,breakfast_snack
01_0008,12_0004,2.2,staple_milk,breakfast_snack
01_0008,12_0005,2.2,staple_milk,breakfast_snack
01_0008,12_0006,2.2,staple_milk,breakfast_snack
01_0008,12_0007,2.2,staple_milk,breakfast_snack
01_0008,12_0008,2.2,staple_milk,breakfast_snack
01_0035,12_0001,2.2,staple_milk,breakfast_snack
01_0035,12_0002,2.2,staple_milk,breakfast_snack
01_0035,12_0003,2.2,staple_milk,breakfast_snack
01_0035,12_0004,2.2,staple_milk,breakfast_snack
01_0035,12_0005,2.2,staple_milk,breakfast_snack
01_0035,12_0006,2.2,staple_milk,breakfast_snack
01_0035,12_0007,2.2,staple_milk,breakfast_snack
01_0035,12_0008,2.2,staple_milk,breakfast_snack
01_0036,12_0001,2.2,staple_milk,breakfast_snack
01_0036,12_0002,2.2,staple_milk,breakfast_snack
01_0036,12_0003,2.2,staple_milk,breakfast_snack
01_0036,12_0004,2.2,staple_milk,breakfast_snack
01_0036,12_0005,2.2,staple_milk,breakfast_snack
01_0036,12_0006,2.2,staple_milk,breakfast_snack
01_0036,12_0007,2.2,staple_milk,breakfast_snack
01_0036,12_0008,2.2,staple_milk,breakfast_snack
01_0009,12_0001,2.2,staple_milk,breakfast_snack
01_0009,12_0002,2.2,staple_milk,breakfast_snack
01_0009,12_0003,2.2,staple_milk,breakfast_snack
01_0009,12_0004,2.2,staple_milk,breakfast_snack
01_0009,12_0005,2.2,staple_milk,breakfast_snack
01_0009,12_0006,2.2,staple_milk,breakfast_snack
01_0009,12_0007,2.2,staple_milk,breakfast_snack
01_0009,12_0008,2.2,staple_milk,breakfast_snack
01_0001,07_0009,2.0,staple_spice,all
01_0001,07_0012,2.0,staple_spice,all
01_0001,07_0013,2.0,staple_spice,all
01_0001,07_0015,2.0,staple_spice,all
01_0001,07_0016,2.0,staple_spice,all
01_0001,07_0018,2.0,staple_spice,all
01_0001,07_0019,2.0,staple_spice,all
01_0034,07_0009,2.0,staple_spice,all
01_0034,07_0012,2.0,staple_spice,all
01_0034,07_0013,2.0,staple_spice,all
01_0034,07_0015,2.0,staple_spice,all
01_0034,07_0016,2.0,staple_spice,all
01_0034,07_0018,2.0,staple_spice,all
01_0034,07_0019,2.0,staple_spice,all
01_0002,07_0009,2.0,staple_spice,all
01_0002,07_0012,2.0,staple_spice,all
01_0002,07_0013,2.0,staple_spice,all
01_0002,07_0015,2.0,staple_spice,all
01_0002,07_0016,2.0,staple_spice,all
01_0002,07_0018,2.0,staple_spice,all
01_0002,07_0019,2.0,staple_spice,all
01_0003,07_0009,2.0,staple_spice,all
01_0003,07_0012,2.0,staple_spice,all
01_0003,07_0013,2.0,staple_spice,all
01_0003,07_0015,2.0,staple_spice,all
01_0003,07_0016,2.0,staple_spice,all
01_0003,07_0018,2.0,staple_spice,all
01_0003,07_0019,2.0,staple_spice,all
01_0008,07_0009,2.0,staple_spice,all
01_0008,07_0012,2.0,staple_spice,all
01_0008,07_0013,2.0,staple_spice,all
01_0008,07_0015,2.0,staple_spice,all
01_0008,07_0016,2.0,staple_spice,all
01_0008,07_0018,2.0,staple_spice,all
01_0008,07_0019,2.0,staple_spice,all
01_0035,07_0009,2.0,staple_spice,all
01_0035,07_0012,2.0,staple_spice,all
01_0035,07_0013,2.0,staple_spice,all
01_0035,07_0015,2.0,staple_spice,all
01_0035,07_0016,2.0,staple_spice,all
01_0035,07_0018,2.0,staple_spice,all
01_0035,07_0019,2.0,staple_spice,all
01_0036,07_0009,2.0,staple_spice,all
01_0036,07_0012,2.0,staple_spice,all
01_0036,07_0013,2.0,staple_spice,all
01_0036,07_0015,2.0,staple_spice,all
01_0036,07_0016,2.0,staple_spice,all
01_0036,07_0018,2.0,staple_spice,all
01_0036,07_0019,2.0,staple_spice,all
01_0009,07_0009,2.0,staple_spice,all
01_0009,07_0012,2.0,staple_spice,all
01_0009,07_0013,2.0,staple_spice,all
01_0009,07_0015,2.0,staple_spice,all
01_0009,07_0016,2.0,staple_spice,all
01_0009,07_0018,2.0,staple_spice,all
01_0009,07_0019,2.0,staple_spice,all
01_0001,13_0001,1.8,cooking_fat,all
01_0001,13_0002,1.8,cooking_fat,all
01_0001,13_0003,1.8,cooking_fat,all
01_0001,13_0004,1.8,cooking_fat,all
01_0001,13_0010,1.8,cooking_fat,all
01_0001,13_0011,1.8,cooking_fat,all
01_0001,T005,1.8,cooking_fat,all
01_0034,13_0001,1.8,cooking_fat,all
01_0034,13_0002,1.8,cooking_fat,all
01_0034,13_0003,1.8,cooking_fat,all
01_0034,13_0004,1.8,cooking_fat,all
01_0034,13_0010,1.8,cooking_fat,all
01_0034,13_0011,1.8,cooking_fat,all
01_0034,T005,1.8,cooking_fat,all
01_0002,13_0001,1.8,cooking_fat,all
01_0002,13_0002,1.8,cooking_fat,all
01_0002,13_0003,1.8,cooking_fat,all
01_0002,13_0004,1.8,cooking_fat,all
01_0002,13_0010,1.8,cooking_fat,all
01_0002,13_0011,1.8,cooking_fat,all
01_0002,T005,1.8,cooking_fat,all
01_0003,13_0001,1.8,cooking_fat,all
01_0003,13_0002,1.8,cooking_fat,all
01_0003,13_0003,1.8,cooking_fat,all
01_0003,13_0004,1.8,cooking_fat,all
01_0003,13_0010,1.8,cooking_fat,all
01_0003,13_0011,1.8,cooking_fat,all
01_0003,T005,1.8,cooking_fat,all
01_0008,13_0001,1.8,cooking_fat,all
01_0008,13_0002,1.8,cooking_fat,all
01_0008,13_0003,1.8,cooking_fat,all
01_0008,13_0004,1.8,cooking_fat,all
01_0008,13_0010,1.8,cooking_fat,all
01_0008,13_0011,1.8,cooking_fat,all
01_0008,T005,1.8,cooking_fat,all
01_0035,13_0001,1.8,cooking_fat,all
01_0035,13_0002,1.8,cooking_fat,all
01_0035,13_0003,1.8,cooking_fat,all
01_0035,13_0004,1.8,cooking_fat,all
01_0035,13_0010,1.8,cooking_fat,all
01_0035,13_0011,1.8,cooking_fat,all
01_0035,T005,1.8,cooking_fat,all
01_0036,13_0001,1.8,cooking_fat,all
01_0036,13_0002,1.8,cooking_fat,all
01_0036,13_0003,1.8,cooking_fat,all
01_0036,13_0004,1.8,cooking_fat,all
01_0036,13_0010,1.8,cooking_fat,all
01_0036,13_0011,1.8,cooking_fat,all
01_0036,T005,1.8,cooking_fat,all
01_0009,13_0001,1.8,cooking_fat,all
01_0009,13_0002,1.8,cooking_fat,all
01_0009,13_0003,1.8,cooking_fat,all
01_0009,13_0004,1.8,cooking_fat,all
01_0009,13_0010,1.8,cooking_fat,all
01_0009,13_0011,1.8,cooking_fat,all
01_0009,T005,1.8,cooking_fat,all
02_0001,04_0001,2.2,dal_shak,lunch_dinner
02_0001,04_0002,2.2,dal_shak,lunch_dinner
02_0001,04_0003,2.2,dal_shak,lunch_dinner
02_0001,04_0032,2.2,dal_shak,lunch_dinner
02_0001,04_0033,2.2,dal_shak,lunch_dinner
02_0001,04_0006,2.2,dal_shak,lunch_dinner
02_0001,04_0007,2.2,dal_shak,lunch_dinner
02_0001,04_0008,2.2,dal_shak,lunch_dinner
02_0012,04_0001,2.2,dal_shak,lunch_dinner
02_0012,04_0002,2.2,dal_shak,lunch_dinner
02_0012,04_0003,2.2,dal_shak,lunch_dinner
02_0012,04_0032,2.2,dal_shak,lunch_dinner
02_0012,04_0033,2.2,dal_shak,lunch_dinner
02_0012,04_0006,2.2,dal_shak,lunch_dinner
02_0012,04_0007,2.2,dal_shak,lunch_dinner
02_0012,04_0008,2.2,dal_shak,lunch_dinner
02_0003,04_0001,2.2,dal_shak,lunch_dinner
02_0003,04_0002,2.2,dal_shak,lunch_dinner
02_0003,04_0003,2.2,dal_shak,lunch_dinner
02_0003,04_0032,2.2,dal_shak,lunch_dinner
02_0003,04_0033,2.2,dal_shak,lunch_dinner
02_0003,04_0006,2.2,dal_shak,lunch_dinner
02_0003,04_0007,2.2,dal_shak,lunch_dinner
02_0003,04_0008,2.2,dal_shak,lunch_dinner
02_0013,04_0001,2.2,dal_shak,lunch_dinner
02_0013,04_0002,2.2,dal_shak,lunch_dinner
02_0013,04_0003,2.2,dal_shak,lunch_dinner
02_0013,04_0032,2.2,dal_shak,lunch_dinner
02_0013,04_0033,2.2,dal_shak,lunch_dinner
02_0013,04_0006,2.2,dal_shak,lunch_dinner
02_0013,04_0007,2.2,dal_shak,lunch_dinner
02_0013,04_0008,2.2,dal_shak,lunch_dinner
02_0006,04_0001,2.2,dal_shak,lunch_dinner
02_0006,04_0002,2.2,dal_shak,lunch_dinner
02_0006,04_0003,2.2,dal_shak,lunch_dinner
02_0006,04_0032,2.2,dal_shak,lunch_dinner
02_0006,04_0033,2.2,dal_shak,lunch_dinner
02_0006,04_0006,2.2,dal_shak,lunch_dinner
02_0006,04_0007,2.2,dal_shak,lunch_dinner
02_0006,04_0008,2.2,dal_shak,lunch_dinner
02_0014,04_0001,2.2,dal_shak,lunch_dinner
02_0014,04_0002,2.2,dal_shak,lunch_dinner
02_0014,04_0003,2.2,dal_shak,lunch_dinner
02_0014,04_0032,2.2,dal_shak,lunch_dinner
02_0014,04_0033,2.2,dal_shak,lunch_dinner
02_0014,04_0006,2.2,dal_shak,lunch_dinner
02_0014,04_0007,2.2,dal_shak,lunch_dinner
02_0014,04_0008,2.2,dal_shak,lunch_dinner
02_0015,04_0001,2.2,dal_shak,lunch_dinner
02_0015,04_0002,2.2,dal_shak,lunch_dinner
02_0015,04_0003,2.2,dal_shak,lunch_dinner
02_0015,04_0032,2.2,dal_shak,lunch_dinner
02_0015,04_0033,2.2,dal_shak,lunch_dinner
02_0015,04_0006,2.2,dal_shak,lunch_dinner
02_0015,04_0007,2.2,dal_shak,lunch_dinner
02_0015,04_0008,2.2,dal_shak,lunch_dinner
02_0016,04_0001,2.2,dal_shak,lunch_dinner
02_0016,04_0002,2.2,dal_shak,lunch_dinner
02_0016,04_0003,2.2,dal_shak,lunch_dinner
02_0016,04_0032,2.2,dal_shak,lunch_dinner
02_0016,04_0033,2.2,dal_shak,lunch_dinner
02_0016,04_0006,2.2,dal_shak,lunch_dinner
02_0016,04_0007,2.2,dal_shak,lunch_dinner
02_0016,04_0008,2.2,dal_shak,lunch_dinner
02_0001,03_0001,2.3,dal_torkari,lunch_dinner
02_0001,03_0002,2.3,dal_torkari,lunch_dinner
02_0001,03_0003,2.3,dal_torkari,lunch_dinner
02_0001,03_0004,2.3,dal_torkari,lunch_dinner
02_0001,03_0005,2.3,dal_torkari,lunch_dinner
02_0001,03_0033,2.3,dal_torkari,lunch_dinner
02_0001,03_0006,2.3,dal_torkari,lunch_dinner
02_0001,03_0034,2.3,dal_torkari,lunch_dinner
02_0012,03_0001,2.3,dal_torkari,lunch_dinner
02_0012,03_0002,2.3,dal_torkari,lunch_dinner
02_0012,03_0003,2.3,dal_torkari,lunch_dinner
02_0012,03_0004,2.3,dal_torkari,lunch_dinner
02_0012,03_0005,2.3,dal_torkari,lunch_dinner
02_0012,03_0033,2.3,dal_torkari,lunch_dinner
02_0012,03_0006,2.3,dal_torkari,lunch_dinner
02_0012,03_0034,2.3,dal_torkari,lunch_dinner
02_0003,03_0001,2.3,dal_torkari,lunch_dinner
02_0003,03_0002,2.3,dal_torkari,lunch_dinner
02_0003,03_0003,2.3,dal_torkari,lunch_dinner
02_0003,03_0004,2.3,dal_torkari,lunch_dinner
02_0003,03_0005,2.3,dal_torkari,lunch_dinner
02_0003,03_0033,2.3,dal_torkari,lunch_dinner
02_0003,03_0006,2.3,dal_torkari,lunch_dinner
02_0003,03_0034,2.3,dal_torkari,lunch_dinner
02_0013,03_0001,2.3,dal_torkari,lunch_dinner
02_0013,03_0002,2.3,dal_torkari,lunch_dinner
02_0013,03_0003,2.3,dal_torkari,lunch_dinner
02_0013,03_0004,2.3,dal_torkari,lunch_dinner
02_0013,03_0005,2.3,dal_torkari,lunch_dinner
02_0013,03_0033,2.3,dal_torkari,lunch_dinner
02_0013,03_0006,2.3,dal_torkari,lunch_dinner
02_0013,03_0034,2.3,dal_torkari,lunch_dinner
02_0006,03_0001,2.3,dal_torkari,lunch_dinner
02_0006,03_0002,2.3,dal_torkari,lunch_dinner
02_0006,03_0003,2.3,dal_torkari,lunch_dinner
02_0006,03_0004,2.3,dal_torkari,lunch_dinner
02_0006,03_0005,2.3,dal_torkari,lunch_dinner
02_0006,03_0033,2.3,dal_torkari,lunch_dinner
02_0006,03_0006,2.3,dal_torkari,lunch_dinner
02_0006,03_0034,2.3,dal_torkari,lunch_dinner
02_0014,03_0001,2.3,dal_torkari,lunch_dinner
02_0014,03_0002,2.3,dal_torkari,lunch_dinner
02_0014,03_0003,2.3,dal_torkari,lunch_dinner
02_0014,03_0004,2.3,dal_torkari,lunch_dinner
02_0014,03_0005,2.3,dal_torkari,lunch_dinner
02_0014,03_0033,2.3,dal_torkari,lunch_dinner
02_0014,03_0006,2.3,dal_torkari,lunch_dinner
02_0014,03_0034,2.3,dal_torkari,lunch_dinner
02_0015,03_0001,2.3,dal_torkari,lunch_dinner
02_0015,03_0002,2.3,dal_torkari,lunch_dinner
02_0015,03_0003,2.3,dal_torkari,lunch_dinner
02_0015,03_0004,2.3,dal_torkari,lunch_dinner
02_0015,03_0005,2.3,dal_torkari,lunch_dinner
02_0015,03_0033,2.3,dal_torkari,lunch_dinner
02_0015,03_0006,2.3,dal_torkari,lunch_dinner
02_0015,03_0034,2.3,dal_torkari,lunch_dinner
02_0016,03_0001,2.3,dal_torkari,lunch_dinner
02_0016,03_0002,2.3,dal_torkari,lunch_dinner
02_0016,03_0003,2.3,dal_torkari,lunch_dinner
02_0016,03_0004,2.3,dal_torkari,lunch_dinner
02_0016,03_0005,2.3,dal_torkari,lunch_dinner
02_0016,03_0033,2.3,dal_torkari,lunch_dinner
02_0016,03_0006,2.3,dal_torkari,lunch_dinner
02_0016,03_0034,2.3,dal_torkari,lunch_dinner
02_0001,07_0009,2.0,dal_spice,lunch_dinner
02_0001,07_0012,2.0,dal_spice,lunch_dinner
02_0001,07_0013,2.0,dal_spice,lunch_dinner
02_0001,07_0015,2.0,dal_spice,lunch_dinner
02_0001,07_0016,2.0,dal_spice,lunch_dinner
02_0001,07_0018,2.0,dal_spice,lunch_dinner
02_0001,07_0019,2.0,dal_spice,lunch_dinner
02_0012,07_0009,2.0,dal_spice,lunch_dinner
02_0012,07_0012,2.0,dal_spice,lunch_dinner
02_0012,07_0013,2.0,dal_spice,lunch_dinner
02_0012,07_0015,2.0,dal_spice,lunch_dinner
02_0012,07_0016,2.0,dal_spice,lunch_dinner
02_0012,07_0018,2.0,dal_spice,lunch_dinner
02_0012,07_0019,2.0,dal_spice,lunch_dinner
02_0003,07_0009,2.0,dal_spice,lunch_dinner
02_0003,07_0012,2.0,dal_spice,lunch_dinner
02_0003,07_0013,2.0,dal_spice,lunch_dinner
02_0003,07_0015,2.0,dal_spice,lunch_dinner
02_0003,07_0016,2.0,dal_spice,lunch_dinner
02_0003,07_0018,2.0,dal_spice,lunch_dinner
02_0003,07_0019,2.0,dal_spice,lunch_dinner
02_0013,07_0009,2.0,dal_spice,lunch_dinner
02_0013,07_0012,2.0,dal_spice,lunch_dinner
02_0013,07_0013,2.0,dal_spice,lunch_dinner
02_0013,07_0015,2.0,dal_spice,lunch_dinner
02_0013,07_0016,2.0,dal_spice,lunch_dinner
02_0013,07_0018,2.0,dal_spice,lunch_dinner
02_0013,07_0019,2.0,dal_spice,lunch_dinner
02_0006,07_0009,2.0,dal_spice,lunch_dinner
02_0006,07_0012,2.0,dal_spice,lunch_dinner
02_0006,07_0013,2.0,dal_spice,lunch_dinner
02_0006,07_0015,2.0,dal_spice,lunch_dinner
02_0006,07_0016,2.0,dal_spice,lunch_dinner
02_0006,07_0018,2.0,dal_spice,lunch_dinner
02_0006,07_0019,2.0,dal_spice,lunch_dinner
02_0014,07_0009,2.0,dal_spice,lunch_dinner
02_0014,07_0012,2.0,dal_spice,lunch_dinner
02_0014,07_0013,2.0,dal_spice,lunch_dinner
02_0014,07_0015,2.0,dal_spice,lunch_dinner
02_0014,07_0016,2.0,dal_spice,lunch_dinner
02_0014,07_0018,2.0,dal_spice,lunch_dinner
02_0014,07_0019,2.0,dal_spice,lunch_dinner
02_0015,07_0009,2.0,dal_spice,lunch_dinner
02_0015,07_0012,2.0,dal_spice,lunch_dinner
02_0015,07_0013,2.0,dal_spice,lunch_dinner
02_0015,07_0015,2.0,dal_spice,lunch_dinner
02_0015,07_0016,2.0,dal_spice,lunch_dinner
02_0015,07_0018,2.0,dal_spice,lunch_dinner
02_0015,07_0019,2.0,dal_spice,lunch_dinner
02_0016,07_0009,2.0,dal_spice,lunch_dinner
02_0016,07_0012,2.0,dal_spice,lunch_dinner
02_0016,07_0013,2.0,dal_spice,lunch_dinner
02_0016,07_0015,2.0,dal_spice,lunch_dinner
02_0016,07_0016,2.0,dal_spice,lunch_dinner
02_0016,07_0018,2.0,dal_spice,lunch_dinner
02_0016,07_0019,2.0,dal_spice,lunch_dinner
02_0001,13_0001,1.8,cooking_fat,lunch_dinner
02_0001,13_0002,1.8,cooking_fat,lunch_dinner
02_0001,13_0003,1.8,cooking_fat,lunch_dinner
02_0001,13_0004,1.8,cooking_fat,lunch_dinner
02_0001,13_0010,1.8,cooking_fat,lunch_dinner
02_0001,13_0011,1.8,cooking_fat,lunch_dinner
02_0001,T005,1.8,cooking_fat,lunch_dinner
02_0012,13_0001,1.8,cooking_fat,lunch_dinner
02_0012,13_0002,1.8,cooking_fat,lunch_dinner
02_0012,13_0003,1.8,cooking_fat,lunch_dinner
02_0012,13_0004,1.8,cooking_fat,lunch_dinner
02_0012,13_0010,1.8,cooking_fat,lunch_dinner
02_0012,13_0011,1.8,cooking_fat,lunch_dinner
02_0012,T005,1.8,cooking_fat,lunch_dinner
02_0003,13_0001,1.8,cooking_fat,lunch_dinner
02_0003,13_0002,1.8,cooking_fat,lunch_dinner
02_0003,13_0003,1.8,cooking_fat,lunch_dinner
02_0003,13_0004,1.8,cooking_fat,lunch_dinner
02_0003,13_0010,1.8,cooking_fat,lunch_dinner
02_0003,13_0011,1.8,cooking_fat,lunch_dinner
02_0003,T005,1.8,cooking_fat,lunch_dinner
02_0013,13_0001,1.8,cooking_fat,lunch_dinner
02_0013,13_0002,1.8,cooking_fat,lunch_dinner
02_0013,13_0003,1.8,cooking_fat,lunch_dinner
02_0013,13_0004,1.8,cooking_fat,lunch_dinner
02_0013,13_0010,1.8,cooking_fat,lunch_dinner
02_0013,13_0011,1.8,cooking_fat,lunch_dinner
02_0013,T005,1.8,cooking_fat,lunch_dinner
02_0006,13_0001,1.8,cooking_fat,lunch_dinner
02_0006,13_0002,1.8,cooking_fat,lunch_dinner
02_0006,13_0003,1.8,cooking_fat,lunch_dinner
02_0006,13_0004,1.8,cooking_fat,lunch_dinner
02_0006,13_0010,1.8,cooking_fat,lunch_dinner
02_0006,13_0011,1.8,cooking_fat,lunch_dinner
02_0006,T005,1.8,cooking_fat,lunch_dinner
02_0014,13_0001,1.8,cooking_fat,lunch_dinner
02_0014,13_0002,1.8,cooking_fat,lunch_dinner
02_0014,13_0003,1.8,cooking_fat,lunch_dinner
02_0014,13_0004,1.8,cooking_fat,lunch_dinner
02_0014,13_0010,1.8,cooking_fat,lunch_dinner
02_0014,13_0011,1.8,cooking_fat,lunch_dinner
02_0014,T005,1.8,cooking_fat,lunch_dinner
02_0015,13_0001,1.8,cooking_fat,lunch_dinner
02_0015,13_0002,1.8,cooking_fat,lunch_dinner
02_0015,13_0003,1.8,cooking_fat,lunch_dinner
02_0015,13_0004,1.8,cooking_fat,lunch_dinner
02_0015,13_0010,1.8,cooking_fat,lunch_dinner
02_0015,13_0011,1.8,cooking_fat,lunch_dinner
02_0015,T005,1.8,cooking_fat,lunch_dinner
02_0016,13_0001,1.8,cooking_fat,lunch_dinner
02_0016,13_0002,1.8,cooking_fat,lunch_dinner
02_0016,13_0003,1.8,cooking_fat,lunch_dinner
02_0016,13_0004,1.8,cooking_fat,lunch_dinner
02_0016,13_0010,1.8,cooking_fat,lunch_dinner
02_0016,13_0011,1.8,cooking_fat,lunch_dinner
02_0016,T005,1.8,cooking_fat,lunch_dinner
02_0001,11_0001,1.8,protein_boost,all
02_0001,11_0005,1.8,protein_boost,all
02_0001,11_0002,1.8,protein_boost,all
02_0001,11_0006,1.8,protein_boost,all
02_0001,11_0003,1.8,protein_boost,all
02_0001,11_0004,1.8,protein_boost,all
02_0001,11_0007,1.8,protein_boost,all
02_0001,M001,1.8,protein_boost,all
02_0012,11_0001,1.8,protein_boost,all
02_0012,11_0005,1.8,protein_boost,all
02_0012,11_0002,1.8,protein_boost,all
02_0012,11_0006,1.8,protein_boost,all
02_0012,11_0003,1.8,protein_boost,all
02_0012,11_0004,1.8,protein_boost,all
02_0012,11_0007,1.8,protein_boost,all
02_0012,M001,1.8,protein_boost,all
02_0003,11_0001,1.8,protein_boost,all
02_0003,11_0005,1.8,protein_boost,all
02_0003,11_0002,1.8,protein_boost,all
02_0003,11_0006,1.8,protein_boost,all
02_0003,11_0003,1.8,protein_boost,all
02_0003,11_0004,1.8,protein_boost,all
02_0003,11_0007,1.8,protein_boost,all
02_0003,M001,1.8,protein_boost,all
02_0013,11_0001,1.8,protein_boost,all
02_0013,11_0005,1.8,protein_boost,all
02_0013,11_0002,1.8,protein_boost,all
02_0013,11_0006,1.8,protein_boost,all
02_0013,11_0003,1.8,protein_boost,all
02_0013,11_0004,1.8,protein_boost,all
02_0013,11_0007,1.8,protein_boost,all
02_0013,M001,1.8,protein_boost,all
02_0006,11_0001,1.8,protein_boost,all
02_0006,11_0005,1.8,protein_boost,all
02_0006,11_0002,1.8,protein_boost,all
02_0006,11_0006,1.8,protein_boost,all
02_0006,11_0003,1.8,protein_boost,all
02_0006,11_0004,1.8,protein_boost,all
02_0006,11_0007,1.8,protein_boost,all
02_0006,M001,1.8,protein_boost,all
02_0014,11_0001,1.8,protein_boost,all
02_0014,11_0005,1.8,protein_boost,all
02_0014,11_0002,1.8,protein_boost,all
02_0014,11_0006,1.8,protein_boost,all
02_0014,11_0003,1.8,protein_boost,all
02_0014,11_0004,1.8,protein_boost,all
02_0014,11_0007,1.8,protein_boost,all
02_0014,M001,1.8,protein_boost,all
02_0015,11_0001,1.8,protein_boost,all
02_0015,11_0005,1.8,protein_boost,all
02_0015,11_0002,1.8,protein_boost,all
02_0015,11_0006,1.8,protein_boost,all
02_0015,11_0003,1.8,protein_boost,all
02_0015,11_0004,1.8,protein_boost,all
02_0015,11_0007,1.8,protein_boost,all
02_0015,M001,1.8,protein_boost,all
02_0016,11_0001,1.8,protein_boost,all
02_0016,11_0005,1.8,protein_boost,all
02_0016,11_0002,1.8,protein_boost,all
02_0016,11_0006,1.8,protein_boost,all
02_0016,11_0003,1.8,protein_boost,all
02_0016,11_0004,1.8,protein_boost,all
02_0016,11_0007,1.8,protein_boost,all
02_0016,M001,1.8,protein_boost,all
09_0001,04_0001,2.3,fish_shak,lunch_dinner
09_0001,04_0002,2.3,fish_shak,lunch_dinner
09_0001,04_0003,2.3,fish_shak,lunch_dinner
09_0001,04_0032,2.3,fish_shak,lunch_dinner
09_0001,04_0033,2.3,fish_shak,lunch_dinner
09_0001,04_0006,2.3,fish_shak,lunch_dinner
09_0001,04_0007,2.3,fish_shak,lunch_dinner
09_0001,04_0008,2.3,fish_shak,lunch_dinner
09_0003,04_0001,2.3,fish_shak,lunch_dinner
09_0003,04_0002,2.3,fish_shak,lunch_dinner
09_0003,04_0003,2.3,fish_shak,lunch_dinner
09_0003,04_0032,2.3,fish_shak,lunch_dinner
09_0003,04_0033,2.3,fish_shak,lunch_dinner
09_0003,04_0006,2.3,fish_shak,lunch_dinner
09_0003,04_0007,2.3,fish_shak,lunch_dinner
09_0003,04_0008,2.3,fish_shak,lunch_dinner
09_0004,04_0001,2.3,fish_shak,lunch_dinner
09_0004,04_0002,2.3,fish_shak,lunch_dinner
09_0004,04_0003,2.3,fish_shak,lunch_dinner
09_0004,04_0032,2.3,fish_shak,lunch_dinner
09_0004,04_0033,2.3,fish_shak,lunch_dinner
09_0004,04_0006,2.3,fish_shak,lunch_dinner
09_0004,04_0007,2.3,fish_shak,lunch_dinner
09_0004,04_0008,2.3,fish_shak,lunch_dinner
09_0005,04_0001,2.3,fish_shak,lunch_dinner
09_0005,04_0002,2.3,fish_shak,lunch_dinner
09_0005,04_0003,2.3,fish_shak,lunch_dinner
09_0005,04_0032,2.3,fish_shak,lunch_dinner
09_0005,04_0033,2.3,fish_shak,lunch_dinner
09_0005,04_0006,2.3,fish_shak,lunch_dinner
09_0005,04_0007,2.3,fish_shak,lunch_dinner
09_0005,04_0008,2.3,fish_shak,lunch_dinner
09_0008,04_0001,2.3,fish_shak,lunch_dinner
09_0008,04_0002,2.3,fish_shak,lunch_dinner
09_0008,04_0003,2.3,fish_shak,lunch_dinner
09_0008,04_0032,2.3,fish_shak,lunch_dinner
09_0008,04_0033,2.3,fish_shak,lunch_dinner
09_0008,04_0006,2.3,fish_shak,lunch_dinner
09_0008,04_0007,2.3,fish_shak,lunch_dinner
09_0008,04_0008,2.3,fish_shak,lunch_dinner
09_0009,04_0001,2.3,fish_shak,lunch_dinner
09_0009,04_0002,2.3,fish_shak,lunch_dinner
09_0009,04_0003,2.3,fish_shak,lunch_dinner
09_0009,04_0032,2.3,fish_shak,lunch_dinner
09_0009,04_0033,2.3,fish_shak,lunch_dinner
09_0009,04_0006,2.3,fish_shak,lunch_dinner
09_0009,04_0007,2.3,fish_shak,lunch_dinner
09_0009,04_0008,2.3,fish_shak,lunch_dinner
09_0010,04_0001,2.3,fish_shak,lunch_dinner
09_0010,04_0002,2.3,fish_shak,lunch_dinner
09_0010,04_0003,2.3,fish_shak,lunch_dinner
09_0010,04_0032,2.3,fish_shak,lunch_dinner
09_0010,04_0033,2.3,fish_shak,lunch_dinner
09_0010,04_0006,2.3,fish_shak,lunch_dinner
09_0010,04_0007,2.3,fish_shak,lunch_dinner
09_0010,04_0008,2.3,fish_shak,lunch_dinner
09_0011,04_0001,2.3,fish_shak,lunch_dinner
09_0011,04_0002,2.3,fish_shak,lunch_dinner
09_0011,04_0003,2.3,fish_shak,lunch_dinner
09_0011,04_0032,2.3,fish_shak,lunch_dinner
09_0011,04_0033,2.3,fish_shak,lunch_dinner
09_0011,04_0006,2.3,fish_shak,lunch_dinner
09_0011,04_0007,2.3,fish_shak,lunch_dinner
09_0011,04_0008,2.3,fish_shak,lunch_dinner
09_0001,03_0001,2.5,fish_torkari,lunch_dinner
09_0001,03_0002,2.5,fish_torkari,lunch_dinner
09_0001,03_0003,2.5,fish_torkari,lunch_dinner
09_0001,03_0004,2.5,fish_torkari,lunch_dinner
09_0001,03_0005,2.5,fish_torkari,lunch_dinner
09_0001,03_0033,2.5,fish_torkari,lunch_dinner
09_0001,03_0006,2.5,fish_torkari,lunch_dinner
09_0001,03_0034,2.5,fish_torkari,lunch_dinner
09_0003,03_0001,2.5,fish_torkari,lunch_dinner
09_0003,03_0002,2.5,fish_torkari,lunch_dinner
09_0003,03_0003,2.5,fish_torkari,lunch_dinner
09_0003,03_0004,2.5,fish_torkari,lunch_dinner
09_0003,03_0005,2.5,fish_torkari,lunch_dinner
09_0003,03_0033,2.5,fish_torkari,lunch_dinner
09_0003,03_0006,2.5,fish_torkari,lunch_dinner
09_0003,03_0034,2.5,fish_torkari,lunch_dinner
09_0004,03_0001,2.5,fish_torkari,lunch_dinner
09_0004,03_0002,2.5,fish_torkari,lunch_dinner
09_0004,03_0003,2.5,fish_torkari,lunch_dinner
09_0004,03_0004,2.5,fish_torkari,lunch_dinner
09_0004,03_0005,2.5,fish_torkari,lunch_dinner
09_0004,03_0033,2.5,fish_torkari,lunch_dinner
09_0004,03_0006,2.5,fish_torkari,lunch_dinner
09_0004,03_0034,2.5,fish_torkari,lunch_dinner
09_0005,03_0001,2.5,fish_torkari,lunch_dinner
09_0005,03_0002,2.5,fish_torkari,lunch_dinner
09_0005,03_0003,2.5,fish_torkari,lunch_dinner
09_0005,03_0004,2.5,fish_torkari,lunch_dinner
09_0005,03_0005,2.5,fish_torkari,lunch_dinner
09_0005,03_0033,2.5,fish_torkari,lunch_dinner
09_0005,03_0006,2.5,fish_torkari,lunch_dinner
09_0005,03_0034,2.5,fish_torkari,lunch_dinner
09_0008,03_0001,2.5,fish_torkari,lunch_dinner
09_0008,03_0002,2.5,fish_torkari,lunch_dinner
09_0008,03_0003,2.5,fish_torkari,lunch_dinner
09_0008,03_0004,2.5,fish_torkari,lunch_dinner
09_0008,03_0005,2.5,fish_torkari,lunch_dinner
09_0008,03_0033,2.5,fish_torkari,lunch_dinner
09_0008,03_0006,2.5,fish_torkari,lunch_dinner
09_0008,03_0034,2.5,fish_torkari,lunch_dinner
09_0009,03_0001,2.5,fish_torkari,lunch_dinner
09_0009,03_0002,2.5,fish_torkari,lunch_dinner
09_0009,03_0003,2.5,fish_torkari,lunch_dinner
09_0009,03_0004,2.5,fish_torkari,lunch_dinner
09_0009,03_0005,2.5,fish_torkari,lunch_dinner
09_0009,03_0033,2.5,fish_torkari,lunch_dinner
09_0009,03_0006,2.5,fish_torkari,lunch_dinner
09_0009,03_0034,2.5,fish_torkari,lunch_dinner
09_0010,03_0001,2.5,fish_torkari,lunch_dinner
09_0010,03_0002,2.5,fish_torkari,lunch_dinner
09_0010,03_0003,2.5,fish_torkari,lunch_dinner
09_0010,03_0004,2.5,fish_torkari,lunch_dinner
09_0010,03_0005,2.5,fish_torkari,lunch_dinner
09_0010,03_0033,2.5,fish_torkari,lunch_dinner
09_0010,03_0006,2.5,fish_torkari,lunch_dinner
09_0010,03_0034,2.5,fish_torkari,lunch_dinner
09_0011,03_0001,2.5,fish_torkari,lunch_dinner
09_0011,03_0002,2.5,fish_torkari,lunch_dinner
09_0011,03_0003,2.5,fish_torkari,lunch_dinner
09_0011,03_0004,2.5,fish_torkari,lunch_dinner
09_0011,03_0005,2.5,fish_torkari,lunch_dinner
09_0011,03_0033,2.5,fish_torkari,lunch_dinner
09_0011,03_0006,2.5,fish_torkari,lunch_dinner
09_0011,03_0034,2.5,fish_torkari,lunch_dinner
09_0001,05_0011,2.4,fish_aloo,lunch_dinner
09_0001,05_0017,2.4,fish_aloo,lunch_dinner
09_0001,05_0018,2.4,fish_aloo,lunch_dinner
09_0001,05_0019,2.4,fish_aloo,lunch_dinner
09_0001,05_0005,2.4,fish_aloo,lunch_dinner
09_0001,05_0012,2.4,fish_aloo,lunch_dinner
09_0001,05_0021,2.4,fish_aloo,lunch_dinner
09_0001,05_0016,2.4,fish_aloo,lunch_dinner
09_0003,05_0011,2.4,fish_aloo,lunch_dinner
09_0003,05_0017,2.4,fish_aloo,lunch_dinner
09_0003,05_0018,2.4,fish_aloo,lunch_dinner
09_0003,05_0019,2.4,fish_aloo,lunch_dinner
09_0003,05_0005,2.4,fish_aloo,lunch_dinner
09_0003,05_0012,2.4,fish_aloo,lunch_dinner
09_0003,05_0021,2.4,fish_aloo,lunch_dinner
09_0003,05_0016,2.4,fish_aloo,lunch_dinner
09_0004,05_0011,2.4,fish_aloo,lunch_dinner
09_0004,05_0017,2.4,fish_aloo,lunch_dinner
09_0004,05_0018,2.4,fish_aloo,lunch_dinner
09_0004,05_0019,2.4,fish_aloo,lunch_dinner
09_0004,05_0005,2.4,fish_aloo,lunch_dinner
09_0004,05_0012,2.4,fish_aloo,lunch_dinner
09_0004,05_0021,2.4,fish_aloo,lunch_dinner
09_0004,05_0016,2.4,fish_aloo,lunch_dinner
09_0005,05_0011,2.4,fish_aloo,lunch_dinner
09_0005,05_0017,2.4,fish_aloo,lunch_dinner
09_0005,05_0018,2.4,fish_aloo,lunch_dinner
09_0005,05_0019,2.4,fish_aloo,lunch_dinner
09_0005,05_0005,2.4,fish_aloo,lunch_dinner
09_0005,05_0012,2.4,fish_aloo,lunch_dinner
09_0005,05_0021,2.4,fish_aloo,lunch_dinner
09_0005,05_0016,2.4,fish_aloo,lunch_dinner
09_0008,05_0011,2.4,fish_aloo,lunch_dinner
09_0008,05_0017,2.4,fish_aloo,lunch_dinner
09_0008,05_0018,2.4,fish_aloo,lunch_dinner
09_0008,05_0019,2.4,fish_aloo,lunch_dinner
09_0008,05_0005,2.4,fish_aloo,lunch_dinner
09_0008,05_0012,2.4,fish_aloo,lunch_dinner
09_0008,05_0021,2.4,fish_aloo,lunch_dinner
09_0008,05_0016,2.4,fish_aloo,lunch_dinner
09_0009,05_0011,2.4,fish_aloo,lunch_dinner
09_0009,05_0017,2.4,fish_aloo,lunch_dinner
09_0009,05_0018,2.4,fish_aloo,lunch_dinner
09_0009,05_0019,2.4,fish_aloo,lunch_dinner
09_0009,05_0005,2.4,fish_aloo,lunch_dinner
09_0009,05_0012,2.4,fish_aloo,lunch_dinner
09_0009,05_0021,2.4,fish_aloo,lunch_dinner
09_0009,05_0016,2.4,fish_aloo,lunch_dinner
09_0010,05_0011,2.4,fish_aloo,lunch_dinner
09_0010,05_0017,2.4,fish_aloo,lunch_dinner
09_0010,05_0018,2.4,fish_aloo,lunch_dinner
09_0010,05_0019,2.4,fish_aloo,lunch_dinner
09_0010,05_0005,2.4,fish_aloo,lunch_dinner
09_0010,05_0012,2.4,fish_aloo,lunch_dinner
09_0010,05_0021,2.4,fish_aloo,lunch_dinner
09_0010,05_0016,2.4,fish_aloo,lunch_dinner
09_0011,05_0011,2.4,fish_aloo,lunch_dinner
09_0011,05_0017,2.4,fish_aloo,lunch_dinner
09_0011,05_0018,2.4,fish_aloo,lunch_dinner
09_0011,05_0019,2.4,fish_aloo,lunch_dinner
09_0011,05_0005,2.4,fish_aloo,lunch_dinner
09_0011,05_0012,2.4,fish_aloo,lunch_dinner
09_0011,05_0021,2.4,fish_aloo,lunch_dinner
09_0011,05_0016,2.4,fish_aloo,lunch_dinner
09_0001,07_0009,2.5,fish_spice,lunch_dinner
09_0001,07_0012,2.5,fish_spice,lunch_dinner
09_0001,07_0013,2.5,fish_spice,lunch_dinner
09_0001,07_0015,2.5,fish_spice,lunch_dinner
09_0001,07_0016,2.5,fish_spice,lunch_dinner
09_0001,07_0018,2.5,fish_spice,lunch_dinner
09_0001,07_0019,2.5,fish_spice,lunch_dinner
09_0003,07_0009,2.5,fish_spice,lunch_dinner
09_0003,07_0012,2.5,fish_spice,lunch_dinner
09_0003,07_0013,2.5,fish_spice,lunch_dinner
09_0003,07_0015,2.5,fish_spice,lunch_dinner
09_0003,07_0016,2.5,fish_spice,lunch_dinner
09_0003,07_0018,2.5,fish_spice,lunch_dinner
09_0003,07_0019,2.5,fish_spice,lunch_dinner
09_0004,07_0009,2.5,fish_spice,lunch_dinner
09_0004,07_0012,2.5,fish_spice,lunch_dinner
09_0004,07_0013,2.5,fish_spice,lunch_dinner
09_0004,07_0015,2.5,fish_spice,lunch_dinner
09_0004,07_0016,2.5,fish_spice,lunch_dinner
09_0004,07_0018,2.5,fish_spice,lunch_dinner
09_0004,07_0019,2.5,fish_spice,lunch_dinner
09_0005,07_0009,2.5,fish_spice,lunch_dinner
09_0005,07_0012,2.5,fish_spice,lunch_dinner
09_0005,07_0013,2.5,fish_spice,lunch_dinner
09_0005,07_0015,2.5,fish_spice,lunch_dinner
09_0005,07_0016,2.5,fish_spice,lunch_dinner
09_0005,07_0018,2.5,fish_spice,lunch_dinner
09_0005,07_0019,2.5,fish_spice,lunch_dinner
09_0008,07_0009,2.5,fish_spice,lunch_dinner
09_0008,07_0012,2.5,fish_spice,lunch_dinner
09_0008,07_0013,2.5,fish_spice,lunch_dinner
09_0008,07_0015,2.5,fish_spice,lunch_dinner
09_0008,07_0016,2.5,fish_spice,lunch_dinner
09_0008,07_0018,2.5,fish_spice,lunch_dinner
09_0008,07_0019,2.5,fish_spice,lunch_dinner
09_0009,07_0009,2.5,fish_spice,lunch_dinner
09_0009,07_0012,2.5,fish_spice,lunch_dinner
09_0009,07_0013,2.5,fish_spice,lunch_dinner
09_0009,07_0015,2.5,fish_spice,lunch_dinner
09_0009,07_0016,2.5,fish_spice,lunch_dinner
09_0009,07_0018,2.5,fish_spice,lunch_dinner
09_0009,07_0019,2.5,fish_spice,lunch_dinner
09_0010,07_0009,2.5,fish_spice,lunch_dinner
09_0010,07_0012,2.5,fish_spice,lunch_dinner
09_0010,07_0013,2.5,fish_spice,lunch_dinner
09_0010,07_0015,2.5,fish_spice,lunch_dinner
09_0010,07_0016,2.5,fish_spice,lunch_dinner
09_0010,07_0018,2.5,fish_spice,lunch_dinner
09_0010,07_0019,2.5,fish_spice,lunch_dinner
09_0011,07_0009,2.5,fish_spice,lunch_dinner
09_0011,07_0012,2.5,fish_spice,lunch_dinner
09_0011,07_0013,2.5,fish_spice,lunch_dinner
09_0011,07_0015,2.5,fish_spice,lunch_dinner
09_0011,07_0016,2.5,fish_spice,lunch_dinner
09_0011,07_0018,2.5,fish_spice,lunch_dinner
09_0011,07_0019,2.5,fish_spice,lunch_dinner
09_0001,13_0001,2.0,cooking_fat,lunch_dinner
09_0001,13_0002,2.0,cooking_fat,lunch_dinner
09_0001,13_0003,2.0,cooking_fat,lunch_dinner
09_0001,13_0004,2.0,cooking_fat,lunch_dinner
09_0001,13_0010,2.0,cooking_fat,lunch_dinner
09_0001,13_0011,2.0,cooking_fat,lunch_dinner
09_0001,T005,2.0,cooking_fat,lunch_dinner
09_0003,13_0001,2.0,cooking_fat,lunch_dinner
09_0003,13_0002,2.0,cooking_fat,lunch_dinner
09_0003,13_0003,2.0,cooking_fat,lunch_dinner
09_0003,13_0004,2.0,cooking_fat,lunch_dinner
09_0003,13_0010,2.0,cooking_fat,lunch_dinner
09_0003,13_0011,2.0,cooking_fat,lunch_dinner
09_0003,T005,2.0,cooking_fat,lunch_dinner
09_0004,13_0001,2.0,cooking_fat,lunch_dinner
09_0004,13_0002,2.0,cooking_fat,lunch_dinner
09_0004,13_0003,2.0,cooking_fat,lunch_dinner
09_0004,13_0004,2.0,cooking_fat,lunch_dinner
09_0004,13_0010,2.0,cooking_fat,lunch_dinner
09_0004,13_0011,2.0,cooking_fat,lunch_dinner
09_0004,T005,2.0,cooking_fat,lunch_dinner
09_0005,13_0001,2.0,cooking_fat,lunch_dinner
09_0005,13_0002,2.0,cooking_fat,lunch_dinner
09_0005,13_0003,2.0,cooking_fat,lunch_dinner
09_0005,13_0004,2.0,cooking_fat,lunch_dinner
09_0005,13_0010,2.0,cooking_fat,lunch_dinner
09_0005,13_0011,2.0,cooking_fat,lunch_dinner
09_0005,T005,2.0,cooking_fat,lunch_dinner
09_0008,13_0001,2.0,cooking_fat,lunch_dinner
09_0008,13_0002,2.0,cooking_fat,lunch_dinner
09_0008,13_0003,2.0,cooking_fat,lunch_dinner
09_0008,13_0004,2.0,cooking_fat,lunch_dinner
09_0008,13_0010,2.0,cooking_fat,lunch_dinner
09_0008,13_0011,2.0,cooking_fat,lunch_dinner
09_0008,T005,2.0,cooking_fat,lunch_dinner
09_0009,13_0001,2.0,cooking_fat,lunch_dinner
09_0009,13_0002,2.0,cooking_fat,lunch_dinner
09_0009,13_0003,2.0,cooking_fat,lunch_dinner
09_0009,13_0004,2.0,cooking_fat,lunch_dinner
09_0009,13_0010,2.0,cooking_fat,lunch_dinner
09_0009,13_0011,2.0,cooking_fat,lunch_dinner
09_0009,T005,2.0,cooking_fat,lunch_dinner
09_0010,13_0001,2.0,cooking_fat,lunch_dinner
09_0010,13_0002,2.0,cooking_fat,lunch_dinner
09_0010,13_0003,2.0,cooking_fat,lunch_dinner
09_0010,13_0004,2.0,cooking_fat,lunch_dinner
09_0010,13_0010,2.0,cooking_fat,lunch_dinner
09_0010,13_0011,2.0,cooking_fat,lunch_dinner
09_0010,T005,2.0,cooking_fat,lunch_dinner
09_0011,13_0001,2.0,cooking_fat,lunch_dinner
09_0011,13_0002,2.0,cooking_fat,lunch_dinner
09_0011,13_0003,2.0,cooking_fat,lunch_dinner
09_0011,13_0004,2.0,cooking_fat,lunch_dinner
09_0011,13_0010,2.0,cooking_fat,lunch_dinner
09_0011,13_0011,2.0,cooking_fat,lunch_dinner
09_0011,T005,2.0,cooking_fat,lunch_dinner
S001,03_0001,2.5,fish_torkari,lunch_dinner
S001,03_0002,2.5,fish_torkari,lunch_dinner
S001,03_0003,2.5,fish_torkari,lunch_dinner
S001,03_0004,2.5,fish_torkari,lunch_dinner
S001,03_0005,2.5,fish_torkari,lunch_dinner
S001,03_0033,2.5,fish_torkari,lunch_dinner
S001,03_0006,2.5,fish_torkari,lunch_dinner
S001,03_0034,2.5,fish_torkari,lunch_dinner
S002,03_0001,2.5,fish_torkari,lunch_dinner
S002,03_0002,2.5,fish_torkari,lunch_dinner
S002,03_0003,2.5,fish_torkari,lunch_dinner
S002,03_0004,2.5,fish_torkari,lunch_dinner
S002,03_0005,2.5,fish_torkari,lunch_dinner
S002,03_0033,2.5,fish_torkari,lunch_dinner
S002,03_0006,2.5,fish_torkari,lunch_dinner
S002,03_0034,2.5,fish_torkari,lunch_dinner
S003,03_0001,2.5,fish_torkari,lunch_dinner
S003,03_0002,2.5,fish_torkari,lunch_dinner
S003,03_0003,2.5,fish_torkari,lunch_dinner
S003,03_0004,2.5,fish_torkari,lunch_dinner
S003,03_0005,2.5,fish_torkari,lunch_dinner
S003,03_0033,2.5,fish_torkari,lunch_dinner
S003,03_0006,2.5,fish_torkari,lunch_dinner
S003,03_0034,2.5,fish_torkari,lunch_dinner
S004,03_0001,2.5,fish_torkari,lunch_dinner
S004,03_0002,2.5,fish_torkari,lunch_dinner
S004,03_0003,2.5,fish_torkari,lunch_dinner
S004,03_0004,2.5,fish_torkari,lunch_dinner
S004,03_0005,2.5,fish_torkari,lunch_dinner
S004,03_0033,2.5,fish_torkari,lunch_dinner
S004,03_0006,2.5,fish_torkari,lunch_dinner
S004,03_0034,2.5,fish_torkari,lunch_dinner
S005,03_0001,2.5,fish_torkari,lunch_dinner
S005,03_0002,2.5,fish_torkari,lunch_dinner
S005,03_0003,2.5,fish_torkari,lunch_dinner
S005,03_0004,2.5,fish_torkari,lunch_dinner
S005,03_0005,2.5,fish_torkari,lunch_dinner
S005,03_0033,2.5,fish_torkari,lunch_dinner
S005,03_0006,2.5,fish_torkari,lunch_dinner
S005,03_0034,2.5,fish_torkari,lunch_dinner
S006,03_0001,2.5,fish_torkari,lunch_dinner
S006,03_0002,2.5,fish_torkari,lunch_dinner
S006,03_0003,2.5,fish_torkari,lunch_dinner
S006,03_0004,2.5,fish_torkari,lunch_dinner
S006,03_0005,2.5,fish_torkari,lunch_dinner
S006,03_0033,2.5,fish_torkari,lunch_dinner
S006,03_0006,2.5,fish_torkari,lunch_dinner
S006,03_0034,2.5,fish_torkari,lunch_dinner
S007,03_0001,2.5,fish_torkari,lunch_dinner
S007,03_0002,2.5,fish_torkari,lunch_dinner
S007,03_0003,2.5,fish_torkari,lunch_dinner
S007,03_0004,2.5,fish_torkari,lunch_dinner
S007,03_0005,2.5,fish_torkari,lunch_dinner
S007,03_0033,2.5,fish_torkari,lunch_dinner
S007,03_0006,2.5,fish_torkari,lunch_dinner
S007,03_0034,2.5,fish_torkari,lunch_dinner
S008,03_0001,2.5,fish_torkari,lunch_dinner
S008,03_0002,2.5,fish_torkari,lunch_dinner
S008,03_0003,2.5,fish_torkari,lunch_dinner
S008,03_0004,2.5,fish_torkari,lunch_dinner
S008,03_0005,2.5,fish_torkari,lunch_dinner
S008,03_0033,2.5,fish_torkari,lunch_dinner
S008,03_0006,2.5,fish_torkari,lunch_dinner
S008,03_0034,2.5,fish_torkari,lunch_dinner
S009,03_0001,2.5,fish_torkari,lunch_dinner
S009,03_0002,2.5,fish_torkari,lunch_dinner
S009,03_0003,2.5,fish_torkari,lunch_dinner
S009,03_0004,2.5,fish_torkari,lunch_dinner
S009,03_0005,2.5,fish_torkari,lunch_dinner
S009,03_0033,2.5,fish_torkari,lunch_dinner
S009,03_0006,2.5,fish_torkari,lunch_dinner
S009,03_0034,2.5,fish_torkari,lunch_dinner
S010,03_0001,2.5,fish_torkari,lunch_dinner
S010,03_0002,2.5,fish_torkari,lunch_dinner
S010,03_0003,2.5,fish_torkari,lunch_dinner
S010,03_0004,2.5,fish_torkari,lunch_dinner
S010,03_0005,2.5,fish_torkari,lunch_dinner
S010,03_0033,2.5,fish_torkari,lunch_dinner
S010,03_0006,2.5,fish_torkari,lunch_dinner
S010,03_0034,2.5,fish_torkari,lunch_dinner
S001,04_0001,2.2,fish_shak,lunch_dinner
S001,04_0002,2.2,fish_shak,lunch_dinner
S001,04_0003,2.2,fish_shak,lunch_dinner
S001,04_0032,2.2,fish_shak,lunch_dinner
S001,04_0033,2.2,fish_shak,lunch_dinner
S001,04_0006,2.2,fish_shak,lunch_dinner
S001,04_0007,2.2,fish_shak,lunch_dinner
S001,04_0008,2.2,fish_shak,lunch_dinner
S002,04_0001,2.2,fish_shak,lunch_dinner
S002,04_0002,2.2,fish_shak,lunch_dinner
S002,04_0003,2.2,fish_shak,lunch_dinner
S002,04_0032,2.2,fish_shak,lunch_dinner
S002,04_0033,2.2,fish_shak,lunch_dinner
S002,04_0006,2.2,fish_shak,lunch_dinner
S002,04_0007,2.2,fish_shak,lunch_dinner
S002,04_0008,2.2,fish_shak,lunch_dinner
S003,04_0001,2.2,fish_shak,lunch_dinner
S003,04_0002,2.2,fish_shak,lunch_dinner
S003,04_0003,2.2,fish_shak,lunch_dinner
S003,04_0032,2.2,fish_shak,lunch_dinner
S003,04_0033,2.2,fish_shak,lunch_dinner
S003,04_0006,2.2,fish_shak,lunch_dinner
S003,04_0007,2.2,fish_shak,lunch_dinner
S003,04_0008,2.2,fish_shak,lunch_dinner
S004,04_0001,2.2,fish_shak,lunch_dinner
S004,04_0002,2.2,fish_shak,lunch_dinner
S004,04_0003,2.2,fish_shak,lunch_dinner
S004,04_0032,2.2,fish_shak,lunch_dinner
S004,04_0033,2.2,fish_shak,lunch_dinner
S004,04_0006,2.2,fish_shak,lunch_dinner
S004,04_0007,2.2,fish_shak,lunch_dinner
S004,04_0008,2.2,fish_shak,lunch_dinner
S005,04_0001,2.2,fish_shak,lunch_dinner
S005,04_0002,2.2,fish_shak,lunch_dinner
S005,04_0003,2.2,fish_shak,lunch_dinner
S005,04_0032,2.2,fish_shak,lunch_dinner
S005,04_0033,2.2,fish_shak,lunch_dinner
S005,04_0006,2.2,fish_shak,lunch_dinner
S005,04_0007,2.2,fish_shak,lunch_dinner
S005,04_0008,2.2,fish_shak,lunch_dinner
S006,04_0001,2.2,fish_shak,lunch_dinner
S006,04_0002,2.2,fish_shak,lunch_dinner
S006,04_0003,2.2,fish_shak,lunch_dinner
S006,04_0032,2.2,fish_shak,lunch_dinner
S006,04_0033,2.2,fish_shak,lunch_dinner
S006,04_0006,2.2,fish_shak,lunch_dinner
S006,04_0007,2.2,fish_shak,lunch_dinner
S006,04_0008,2.2,fish_shak,lunch_dinner
S007,04_0001,2.2,fish_shak,lunch_dinner
S007,04_0002,2.2,fish_shak,lunch_dinner
S007,04_0003,2.2,fish_shak,lunch_dinner
S007,04_0032,2.2,fish_shak,lunch_dinner
S007,04_0033,2.2,fish_shak,lunch_dinner
S007,04_0006,2.2,fish_shak,lunch_dinner
S007,04_0007,2.2,fish_shak,lunch_dinner
S007,04_0008,2.2,fish_shak,lunch_dinner
S008,04_0001,2.2,fish_shak,lunch_dinner
S008,04_0002,2.2,fish_shak,lunch_dinner
S008,04_0003,2.2,fish_shak,lunch_dinner
S008,04_0032,2.2,fish_shak,lunch_dinner
S008,04_0033,2.2,fish_shak,lunch_dinner
S008,04_0006,2.2,fish_shak,lunch_dinner
S008,04_0007,2.2,fish_shak,lunch_dinner
S008,04_0008,2.2,fish_shak,lunch_dinner
S009,04_0001,2.2,fish_shak,lunch_dinner
S009,04_0002,2.2,fish_shak,lunch_dinner
S009,04_0003,2.2,fish_shak,lunch_dinner
S009,04_0032,2.2,fish_shak,lunch_dinner
S009,04_0033,2.2,fish_shak,lunch_dinner
S009,04_0006,2.2,fish_shak,lunch_dinner
S009,04_0007,2.2,fish_shak,lunch_dinner
S009,04_0008,2.2,fish_shak,lunch_dinner
S010,04_0001,2.2,fish_shak,lunch_dinner
S010,04_0002,2.2,fish_shak,lunch_dinner
S010,04_0003,2.2,fish_shak,lunch_dinner
S010,04_0032,2.2,fish_shak,lunch_dinner
S010,04_0033,2.2,fish_shak,lunch_dinner
S010,04_0006,2.2,fish_shak,lunch_dinner
S010,04_0007,2.2,fish_shak,lunch_dinner
S010,04_0008,2.2,fish_shak,lunch_dinner
S001,05_0011,2.3,fish_aloo,lunch_dinner
S001,05_0017,2.3,fish_aloo,lunch_dinner
S001,05_0018,2.3,fish_aloo,lunch_dinner
S001,05_0019,2.3,fish_aloo,lunch_dinner
S001,05_0005,2.3,fish_aloo,lunch_dinner
S001,05_0012,2.3,fish_aloo,lunch_dinner
S001,05_0021,2.3,fish_aloo,lunch_dinner
S001,05_0016,2.3,fish_aloo,lunch_dinner
S002,05_0011,2.3,fish_aloo,lunch_dinner
S002,05_0017,2.3,fish_aloo,lunch_dinner
S002,05_0018,2.3,fish_aloo,lunch_dinner
S002,05_0019,2.3,fish_aloo,lunch_dinner
S002,05_0005,2.3,fish_aloo,lunch_dinner
S002,05_0012,2.3,fish_aloo,lunch_dinner
S002,05_0021,2.3,fish_aloo,lunch_dinner
S002,05_0016,2.3,fish_aloo,lunch_dinner
S003,05_0011,2.3,fish_aloo,lunch_dinner
S003,05_0017,2.3,fish_aloo,lunch_dinner
S003,05_0018,2.3,fish_aloo,lunch_dinner
S003,05_0019,2.3,fish_aloo,lunch_dinner
S003,05_0005,2.3,fish_aloo,lunch_dinner
S003,05_0012,2.3,fish_aloo,lunch_dinner
S003,05_0021,2.3,fish_aloo,lunch_dinner
S003,05_0016,2.3,fish_aloo,lunch_dinner
S004,05_0011,2.3,fish_aloo,lunch_dinner
S004,05_0017,2.3,fish_aloo,lunch_dinner
S004,05_0018,2.3,fish_aloo,lunch_dinner
S004,05_0019,2.3,fish_aloo,lunch_dinner
S004,05_0005,2.3,fish_aloo,lunch_dinner
S004,05_0012,2.3,fish_aloo,lunch_dinner
S004,05_0021,2.3,fish_aloo,lunch_dinner
S004,05_0016,2.3,fish_aloo,lunch_dinner
S005,05_0011,2.3,fish_aloo,lunch_dinner
S005,05_0017,2.3,fish_aloo,lunch_dinner
S005,05_0018,2.3,fish_aloo,lunch_dinner
S005,05_0019,2.3,fish_aloo,lunch_dinner
S005,05_0005,2.3,fish_aloo,lunch_dinner
S005,05_0012,2.3,fish_aloo,lunch_dinner
S005,05_0021,2.3,fish_aloo,lunch_dinner
S005,05_0016,2.3,fish_aloo,lunch_dinner
S006,05_0011,2.3,fish_aloo,lunch_dinner
S006,05_0017,2.3,fish_aloo,lunch_dinner
S006,05_0018,2.3,fish_aloo,lunch_dinner
S006,05_0019,2.3,fish_aloo,lunch_dinner
S006,05_0005,2.3,fish_aloo,lunch_dinner
S006,05_0012,2.3,fish_aloo,lunch_dinner
S006,05_0021,2.3,fish_aloo,lunch_dinner
S006,05_0016,2.3,fish_aloo,lunch_dinner
S007,05_0011,2.3,fish_aloo,lunch_dinner
S007,05_0017,2.3,fish_aloo,lunch_dinner
S007,05_0018,2.3,fish_aloo,lunch_dinner
S007,05_0019,2.3,fish_aloo,lunch_dinner
S007,05_0005,2.3,fish_aloo,lunch_dinner
S007,05_0012,2.3,fish_aloo,lunch_dinner
S007,05_0021,2.3,fish_aloo,lunch_dinner
S007,05_0016,2.3,fish_aloo,lunch_dinner
S008,05_0011,2.3,fish_aloo,lunch_dinner
S008,05_0017,2.3,fish_aloo,lunch_dinner
S008,05_0018,2.3,fish_aloo,lunch_dinner
S008,05_0019,2.3,fish_aloo,lunch_dinner
S008,05_0005,2.3,fish_aloo,lunch_dinner
S008,05_0012,2.3,fish_aloo,lunch_dinner
S008,05_0021,2.3,fish_aloo,lunch_dinner
S008,05_0016,2.3,fish_aloo,lunch_dinner
S009,05_0011,2.3,fish_aloo,lunch_dinner
S009,05_0017,2.3,fish_aloo,lunch_dinner
S009,05_0018,2.3,fish_aloo,lunch_dinner
S009,05_0019,2.3,fish_aloo,lunch_dinner
S009,05_0005,2.3,fish_aloo,lunch_dinner
S009,05_0012,2.3,fish_aloo,lunch_dinner
S009,05_0021,2.3,fish_aloo,lunch_dinner
S009,05_0016,2.3,fish_aloo,lunch_dinner
S010,05_0011,2.3,fish_aloo,lunch_dinner
S010,05_0017,2.3,fish_aloo,lunch_dinner
S010,05_0018,2.3,fish_aloo,lunch_dinner
S010,05_0019,2.3,fish_aloo,lunch_dinner
S010,05_0005,2.3,fish_aloo,lunch_dinner
S010,05_0012,2.3,fish_aloo,lunch_dinner
S010,05_0021,2.3,fish_aloo,lunch_dinner
S010,05_0016,2.3,fish_aloo,lunch_dinner
S001,07_0009,2.5,fish_spice,lunch_dinner
S001,07_0012,2.5,fish_spice,lunch_dinner
S001,07_0013,2.5,fish_spice,lunch_dinner
S001,07_0015,2.5,fish_spice,lunch_dinner
S001,07_0016,2.5,fish_spice,lunch_dinner
S001,07_0018,2.5,fish_spice,lunch_dinner
S001,07_0019,2.5,fish_spice,lunch_dinner
S002,07_0009,2.5,fish_spice,lunch_dinner
S002,07_0012,2.5,fish_spice,lunch_dinner
S002,07_0013,2.5,fish_spice,lunch_dinner
S002,07_0015,2.5,fish_spice,lunch_dinner
S002,07_0016,2.5,fish_spice,lunch_dinner
S002,07_0018,2.5,fish_spice,lunch_dinner
S002,07_0019,2.5,fish_spice,lunch_dinner
S003,07_0009,2.5,fish_spice,lunch_dinner
S003,07_0012,2.5,fish_spice,lunch_dinner
S003,07_0013,2.5,fish_spice,lunch_dinner
S003,07_0015,2.5,fish_spice,lunch_dinner
S003,07_0016,2.5,fish_spice,lunch_dinner
S003,07_0018,2.5,fish_spice,lunch_dinner
S003,07_0019,2.5,fish_spice,lunch_dinner
S004,07_0009,2.5,fish_spice,lunch_dinner
S004,07_0012,2.5,fish_spice,lunch_dinner
S004,07_0013,2.5,fish_spice,lunch_dinner
S004,07_0015,2.5,fish_spice,lunch_dinner
S004,07_0016,2.5,fish_spice,lunch_dinner
S004,07_0018,2.5,fish_spice,lunch_dinner
S004,07_0019,2.5,fish_spice,lunch_dinner
S005,07_0009,2.5,fish_spice,lunch_dinner
S005,07_0012,2.5,fish_spice,lunch_dinner
S005,07_0013,2.5,fish_spice,lunch_dinner
S005,07_0015,2.5,fish_spice,lunch_dinner
S005,07_0016,2.5,fish_spice,lunch_dinner
S005,07_0018,2.5,fish_spice,lunch_dinner
S005,07_0019,2.5,fish_spice,lunch_dinner
S006,07_0009,2.5,fish_spice,lunch_dinner
S006,07_0012,2.5,fish_spice,lunch_dinner
S006,07_0013,2.5,fish_spice,lunch_dinner
S006,07_0015,2.5,fish_spice,lunch_dinner
S006,07_0016,2.5,fish_spice,lunch_dinner
S006,07_0018,2.5,fish_spice,lunch_dinner
S006,07_0019,2.5,fish_spice,lunch_dinner
S007,07_0009,2.5,fish_spice,lunch_dinner
S007,07_0012,2.5,fish_spice,lunch_dinner
S007,07_0013,2.5,fish_spice,lunch_dinner
S007,07_0015,2.5,fish_spice,lunch_dinner
S007,07_0016,2.5,fish_spice,lunch_dinner
S007,07_0018,2.5,fish_spice,lunch_dinner
S007,07_0019,2.5,fish_spice,lunch_dinner
S008,07_0009,2.5,fish_spice,lunch_dinner
S008,07_0012,2.5,fish_spice,lunch_dinner
S008,07_0013,2.5,fish_spice,lunch_dinner
S008,07_0015,2.5,fish_spice,lunch_dinner
S008,07_0016,2.5,fish_spice,lunch_dinner
S008,07_0018,2.5,fish_spice,lunch_dinner
S008,07_0019,2.5,fish_spice,lunch_dinner
S009,07_0009,2.5,fish_spice,lunch_dinner
S009,07_0012,2.5,fish_spice,lunch_dinner
S009,07_0013,2.5,fish_spice,lunch_dinner
S009,07_0015,2.5,fish_spice,lunch_dinner
S009,07_0016,2.5,fish_spice,lunch_dinner
S009,07_0018,2.5,fish_spice,lunch_dinner
S009,07_0019,2.5,fish_spice,lunch_dinner
S010,07_0009,2.5,fish_spice,lunch_dinner
S010,07_0012,2.5,fish_spice,lunch_dinner
S010,07_0013,2.5,fish_spice,lunch_dinner
S010,07_0015,2.5,fish_spice,lunch_dinner
S010,07_0016,2.5,fish_spice,lunch_dinner
S010,07_0018,2.5,fish_spice,lunch_dinner
S010,07_0019,2.5,fish_spice,lunch_dinner
N001,03_0001,2.3,chicken_torkari,lunch_dinner
N001,03_0002,2.3,chicken_torkari,lunch_dinner
N001,03_0003,2.3,chicken_torkari,lunch_dinner
N001,03_0004,2.3,chicken_torkari,lunch_dinner
N001,03_0005,2.3,chicken_torkari,lunch_dinner
N001,03_0033,2.3,chicken_torkari,lunch_dinner
N001,03_0006,2.3,chicken_torkari,lunch_dinner
N001,03_0034,2.3,chicken_torkari,lunch_dinner
N002,03_0001,2.3,chicken_torkari,lunch_dinner
N002,03_0002,2.3,chicken_torkari,lunch_dinner
N002,03_0003,2.3,chicken_torkari,lunch_dinner
N002,03_0004,2.3,chicken_torkari,lunch_dinner
N002,03_0005,2.3,chicken_torkari,lunch_dinner
N002,03_0033,2.3,chicken_torkari,lunch_dinner
N002,03_0006,2.3,chicken_torkari,lunch_dinner
N002,03_0034,2.3,chicken_torkari,lunch_dinner
N003,03_0001,2.3,chicken_torkari,lunch_dinner
N003,03_0002,2.3,chicken_torkari,lunch_dinner
N003,03_0003,2.3,chicken_torkari,lunch_dinner
N003,03_0004,2.3,chicken_torkari,lunch_dinner
N003,03_0005,2.3,chicken_torkari,lunch_dinner
N003,03_0033,2.3,chicken_torkari,lunch_dinner
N003,03_0006,2.3,chicken_torkari,lunch_dinner
N003,03_0034,2.3,chicken_torkari,lunch_dinner
N004,03_0001,2.3,chicken_torkari,lunch_dinner
N004,03_0002,2.3,chicken_torkari,lunch_dinner
N004,03_0003,2.3,chicken_torkari,lunch_dinner
N004,03_0004,2.3,chicken_torkari,lunch_dinner
N004,03_0005,2.3,chicken_torkari,lunch_dinner
N004,03_0033,2.3,chicken_torkari,lunch_dinner
N004,03_0006,2.3,chicken_torkari,lunch_dinner
N004,03_0034,2.3,chicken_torkari,lunch_dinner
N005,03_0001,2.3,chicken_torkari,lunch_dinner
N005,03_0002,2.3,chicken_torkari,lunch_dinner
N005,03_0003,2.3,chicken_torkari,lunch_dinner
N005,03_0004,2.3,chicken_torkari,lunch_dinner
N005,03_0005,2.3,chicken_torkari,lunch_dinner
N005,03_0033,2.3,chicken_torkari,lunch_dinner
N005,03_0006,2.3,chicken_torkari,lunch_dinner
N005,03_0034,2.3,chicken_torkari,lunch_dinner
N006,03_0001,2.3,chicken_torkari,lunch_dinner
N006,03_0002,2.3,chicken_torkari,lunch_dinner
N006,03_0003,2.3,chicken_torkari,lunch_dinner
N006,03_0004,2.3,chicken_torkari,lunch_dinner
N006,03_0005,2.3,chicken_torkari,lunch_dinner
N006,03_0033,2.3,chicken_torkari,lunch_dinner
N006,03_0006,2.3,chicken_torkari,lunch_dinner
N006,03_0034,2.3,chicken_torkari,lunch_dinner
N007,03_0001,2.3,chicken_torkari,lunch_dinner
N007,03_0002,2.3,chicken_torkari,lunch_dinner
N007,03_0003,2.3,chicken_torkari,lunch_dinner
N007,03_0004,2.3,chicken_torkari,lunch_dinner
N007,03_0005,2.3,chicken_torkari,lunch_dinner
N007,03_0033,2.3,chicken_torkari,lunch_dinner
N007,03_0006,2.3,chicken_torkari,lunch_dinner
N007,03_0034,2.3,chicken_torkari,lunch_dinner
N008,03_0001,2.3,chicken_torkari,lunch_dinner
N008,03_0002,2.3,chicken_torkari,lunch_dinner
N008,03_0003,2.3,chicken_torkari,lunch_dinner
N008,03_0004,2.3,chicken_torkari,lunch_dinner
N008,03_0005,2.3,chicken_torkari,lunch_dinner
N008,03_0033,2.3,chicken_torkari,lunch_dinner
N008,03_0006,2.3,chicken_torkari,lunch_dinner
N008,03_0034,2.3,chicken_torkari,lunch_dinner
N001,05_0011,2.2,chicken_aloo,lunch_dinner
N001,05_0017,2.2,chicken_aloo,lunch_dinner
N001,05_0018,2.2,chicken_aloo,lunch_dinner
N001,05_0019,2.2,chicken_aloo,lunch_dinner
N001,05_0005,2.2,chicken_aloo,lunch_dinner
N001,05_0012,2.2,chicken_aloo,lunch_dinner
N001,05_0021,2.2,chicken_aloo,lunch_dinner
N001,05_0016,2.2,chicken_aloo,lunch_dinner
N002,05_0011,2.2,chicken_aloo,lunch_dinner
N002,05_0017,2.2,chicken_aloo,lunch_dinner
N002,05_0018,2.2,chicken_aloo,lunch_dinner
N002,05_0019,2.2,chicken_aloo,lunch_dinner
N002,05_0005,2.2,chicken_aloo,lunch_dinner
N002,05_0012,2.2,chicken_aloo,lunch_dinner
N002,05_0021,2.2,chicken_aloo,lunch_dinner
N002,05_0016,2.2,chicken_aloo,lunch_dinner
N003,05_0011,2.2,chicken_aloo,lunch_dinner
N003,05_0017,2.2,chicken_aloo,lunch_dinner
N003,05_0018,2.2,chicken_aloo,lunch_dinner
N003,05_0019,2.2,chicken_aloo,lunch_dinner
N003,05_0005,2.2,chicken_aloo,lunch_dinner
N003,05_0012,2.2,chicken_aloo,lunch_dinner
N003,05_0021,2.2,chicken_aloo,lunch_dinner
N003,05_0016,2.2,chicken_aloo,lunch_dinner
N004,05_0011,2.2,chicken_aloo,lunch_dinner
N004,05_0017,2.2,chicken_aloo,lunch_dinner
N004,05_0018,2.2,chicken_aloo,lunch_dinner
N004,05_0019,2.2,chicken_aloo,lunch_dinner
N004,05_0005,2.2,chicken_aloo,lunch_dinner
N004,05_0012,2.2,chicken_aloo,lunch_dinner
N004,05_0021,2.2,chicken_aloo,lunch_dinner
N004,05_0016,2.2,chicken_aloo,lunch_dinner
N005,05_0011,2.2,chicken_aloo,lunch_dinner
N005,05_0017,2.2,chicken_aloo,lunch_dinner
N005,05_0018,2.2,chicken_aloo,lunch_dinner
N005,05_0019,2.2,chicken_aloo,lunch_dinner
N005,05_0005,2.2,chicken_aloo,lunch_dinner
N005,05_0012,2.2,chicken_aloo,lunch_dinner
N005,05_0021,2.2,chicken_aloo,lunch_dinner
N005,05_0016,2.2,chicken_aloo,lunch_dinner
N006,05_0011,2.2,chicken_aloo,lunch_dinner
N006,05_0017,2.2,chicken_aloo,lunch_dinner
N006,05_0018,2.2,chicken_aloo,lunch_dinner
N006,05_0019,2.2,chicken_aloo,lunch_dinner
N006,05_0005,2.2,chicken_aloo,lunch_dinner
N006,05_0012,2.2,chicken_aloo,lunch_dinner
N006,05_0021,2.2,chicken_aloo,lunch_dinner
N006,05_0016,2.2,chicken_aloo,lunch_dinner
N007,05_0011,2.2,chicken_aloo,lunch_dinner
N007,05_0017,2.2,chicken_aloo,lunch_dinner
N007,05_0018,2.2,chicken_aloo,lunch_dinner
N007,05_0019,2.2,chicken_aloo,lunch_dinner
N007,05_0005,2.2,chicken_aloo,lunch_dinner
N007,05_0012,2.2,chicken_aloo,lunch_dinner
N007,05_0021,2.2,chicken_aloo,lunch_dinner
N007,05_0016,2.2,chicken_aloo,lunch_dinner
N008,05_0011,2.2,chicken_aloo,lunch_dinner
N008,05_0017,2.2,chicken_aloo,lunch_dinner
N008,05_0018,2.2,chicken_aloo,lunch_dinner
N008,05_0019,2.2,chicken_aloo,lunch_dinner
N008,05_0005,2.2,chicken_aloo,lunch_dinner
N008,05_0012,2.2,chicken_aloo,lunch_dinner
N008,05_0021,2.2,chicken_aloo,lunch_dinner
N008,05_0016,2.2,chicken_aloo,lunch_dinner
N001,07_0009,2.5,chicken_spice,lunch_dinner
N001,07_0012,2.5,chicken_spice,lunch_dinner
N001,07_0013,2.5,chicken_spice,lunch_dinner
N001,07_0015,2.5,chicken_spice,lunch_dinner
N001,07_0016,2.5,chicken_spice,lunch_dinner
N001,07_0018,2.5,chicken_spice,lunch_dinner
N001,07_0019,2.5,chicken_spice,lunch_dinner
N002,07_0009,2.5,chicken_spice,lunch_dinner
N002,07_0012,2.5,chicken_spice,lunch_dinner
N002,07_0013,2.5,chicken_spice,lunch_dinner
N002,07_0015,2.5,chicken_spice,lunch_dinner
N002,07_0016,2.5,chicken_spice,lunch_dinner
N002,07_0018,2.5,chicken_spice,lunch_dinner
N002,07_0019,2.5,chicken_spice,lunch_dinner
N003,07_0009,2.5,chicken_spice,lunch_dinner
N003,07_0012,2.5,chicken_spice,lunch_dinner
N003,07_0013,2.5,chicken_spice,lunch_dinner
N003,07_0015,2.5,chicken_spice,lunch_dinner
N003,07_0016,2.5,chicken_spice,lunch_dinner
N003,07_0018,2.5,chicken_spice,lunch_dinner
N003,07_0019,2.5,chicken_spice,lunch_dinner
N004,07_0009,2.5,chicken_spice,lunch_dinner
N004,07_0012,2.5,chicken_spice,lunch_dinner
N004,07_0013,2.5,chicken_spice,lunch_dinner
N004,07_0015,2.5,chicken_spice,lunch_dinner
N004,07_0016,2.5,chicken_spice,lunch_dinner
N004,07_0018,2.5,chicken_spice,lunch_dinner
N004,07_0019,2.5,chicken_spice,lunch_dinner
N005,07_0009,2.5,chicken_spice,lunch_dinner
N005,07_0012,2.5,chicken_spice,lunch_dinner
N005,07_0013,2.5,chicken_spice,lunch_dinner
N005,07_0015,2.5,chicken_spice,lunch_dinner
N005,07_0016,2.5,chicken_spice,lunch_dinner
N005,07_0018,2.5,chicken_spice,lunch_dinner
N005,07_0019,2.5,chicken_spice,lunch_dinner
N006,07_0009,2.5,chicken_spice,lunch_dinner
N006,07_0012,2.5,chicken_spice,lunch_dinner
N006,07_0013,2.5,chicken_spice,lunch_dinner
N006,07_0015,2.5,chicken_spice,lunch_dinner
N006,07_0016,2.5,chicken_spice,lunch_dinner
N006,07_0018,2.5,chicken_spice,lunch_dinner
N006,07_0019,2.5,chicken_spice,lunch_dinner
N007,07_0009,2.5,chicken_spice,lunch_dinner
N007,07_0012,2.5,chicken_spice,lunch_dinner
N007,07_0013,2.5,chicken_spice,lunch_dinner
N007,07_0015,2.5,chicken_spice,lunch_dinner
N007,07_0016,2.5,chicken_spice,lunch_dinner
N007,07_0018,2.5,chicken_spice,lunch_dinner
N007,07_0019,2.5,chicken_spice,lunch_dinner
N008,07_0009,2.5,chicken_spice,lunch_dinner
N008,07_0012,2.5,chicken_spice,lunch_dinner
N008,07_0013,2.5,chicken_spice,lunch_dinner
N008,07_0015,2.5,chicken_spice,lunch_dinner
N008,07_0016,2.5,chicken_spice,lunch_dinner
N008,07_0018,2.5,chicken_spice,lunch_dinner
N008,07_0019,2.5,chicken_spice,lunch_dinner
10_0016,03_0001,2.3,meat_torkari,lunch_dinner
10_0016,03_0002,2.3,meat_torkari,lunch_dinner
10_0016,03_0003,2.3,meat_torkari,lunch_dinner
10_0016,03_0004,2.3,meat_torkari,lunch_dinner
10_0016,03_0005,2.3,meat_torkari,lunch_dinner
10_0016,03_0033,2.3,meat_torkari,lunch_dinner
10_0016,03_0006,2.3,meat_torkari,lunch_dinner
10_0016,03_0034,2.3,meat_torkari,lunch_dinner
10_0001,03_0001,2.3,meat_torkari,lunch_dinner
10_0001,03_0002,2.3,meat_torkari,lunch_dinner
10_0001,03_0003,2.3,meat_torkari,lunch_dinner
10_0001,03_0004,2.3,meat_torkari,lunch_dinner
10_0001,03_0005,2.3,meat_torkari,lunch_dinner
10_0001,03_0033,2.3,meat_torkari,lunch_dinner
10_0001,03_0006,2.3,meat_torkari,lunch_dinner
10_0001,03_0034,2.3,meat_torkari,lunch_dinner
10_0002,03_0001,2.3,meat_torkari,lunch_dinner
10_0002,03_0002,2.3,meat_torkari,lunch_dinner
10_0002,03_0003,2.3,meat_torkari,lunch_dinner
10_0002,03_0004,2.3,meat_torkari,lunch_dinner
10_0002,03_0005,2.3,meat_torkari,lunch_dinner
10_0002,03_0033,2.3,meat_torkari,lunch_dinner
10_0002,03_0006,2.3,meat_torkari,lunch_dinner
10_0002,03_0034,2.3,meat_torkari,lunch_dinner
10_0003,03_0001,2.3,meat_torkari,lunch_dinner
10_0003,03_0002,2.3,meat_torkari,lunch_dinner
10_0003,03_0003,2.3,meat_torkari,lunch_dinner
10_0003,03_0004,2.3,meat_torkari,lunch_dinner
10_0003,03_0005,2.3,meat_torkari,lunch_dinner
10_0003,03_0033,2.3,meat_torkari,lunch_dinner
10_0003,03_0006,2.3,meat_torkari,lunch_dinner
10_0003,03_0034,2.3,meat_torkari,lunch_dinner
10_0004,03_0001,2.3,meat_torkari,lunch_dinner
10_0004,03_0002,2.3,meat_torkari,lunch_dinner
10_0004,03_0003,2.3,meat_torkari,lunch_dinner
10_0004,03_0004,2.3,meat_torkari,lunch_dinner
10_0004,03_0005,2.3,meat_torkari,lunch_dinner
10_0004,03_0033,2.3,meat_torkari,lunch_dinner
10_0004,03_0006,2.3,meat_torkari,lunch_dinner
10_0004,03_0034,2.3,meat_torkari,lunch_dinner
10_0005,03_0001,2.3,meat_torkari,lunch_dinner
10_0005,03_0002,2.3,meat_torkari,lunch_dinner
10_0005,03_0003,2.3,meat_torkari,lunch_dinner
10_0005,03_0004,2.3,meat_torkari,lunch_dinner
10_0005,03_0005,2.3,meat_torkari,lunch_dinner
10_0005,03_0033,2.3,meat_torkari,lunch_dinner
10_0005,03_0006,2.3,meat_torkari,lunch_dinner
10_0005,03_0034,2.3,meat_torkari,lunch_dinner
10_0006,03_0001,2.3,meat_torkari,lunch_dinner
10_0006,03_0002,2.3,meat_torkari,lunch_dinner
10_0006,03_0003,2.3,meat_torkari,lunch_dinner
10_0006,03_0004,2.3,meat_torkari,lunch_dinner
10_0006,03_0005,2.3,meat_torkari,lunch_dinner
10_0006,03_0033,2.3,meat_torkari,lunch_dinner
10_0006,03_0006,2.3,meat_torkari,lunch_dinner
10_0006,03_0034,2.3,meat_torkari,lunch_dinner
10_0007,03_0001,2.3,meat_torkari,lunch_dinner
10_0007,03_0002,2.3,meat_torkari,lunch_dinner
10_0007,03_0003,2.3,meat_torkari,lunch_dinner
10_0007,03_0004,2.3,meat_torkari,lunch_dinner
10_0007,03_0005,2.3,meat_torkari,lunch_dinner
10_0007,03_0033,2.3,meat_torkari,lunch_dinner
10_0007,03_0006,2.3,meat_torkari,lunch_dinner
10_0007,03_0034,2.3,meat_torkari,lunch_dinner
10_0016,05_0011,2.2,meat_aloo,lunch_dinner
10_0016,05_0017,2.2,meat_aloo,lunch_dinner
10_0016,05_0018,2.2,meat_aloo,lunch_dinner
10_0016,05_0019,2.2,meat_aloo,lunch_dinner
10_0016,05_0005,2.2,meat_aloo,lunch_dinner
10_0016,05_0012,2.2,meat_aloo,lunch_dinner
10_0016,05_0021,2.2,meat_aloo,lunch_dinner
10_0016,05_0016,2.2,meat_aloo,lunch_dinner
10_0001,05_0011,2.2,meat_aloo,lunch_dinner
10_0001,05_0017,2.2,meat_aloo,lunch_dinner
10_0001,05_0018,2.2,meat_aloo,lunch_dinner
10_0001,05_0019,2.2,meat_aloo,lunch_dinner
10_0001,05_0005,2.2,meat_aloo,lunch_dinner
10_0001,05_0012,2.2,meat_aloo,lunch_dinner
10_0001,05_0021,2.2,meat_aloo,lunch_dinner
10_0001,05_0016,2.2,meat_aloo,lunch_dinner
10_0002,05_0011,2.2,meat_aloo,lunch_dinner
10_0002,05_0017,2.2,meat_aloo,lunch_dinner
10_0002,05_0018,2.2,meat_aloo,lunch_dinner
10_0002,05_0019,2.2,meat_aloo,lunch_dinner
10_0002,05_0005,2.2,meat_aloo,lunch_dinner
10_0002,05_0012,2.2,meat_aloo,lunch_dinner
10_0002,05_0021,2.2,meat_aloo,lunch_dinner
10_0002,05_0016,2.2,meat_aloo,lunch_dinner
10_0003,05_0011,2.2,meat_aloo,lunch_dinner
10_0003,05_0017,2.2,meat_aloo,lunch_dinner
10_0003,05_0018,2.2,meat_aloo,lunch_dinner
10_0003,05_0019,2.2,meat_aloo,lunch_dinner
10_0003,05_0005,2.2,meat_aloo,lunch_dinner
10_0003,05_0012,2.2,meat_aloo,lunch_dinner
10_0003,05_0021,2.2,meat_aloo,lunch_dinner
10_0003,05_0016,2.2,meat_aloo,lunch_dinner
10_0004,05_0011,2.2,meat_aloo,lunch_dinner
10_0004,05_0017,2.2,meat_aloo,lunch_dinner
10_0004,05_0018,2.2,meat_aloo,lunch_dinner
10_0004,05_0019,2.2,meat_aloo,lunch_dinner
10_0004,05_0005,2.2,meat_aloo,lunch_dinner
10_0004,05_0012,2.2,meat_aloo,lunch_dinner
10_0004,05_0021,2.2,meat_aloo,lunch_dinner
10_0004,05_0016,2.2,meat_aloo,lunch_dinner
10_0005,05_0011,2.2,meat_aloo,lunch_dinner
10_0005,05_0017,2.2,meat_aloo,lunch_dinner
10_0005,05_0018,2.2,meat_aloo,lunch_dinner
10_0005,05_0019,2.2,meat_aloo,lunch_dinner
10_0005,05_0005,2.2,meat_aloo,lunch_dinner
10_0005,05_0012,2.2,meat_aloo,lunch_dinner
10_0005,05_0021,2.2,meat_aloo,lunch_dinner
10_0005,05_0016,2.2,meat_aloo,lunch_dinner
10_0006,05_0011,2.2,meat_aloo,lunch_dinner
10_0006,05_0017,2.2,meat_aloo,lunch_dinner
10_0006,05_0018,2.2,meat_aloo,lunch_dinner
10_0006,05_0019,2.2,meat_aloo,lunch_dinner
10_0006,05_0005,2.2,meat_aloo,lunch_dinner
10_0006,05_0012,2.2,meat_aloo,lunch_dinner
10_0006,05_0021,2.2,meat_aloo,lunch_dinner
10_0006,05_0016,2.2,meat_aloo,lunch_dinner
10_0007,05_0011,2.2,meat_aloo,lunch_dinner
10_0007,05_0017,2.2,meat_aloo,lunch_dinner
10_0007,05_0018,2.2,meat_aloo,lunch_dinner
10_0007,05_0019,2.2,meat_aloo,lunch_dinner
10_0007,05_0005,2.2,meat_aloo,lunch_dinner
10_0007,05_0012,2.2,meat_aloo,lunch_dinner
10_0007,05_0021,2.2,meat_aloo,lunch_dinner
10_0007,05_0016,2.2,meat_aloo,lunch_dinner
10_0016,07_0009,2.5,meat_spice,lunch_dinner
10_0016,07_0012,2.5,meat_spice,lunch_dinner
10_0016,07_0013,2.5,meat_spice,lunch_dinner
10_0016,07_0015,2.5,meat_spice,lunch_dinner
10_0016,07_0016,2.5,meat_spice,lunch_dinner
10_0016,07_0018,2.5,meat_spice,lunch_dinner
10_0016,07_0019,2.5,meat_spice,lunch_dinner
10_0001,07_0009,2.5,meat_spice,lunch_dinner
10_0001,07_0012,2.5,meat_spice,lunch_dinner
10_0001,07_0013,2.5,meat_spice,lunch_dinner
10_0001,07_0015,2.5,meat_spice,lunch_dinner
10_0001,07_0016,2.5,meat_spice,lunch_dinner
10_0001,07_0018,2.5,meat_spice,lunch_dinner
10_0001,07_0019,2.5,meat_spice,lunch_dinner
10_0002,07_0009,2.5,meat_spice,lunch_dinner
10_0002,07_0012,2.5,meat_spice,lunch_dinner
10_0002,07_0013,2.5,meat_spice,lunch_dinner
10_0002,07_0015,2.5,meat_spice,lunch_dinner
10_0002,07_0016,2.5,meat_spice,lunch_dinner
10_0002,07_0018,2.5,meat_spice,lunch_dinner
10_0002,07_0019,2.5,meat_spice,lunch_dinner
10_0003,07_0009,2.5,meat_spice,lunch_dinner
10_0003,07_0012,2.5,meat_spice,lunch_dinner
10_0003,07_0013,2.5,meat_spice,lunch_dinner
10_0003,07_0015,2.5,meat_spice,lunch_dinner
10_0003,07_0016,2.5,meat_spice,lunch_dinner
10_0003,07_0018,2.5,meat_spice,lunch_dinner
10_0003,07_0019,2.5,meat_spice,lunch_dinner
10_0004,07_0009,2.5,meat_spice,lunch_dinner
10_0004,07_0012,2.5,meat_spice,lunch_dinner
10_0004,07_0013,2.5,meat_spice,lunch_dinner
10_0004,07_0015,2.5,meat_spice,lunch_dinner
10_0004,07_0016,2.5,meat_spice,lunch_dinner
10_0004,07_0018,2.5,meat_spice,lunch_dinner
10_0004,07_0019,2.5,meat_spice,lunch_dinner
10_0005,07_0009,2.5,meat_spice,lunch_dinner
10_0005,07_0012,2.5,meat_spice,lunch_dinner
10_0005,07_0013,2.5,meat_spice,lunch_dinner
10_0005,07_0015,2.5,meat_spice,lunch_dinner
10_0005,07_0016,2.5,meat_spice,lunch_dinner
10_0005,07_0018,2.5,meat_spice,lunch_dinner
10_0005,07_0019,2.5,meat_spice,lunch_dinner
10_0006,07_0009,2.5,meat_spice,lunch_dinner
10_0006,07_0012,2.5,meat_spice,lunch_dinner
10_0006,07_0013,2.5,meat_spice,lunch_dinner
10_0006,07_0015,2.5,meat_spice,lunch_dinner
10_0006,07_0016,2.5,meat_spice,lunch_dinner
10_0006,07_0018,2.5,meat_spice,lunch_dinner
10_0006,07_0019,2.5,meat_spice,lunch_dinner
10_0007,07_0009,2.5,meat_spice,lunch_dinner
10_0007,07_0012,2.5,meat_spice,lunch_dinner
10_0007,07_0013,2.5,meat_spice,lunch_dinner
10_0007,07_0015,2.5,meat_spice,lunch_dinner
10_0007,07_0016,2.5,meat_spice,lunch_dinner
10_0007,07_0018,2.5,meat_spice,lunch_dinner
10_0007,07_0019,2.5,meat_spice,lunch_dinner
11_0001,04_0001,2.0,egg_shak,lunch_dinner
11_0001,04_0002,2.0,egg_shak,lunch_dinner
11_0001,04_0003,2.0,egg_shak,lunch_dinner
11_0001,04_0032,2.0,egg_shak,lunch_dinner
11_0001,04_0033,2.0,egg_shak,lunch_dinner
11_0001,04_0006,2.0,egg_shak,lunch_dinner
11_0001,04_0007,2.0,egg_shak,lunch_dinner
11_0001,04_0008,2.0,egg_shak,lunch_dinner
11_0005,04_0001,2.0,egg_shak,lunch_dinner
11_0005,04_0002,2.0,egg_shak,lunch_dinner
11_0005,04_0003,2.0,egg_shak,lunch_dinner
11_0005,04_0032,2.0,egg_shak,lunch_dinner
11_0005,04_0033,2.0,egg_shak,lunch_dinner
11_0005,04_0006,2.0,egg_shak,lunch_dinner
11_0005,04_0007,2.0,egg_shak,lunch_dinner
11_0005,04_0008,2.0,egg_shak,lunch_dinner
11_0002,04_0001,2.0,egg_shak,lunch_dinner
11_0002,04_0002,2.0,egg_shak,lunch_dinner
11_0002,04_0003,2.0,egg_shak,lunch_dinner
11_0002,04_0032,2.0,egg_shak,lunch_dinner
11_0002,04_0033,2.0,egg_shak,lunch_dinner
11_0002,04_0006,2.0,egg_shak,lunch_dinner
11_0002,04_0007,2.0,egg_shak,lunch_dinner
11_0002,04_0008,2.0,egg_shak,lunch_dinner
11_0006,04_0001,2.0,egg_shak,lunch_dinner
11_0006,04_0002,2.0,egg_shak,lunch_dinner
11_0006,04_0003,2.0,egg_shak,lunch_dinner
11_0006,04_0032,2.0,egg_shak,lunch_dinner
11_0006,04_0033,2.0,egg_shak,lunch_dinner
11_0006,04_0006,2.0,egg_shak,lunch_dinner
11_0006,04_0007,2.0,egg_shak,lunch_dinner
11_0006,04_0008,2.0,egg_shak,lunch_dinner
11_0003,04_0001,2.0,egg_shak,lunch_dinner
11_0003,04_0002,2.0,egg_shak,lunch_dinner
11_0003,04_0003,2.0,egg_shak,lunch_dinner
11_0003,04_0032,2.0,egg_shak,lunch_dinner
11_0003,04_0033,2.0,egg_shak,lunch_dinner
11_0003,04_0006,2.0,egg_shak,lunch_dinner
11_0003,04_0007,2.0,egg_shak,lunch_dinner
11_0003,04_0008,2.0,egg_shak,lunch_dinner
11_0004,04_0001,2.0,egg_shak,lunch_dinner
11_0004,04_0002,2.0,egg_shak,lunch_dinner
11_0004,04_0003,2.0,egg_shak,lunch_dinner
11_0004,04_0032,2.0,egg_shak,lunch_dinner
11_0004,04_0033,2.0,egg_shak,lunch_dinner
11_0004,04_0006,2.0,egg_shak,lunch_dinner
11_0004,04_0007,2.0,egg_shak,lunch_dinner
11_0004,04_0008,2.0,egg_shak,lunch_dinner
11_0007,04_0001,2.0,egg_shak,lunch_dinner
11_0007,04_0002,2.0,egg_shak,lunch_dinner
11_0007,04_0003,2.0,egg_shak,lunch_dinner
11_0007,04_0032,2.0,egg_shak,lunch_dinner
11_0007,04_0033,2.0,egg_shak,lunch_dinner
11_0007,04_0006,2.0,egg_shak,lunch_dinner
11_0007,04_0007,2.0,egg_shak,lunch_dinner
11_0007,04_0008,2.0,egg_shak,lunch_dinner
M001,04_0001,2.0,egg_shak,lunch_dinner
M001,04_0002,2.0,egg_shak,lunch_dinner
M001,04_0003,2.0,egg_shak,lunch_dinner
M001,04_0032,2.0,egg_shak,lunch_dinner
M001,04_0033,2.0,egg_shak,lunch_dinner
M001,04_0006,2.0,egg_shak,lunch_dinner
M001,04_0007,2.0,egg_shak,lunch_dinner
M001,04_0008,2.0,egg_shak,lunch_dinner
11_0001,03_0001,2.2,egg_torkari,lunch_dinner
11_0001,03_0002,2.2,egg_torkari,lunch_dinner
11_0001,03_0003,2.2,egg_torkari,lunch_dinner
11_0001,03_0004,2.2,egg_torkari,lunch_dinner
11_0001,03_0005,2.2,egg_torkari,lunch_dinner
11_0001,03_0033,2.2,egg_torkari,lunch_dinner
11_0001,03_0006,2.2,egg_torkari,lunch_dinner
11_0001,03_0034,2.2,egg_torkari,lunch_dinner
11_0005,03_0001,2.2,egg_torkari,lunch_dinner
11_0005,03_0002,2.2,egg_torkari,lunch_dinner
11_0005,03_0003,2.2,egg_torkari,lunch_dinner
11_0005,03_0004,2.2,egg_torkari,lunch_dinner
11_0005,03_0005,2.2,egg_torkari,lunch_dinner
11_0005,03_0033,2.2,egg_torkari,lunch_dinner
11_0005,03_0006,2.2,egg_torkari,lunch_dinner
11_0005,03_0034,2.2,egg_torkari,lunch_dinner
11_0002,03_0001,2.2,egg_torkari,lunch_dinner
11_0002,03_0002,2.2,egg_torkari,lunch_dinner
11_0002,03_0003,2.2,egg_torkari,lunch_dinner
11_0002,03_0004,2.2,egg_torkari,lunch_dinner
11_0002,03_0005,2.2,egg_torkari,lunch_dinner
11_0002,03_0033,2.2,egg_torkari,lunch_dinner
11_0002,03_0006,2.2,egg_torkari,lunch_dinner
11_0002,03_0034,2.2,egg_torkari,lunch_dinner
11_0006,03_0001,2.2,egg_torkari,lunch_dinner
11_0006,03_0002,2.2,egg_torkari,lunch_dinner
11_0006,03_0003,2.2,egg_torkari,lunch_dinner
11_0006,03_0004,2.2,egg_torkari,lunch_dinner
11_0006,03_0005,2.2,egg_torkari,lunch_dinner
11_0006,03_0033,2.2,egg_torkari,lunch_dinner
11_0006,03_0006,2.2,egg_torkari,lunch_dinner
11_0006,03_0034,2.2,egg_torkari,lunch_dinner
11_0003,03_0001,2.2,egg_torkari,lunch_dinner
11_0003,03_0002,2.2,egg_torkari,lunch_dinner
11_0003,03_0003,2.2,egg_torkari,lunch_dinner
11_0003,03_0004,2.2,egg_torkari,lunch_dinner
11_0003,03_0005,2.2,egg_torkari,lunch_dinner
11_0003,03_0033,2.2,egg_torkari,lunch_dinner
11_0003,03_0006,2.2,egg_torkari,lunch_dinner
11_0003,03_0034,2.2,egg_torkari,lunch_dinner
11_0004,03_0001,2.2,egg_torkari,lunch_dinner
11_0004,03_0002,2.2,egg_torkari,lunch_dinner
11_0004,03_0003,2.2,egg_torkari,lunch_dinner
11_0004,03_0004,2.2,egg_torkari,lunch_dinner
11_0004,03_0005,2.2,egg_torkari,lunch_dinner
11_0004,03_0033,2.2,egg_torkari,lunch_dinner
11_0004,03_0006,2.2,egg_torkari,lunch_dinner
11_0004,03_0034,2.2,egg_torkari,lunch_dinner
11_0007,03_0001,2.2,egg_torkari,lunch_dinner
11_0007,03_0002,2.2,egg_torkari,lunch_dinner
11_0007,03_0003,2.2,egg_torkari,lunch_dinner
11_0007,03_0004,2.2,egg_torkari,lunch_dinner
11_0007,03_0005,2.2,egg_torkari,lunch_dinner
11_0007,03_0033,2.2,egg_torkari,lunch_dinner
11_0007,03_0006,2.2,egg_torkari,lunch_dinner
11_0007,03_0034,2.2,egg_torkari,lunch_dinner
M001,03_0001,2.2,egg_torkari,lunch_dinner
M001,03_0002,2.2,egg_torkari,lunch_dinner
M001,03_0003,2.2,egg_torkari,lunch_dinner
M001,03_0004,2.2,egg_torkari,lunch_dinner
M001,03_0005,2.2,egg_torkari,lunch_dinner
M001,03_0033,2.2,egg_torkari,lunch_dinner
M001,03_0006,2.2,egg_torkari,lunch_dinner
M001,03_0034,2.2,egg_torkari,lunch_dinner
11_0001,12_0001,2.0,egg_milk,breakfast
11_0001,12_0002,2.0,egg_milk,breakfast
11_0001,12_0003,2.0,egg_milk,breakfast
11_0001,12_0004,2.0,egg_milk,breakfast
11_0001,12_0005,2.0,egg_milk,breakfast
11_0001,12_0006,2.0,egg_milk,breakfast
11_0001,12_0007,2.0,egg_milk,breakfast
11_0001,12_0008,2.0,egg_milk,breakfast
11_0005,12_0001,2.0,egg_milk,breakfast
11_0005,12_0002,2.0,egg_milk,breakfast
11_0005,12_0003,2.0,egg_milk,breakfast
11_0005,12_0004,2.0,egg_milk,breakfast
11_0005,12_0005,2.0,egg_milk,breakfast
11_0005,12_0006,2.0,egg_milk,breakfast
11_0005,12_0007,2.0,egg_milk,breakfast
11_0005,12_0008,2.0,egg_milk,breakfast
11_0002,12_0001,2.0,egg_milk,breakfast
11_0002,12_0002,2.0,egg_milk,breakfast
11_0002,12_0003,2.0,egg_milk,breakfast
11_0002,12_0004,2.0,egg_milk,breakfast
11_0002,12_0005,2.0,egg_milk,breakfast
11_0002,12_0006,2.0,egg_milk,breakfast
11_0002,12_0007,2.0,egg_milk,breakfast
11_0002,12_0008,2.0,egg_milk,breakfast
11_0006,12_0001,2.0,egg_milk,breakfast
11_0006,12_0002,2.0,egg_milk,breakfast
11_0006,12_0003,2.0,egg_milk,breakfast
11_0006,12_0004,2.0,egg_milk,breakfast
11_0006,12_0005,2.0,egg_milk,breakfast
11_0006,12_0006,2.0,egg_milk,breakfast
11_0006,12_0007,2.0,egg_milk,breakfast
11_0006,12_0008,2.0,egg_milk,breakfast
11_0003,12_0001,2.0,egg_milk,breakfast
11_0003,12_0002,2.0,egg_milk,breakfast
11_0003,12_0003,2.0,egg_milk,breakfast
11_0003,12_0004,2.0,egg_milk,breakfast
11_0003,12_0005,2.0,egg_milk,breakfast
11_0003,12_0006,2.0,egg_milk,breakfast
11_0003,12_0007,2.0,egg_milk,breakfast
11_0003,12_0008,2.0,egg_milk,breakfast
11_0004,12_0001,2.0,egg_milk,breakfast
11_0004,12_0002,2.0,egg_milk,breakfast
11_0004,12_0003,2.0,egg_milk,breakfast
11_0004,12_0004,2.0,egg_milk,breakfast
11_0004,12_0005,2.0,egg_milk,breakfast
11_0004,12_0006,2.0,egg_milk,breakfast
11_0004,12_0007,2.0,egg_milk,breakfast
11_0004,12_0008,2.0,egg_milk,breakfast
11_0007,12_0001,2.0,egg_milk,breakfast
11_0007,12_0002,2.0,egg_milk,breakfast
11_0007,12_0003,2.0,egg_milk,breakfast
11_0007,12_0004,2.0,egg_milk,breakfast
11_0007,12_0005,2.0,egg_milk,breakfast
11_0007,12_0006,2.0,egg_milk,breakfast
11_0007,12_0007,2.0,egg_milk,breakfast
11_0007,12_0008,2.0,egg_milk,breakfast
M001,12_0001,2.0,egg_milk,breakfast
M001,12_0002,2.0,egg_milk,breakfast
M001,12_0003,2.0,egg_milk,breakfast
M001,12_0004,2.0,egg_milk,breakfast
M001,12_0005,2.0,egg_milk,breakfast
M001,12_0006,2.0,egg_milk,breakfast
M001,12_0007,2.0,egg_milk,breakfast
M001,12_0008,2.0,egg_milk,breakfast
11_0001,07_0009,1.8,egg_spice,all
11_0001,07_0012,1.8,egg_spice,all
11_0001,07_0013,1.8,egg_spice,all
11_0001,07_0015,1.8,egg_spice,all
11_0001,07_0016,1.8,egg_spice,all
11_0001,07_0018,1.8,egg_spice,all
11_0001,07_0019,1.8,egg_spice,all
11_0005,07_0009,1.8,egg_spice,all
11_0005,07_0012,1.8,egg_spice,all
11_0005,07_0013,1.8,egg_spice,all
11_0005,07_0015,1.8,egg_spice,all
11_0005,07_0016,1.8,egg_spice,all
11_0005,07_0018,1.8,egg_spice,all
11_0005,07_0019,1.8,egg_spice,all
11_0002,07_0009,1.8,egg_spice,all
11_0002,07_0012,1.8,egg_spice,all
11_0002,07_0013,1.8,egg_spice,all
11_0002,07_0015,1.8,egg_spice,all
11_0002,07_0016,1.8,egg_spice,all
11_0002,07_0018,1.8,egg_spice,all
11_0002,07_0019,1.8,egg_spice,all
11_0006,07_0009,1.8,egg_spice,all
11_0006,07_0012,1.8,egg_spice,all
11_0006,07_0013,1.8,egg_spice,all
11_0006,07_0015,1.8,egg_spice,all
11_0006,07_0016,1.8,egg_spice,all
11_0006,07_0018,1.8,egg_spice,all
11_0006,07_0019,1.8,egg_spice,all
11_0003,07_0009,1.8,egg_spice,all
11_0003,07_0012,1.8,egg_spice,all
11_0003,07_0013,1.8,egg_spice,all
11_0003,07_0015,1.8,egg_spice,all
11_0003,07_0016,1.8,egg_spice,all
11_0003,07_0018,1.8,egg_spice,all
11_0003,07_0019,1.8,egg_spice,all
11_0004,07_0009,1.8,egg_spice,all
11_0004,07_0012,1.8,egg_spice,all
11_0004,07_0013,1.8,egg_spice,all
11_0004,07_0015,1.8,egg_spice,all
11_0004,07_0016,1.8,egg_spice,all
11_0004,07_0018,1.8,egg_spice,all
11_0004,07_0019,1.8,egg_spice,all
11_0007,07_0009,1.8,egg_spice,all
11_0007,07_0012,1.8,egg_spice,all
11_0007,07_0013,1.8,egg_spice,all
11_0007,07_0015,1.8,egg_spice,all
11_0007,07_0016,1.8,egg_spice,all
11_0007,07_0018,1.8,egg_spice,all
11_0007,07_0019,1.8,egg_spice,all
M001,07_0009,1.8,egg_spice,all
M001,07_0012,1.8,egg_spice,all
M001,07_0013,1.8,egg_spice,all
M001,07_0015,1.8,egg_spice,all
M001,07_0016,1.8,egg_spice,all
M001,07_0018,1.8,egg_spice,all
M001,07_0019,1.8,egg_spice,all
12_0001,E001,2.0,milk_fruit,breakfast_snack
12_0001,E002,2.0,milk_fruit,breakfast_snack
12_0001,E003,2.0,milk_fruit,breakfast_snack
12_0001,E005,2.0,milk_fruit,breakfast_snack
12_0001,E007,2.0,milk_fruit,breakfast_snack
12_0001,E008,2.0,milk_fruit,breakfast_snack
12_0001,E009,2.0,milk_fruit,breakfast_snack
12_0001,E010,2.0,milk_fruit,breakfast_snack
12_0002,E001,2.0,milk_fruit,breakfast_snack
12_0002,E002,2.0,milk_fruit,breakfast_snack
12_0002,E003,2.0,milk_fruit,breakfast_snack
12_0002,E005,2.0,milk_fruit,breakfast_snack
12_0002,E007,2.0,milk_fruit,breakfast_snack
12_0002,E008,2.0,milk_fruit,breakfast_snack
12_0002,E009,2.0,milk_fruit,breakfast_snack
12_0002,E010,2.0,milk_fruit,breakfast_snack
12_0003,E001,2.0,milk_fruit,breakfast_snack
12_0003,E002,2.0,milk_fruit,breakfast_snack
12_0003,E003,2.0,milk_fruit,breakfast_snack
12_0003,E005,2.0,milk_fruit,breakfast_snack
12_0003,E007,2.0,milk_fruit,breakfast_snack
12_0003,E008,2.0,milk_fruit,breakfast_snack
12_0003,E009,2.0,milk_fruit,breakfast_snack
12_0003,E010,2.0,milk_fruit,breakfast_snack
12_0004,E001,2.0,milk_fruit,breakfast_snack
12_0004,E002,2.0,milk_fruit,breakfast_snack
12_0004,E003,2.0,milk_fruit,breakfast_snack
12_0004,E005,2.0,milk_fruit,breakfast_snack
12_0004,E007,2.0,milk_fruit,breakfast_snack
12_0004,E008,2.0,milk_fruit,breakfast_snack
12_0004,E009,2.0,milk_fruit,breakfast_snack
12_0004,E010,2.0,milk_fruit,breakfast_snack
12_0005,E001,2.0,milk_fruit,breakfast_snack
12_0005,E002,2.0,milk_fruit,breakfast_snack
12_0005,E003,2.0,milk_fruit,breakfast_snack
12_0005,E005,2.0,milk_fruit,breakfast_snack
12_0005,E007,2.0,milk_fruit,breakfast_snack
12_0005,E008,2.0,milk_fruit,breakfast_snack
12_0005,E009,2.0,milk_fruit,breakfast_snack
12_0005,E010,2.0,milk_fruit,breakfast_snack
12_0006,E001,2.0,milk_fruit,breakfast_snack
12_0006,E002,2.0,milk_fruit,breakfast_snack
12_0006,E003,2.0,milk_fruit,breakfast_snack
12_0006,E005,2.0,milk_fruit,breakfast_snack
12_0006,E007,2.0,milk_fruit,breakfast_snack
12_0006,E008,2.0,milk_fruit,breakfast_snack
12_0006,E009,2.0,milk_fruit,breakfast_snack
12_0006,E010,2.0,milk_fruit,breakfast_snack
12_0007,E001,2.0,milk_fruit,breakfast_snack
12_0007,E002,2.0,milk_fruit,breakfast_snack
12_0007,E003,2.0,milk_fruit,breakfast_snack
12_0007,E005,2.0,milk_fruit,breakfast_snack
12_0007,E007,2.0,milk_fruit,breakfast_snack
12_0007,E008,2.0,milk_fruit,breakfast_snack
12_0007,E009,2.0,milk_fruit,breakfast_snack
12_0007,E010,2.0,milk_fruit,breakfast_snack
12_0008,E001,2.0,milk_fruit,breakfast_snack
12_0008,E002,2.0,milk_fruit,breakfast_snack
12_0008,E003,2.0,milk_fruit,breakfast_snack
12_0008,E005,2.0,milk_fruit,breakfast_snack
12_0008,E007,2.0,milk_fruit,breakfast_snack
12_0008,E008,2.0,milk_fruit,breakfast_snack
12_0008,E009,2.0,milk_fruit,breakfast_snack
12_0008,E010,2.0,milk_fruit,breakfast_snack
12_0001,06_0001,1.8,milk_nuts,breakfast_snack
12_0001,06_0002,1.8,milk_nuts,breakfast_snack
12_0001,06_0003,1.8,milk_nuts,breakfast_snack
12_0001,06_0004,1.8,milk_nuts,breakfast_snack
12_0001,06_0005,1.8,milk_nuts,breakfast_snack
12_0001,06_0006,1.8,milk_nuts,breakfast_snack
12_0001,06_0007,1.8,milk_nuts,breakfast_snack
12_0001,06_0008,1.8,milk_nuts,breakfast_snack
12_0002,06_0001,1.8,milk_nuts,breakfast_snack
12_0002,06_0002,1.8,milk_nuts,breakfast_snack
12_0002,06_0003,1.8,milk_nuts,breakfast_snack
12_0002,06_0004,1.8,milk_nuts,breakfast_snack
12_0002,06_0005,1.8,milk_nuts,breakfast_snack
12_0002,06_0006,1.8,milk_nuts,breakfast_snack
12_0002,06_0007,1.8,milk_nuts,breakfast_snack
12_0002,06_0008,1.8,milk_nuts,breakfast_snack
12_0003,06_0001,1.8,milk_nuts,breakfast_snack
12_0003,06_0002,1.8,milk_nuts,breakfast_snack
12_0003,06_0003,1.8,milk_nuts,breakfast_snack
12_0003,06_0004,1.8,milk_nuts,breakfast_snack
12_0003,06_0005,1.8,milk_nuts,breakfast_snack
12_0003,06_0006,1.8,milk_nuts,breakfast_snack
12_0003,06_0007,1.8,milk_nuts,breakfast_snack
12_0003,06_0008,1.8,milk_nuts,breakfast_snack
12_0004,06_0001,1.8,milk_nuts,breakfast_snack
12_0004,06_0002,1.8,milk_nuts,breakfast_snack
12_0004,06_0003,1.8,milk_nuts,breakfast_snack
12_0004,06_0004,1.8,milk_nuts,breakfast_snack
12_0004,06_0005,1.8,milk_nuts,breakfast_snack
12_0004,06_0006,1.8,milk_nuts,breakfast_snack
12_0004,06_0007,1.8,milk_nuts,breakfast_snack
12_0004,06_0008,1.8,milk_nuts,breakfast_snack
12_0005,06_0001,1.8,milk_nuts,breakfast_snack
12_0005,06_0002,1.8,milk_nuts,breakfast_snack
12_0005,06_0003,1.8,milk_nuts,breakfast_snack
12_0005,06_0004,1.8,milk_nuts,breakfast_snack
12_0005,06_0005,1.8,milk_nuts,breakfast_snack
12_0005,06_0006,1.8,milk_nuts,breakfast_snack
12_0005,06_0007,1.8,milk_nuts,breakfast_snack
12_0005,06_0008,1.8,milk_nuts,breakfast_snack
12_0006,06_0001,1.8,milk_nuts,breakfast_snack
12_0006,06_0002,1.8,milk_nuts,breakfast_snack
12_0006,06_0003,1.8,milk_nuts,breakfast_snack
12_0006,06_0004,1.8,milk_nuts,breakfast_snack
12_0006,06_0005,1.8,milk_nuts,breakfast_snack
12_0006,06_0006,1.8,milk_nuts,breakfast_snack
12_0006,06_0007,1.8,milk_nuts,breakfast_snack
12_0006,06_0008,1.8,milk_nuts,breakfast_snack
12_0007,06_0001,1.8,milk_nuts,breakfast_snack
12_0007,06_0002,1.8,milk_nuts,breakfast_snack
12_0007,06_0003,1.8,milk_nuts,breakfast_snack
12_0007,06_0004,1.8,milk_nuts,breakfast_snack
12_0007,06_0005,1.8,milk_nuts,breakfast_snack
12_0007,06_0006,1.8,milk_nuts,breakfast_snack
12_0007,06_0007,1.8,milk_nuts,breakfast_snack
12_0007,06_0008,1.8,milk_nuts,breakfast_snack
12_0008,06_0001,1.8,milk_nuts,breakfast_snack
12_0008,06_0002,1.8,milk_nuts,breakfast_snack
12_0008,06_0003,1.8,milk_nuts,breakfast_snack
12_0008,06_0004,1.8,milk_nuts,breakfast_snack
12_0008,06_0005,1.8,milk_nuts,breakfast_snack
12_0008,06_0006,1.8,milk_nuts,breakfast_snack
12_0008,06_0007,1.8,milk_nuts,breakfast_snack
12_0008,06_0008,1.8,milk_nuts,breakfast_snack
12_0001,14_0006,1.8,milk_sweet,breakfast_snack
12_0001,I001,1.8,milk_sweet,breakfast_snack
12_0002,14_0006,1.8,milk_sweet,breakfast_snack
12_0002,I001,1.8,milk_sweet,breakfast_snack
12_0003,14_0006,1.8,milk_sweet,breakfast_snack
12_0003,I001,1.8,milk_sweet,breakfast_snack
12_0004,14_0006,1.8,milk_sweet,breakfast_snack
12_0004,I001,1.8,milk_sweet,breakfast_snack
12_0005,14_0006,1.8,milk_sweet,breakfast_snack
12_0005,I001,1.8,milk_sweet,breakfast_snack
12_0006,14_0006,1.8,milk_sweet,breakfast_snack
12_0006,I001,1.8,milk_sweet,breakfast_snack
12_0007,14_0006,1.8,milk_sweet,breakfast_snack
12_0007,I001,1.8,milk_sweet,breakfast_snack
12_0008,14_0006,1.8,milk_sweet,breakfast_snack
12_0008,I001,1.8,milk_sweet,breakfast_snack
E001,06_0001,1.8,fruit_nuts,breakfast_snack
E001,06_0002,1.8,fruit_nuts,breakfast_snack
E001,06_0003,1.8,fruit_nuts,breakfast_snack
E001,06_0004,1.8,fruit_nuts,breakfast_snack
E001,06_0005,1.8,fruit_nuts,breakfast_snack
E001,06_0006,1.8,fruit_nuts,breakfast_snack
E001,06_0007,1.8,fruit_nuts,breakfast_snack
E001,06_0008,1.8,fruit_nuts,breakfast_snack
E002,06_0001,1.8,fruit_nuts,breakfast_snack
E002,06_0002,1.8,fruit_nuts,breakfast_snack
E002,06_0003,1.8,fruit_nuts,breakfast_snack
E002,06_0004,1.8,fruit_nuts,breakfast_snack
E002,06_0005,1.8,fruit_nuts,breakfast_snack
E002,06_0006,1.8,fruit_nuts,breakfast_snack
E002,06_0007,1.8,fruit_nuts,breakfast_snack
E002,06_0008,1.8,fruit_nuts,breakfast_snack
E003,06_0001,1.8,fruit_nuts,breakfast_snack
E003,06_0002,1.8,fruit_nuts,breakfast_snack
E003,06_0003,1.8,fruit_nuts,breakfast_snack
E003,06_0004,1.8,fruit_nuts,breakfast_snack
E003,06_0005,1.8,fruit_nuts,breakfast_snack
E003,06_0006,1.8,fruit_nuts,breakfast_snack
E003,06_0007,1.8,fruit_nuts,breakfast_snack
E003,06_0008,1.8,fruit_nuts,breakfast_snack
E005,06_0001,1.8,fruit_nuts,breakfast_snack
E005,06_0002,1.8,fruit_nuts,breakfast_snack
E005,06_0003,1.8,fruit_nuts,breakfast_snack
E005,06_0004,1.8,fruit_nuts,breakfast_snack
E005,06_0005,1.8,fruit_nuts,breakfast_snack
E005,06_0006,1.8,fruit_nuts,breakfast_snack
E005,06_0007,1.8,fruit_nuts,breakfast_snack
E005,06_0008,1.8,fruit_nuts,breakfast_snack
E007,06_0001,1.8,fruit_nuts,breakfast_snack
E007,06_0002,1.8,fruit_nuts,breakfast_snack
E007,06_0003,1.8,fruit_nuts,breakfast_snack
E007,06_0004,1.8,fruit_nuts,breakfast_snack
E007,06_0005,1.8,fruit_nuts,breakfast_snack
E007,06_0006,1.8,fruit_nuts,breakfast_snack
E007,06_0007,1.8,fruit_nuts,breakfast_snack
E007,06_0008,1.8,fruit_nuts,breakfast_snack
E008,06_0001,1.8,fruit_nuts,breakfast_snack
E008,06_0002,1.8,fruit_nuts,breakfast_snack
E008,06_0003,1.8,fruit_nuts,breakfast_snack
E008,06_0004,1.8,fruit_nuts,breakfast_snack
E008,06_0005,1.8,fruit_nuts,breakfast_snack
E008,06_0006,1.8,fruit_nuts,breakfast_snack
E008,06_0007,1.8,fruit_nuts,breakfast_snack
E008,06_0008,1.8,fruit_nuts,breakfast_snack
E009,06_0001,1.8,fruit_nuts,breakfast_snack
E009,06_0002,1.8,fruit_nuts,breakfast_snack
E009,06_0003,1.8,fruit_nuts,breakfast_snack
E009,06_0004,1.8,fruit_nuts,breakfast_snack
E009,06_0005,1.8,fruit_nuts,breakfast_snack
E009,06_0006,1.8,fruit_nuts,breakfast_snack
E009,06_0007,1.8,fruit_nuts,breakfast_snack
E009,06_0008,1.8,fruit_nuts,breakfast_snack
E010,06_0001,1.8,fruit_nuts,breakfast_snack
E010,06_0002,1.8,fruit_nuts,breakfast_snack
E010,06_0003,1.8,fruit_nuts,breakfast_snack
E010,06_0004,1.8,fruit_nuts,breakfast_snack
E010,06_0005,1.8,fruit_nuts,breakfast_snack
E010,06_0006,1.8,fruit_nuts,breakfast_snack
E010,06_0007,1.8,fruit_nuts,breakfast_snack
E010,06_0008,1.8,fruit_nuts,breakfast_snack
04_0001,07_0009,2.0,shak_spice,lunch_dinner
04_0001,07_0012,2.0,shak_spice,lunch_dinner
04_0001,07_0013,2.0,shak_spice,lunch_dinner
04_0001,07_0015,2.0,shak_spice,lunch_dinner
04_0001,07_0016,2.0,shak_spice,lunch_dinner
04_0001,07_0018,2.0,shak_spice,lunch_dinner
04_0001,07_0019,2.0,shak_spice,lunch_dinner
04_0002,07_0009,2.0,shak_spice,lunch_dinner
04_0002,07_0012,2.0,shak_spice,lunch_dinner
04_0002,07_0013,2.0,shak_spice,lunch_dinner
04_0002,07_0015,2.0,shak_spice,lunch_dinner
04_0002,07_0016,2.0,shak_spice,lunch_dinner
04_0002,07_0018,2.0,shak_spice,lunch_dinner
04_0002,07_0019,2.0,shak_spice,lunch_dinner
04_0003,07_0009,2.0,shak_spice,lunch_dinner
04_0003,07_0012,2.0,shak_spice,lunch_dinner
04_0003,07_0013,2.0,shak_spice,lunch_dinner
04_0003,07_0015,2.0,shak_spice,lunch_dinner
04_0003,07_0016,2.0,shak_spice,lunch_dinner
04_0003,07_0018,2.0,shak_spice,lunch_dinner
04_0003,07_0019,2.0,shak_spice,lunch_dinner
04_0032,07_0009,2.0,shak_spice,lunch_dinner
04_0032,07_0012,2.0,shak_spice,lunch_dinner
04_0032,07_0013,2.0,shak_spice,lunch_dinner
04_0032,07_0015,2.0,shak_spice,lunch_dinner
04_0032,07_0016,2.0,shak_spice,lunch_dinner
04_0032,07_0018,2.0,shak_spice,lunch_dinner
04_0032,07_0019,2.0,shak_spice,lunch_dinner
04_0033,07_0009,2.0,shak_spice,lunch_dinner
04_0033,07_0012,2.0,shak_spice,lunch_dinner
04_0033,07_0013,2.0,shak_spice,lunch_dinner
04_0033,07_0015,2.0,shak_spice,lunch_dinner
04_0033,07_0016,2.0,shak_spice,lunch_dinner
04_0033,07_0018,2.0,shak_spice,lunch_dinner
04_0033,07_0019,2.0,shak_spice,lunch_dinner
04_0006,07_0009,2.0,shak_spice,lunch_dinner
04_0006,07_0012,2.0,shak_spice,lunch_dinner
04_0006,07_0013,2.0,shak_spice,lunch_dinner
04_0006,07_0015,2.0,shak_spice,lunch_dinner
04_0006,07_0016,2.0,shak_spice,lunch_dinner
04_0006,07_0018,2.0,shak_spice,lunch_dinner
04_0006,07_0019,2.0,shak_spice,lunch_dinner
04_0007,07_0009,2.0,shak_spice,lunch_dinner
04_0007,07_0012,2.0,shak_spice,lunch_dinner
04_0007,07_0013,2.0,shak_spice,lunch_dinner
04_0007,07_0015,2.0,shak_spice,lunch_dinner
04_0007,07_0016,2.0,shak_spice,lunch_dinner
04_0007,07_0018,2.0,shak_spice,lunch_dinner
04_0007,07_0019,2.0,shak_spice,lunch_dinner
04_0008,07_0009,2.0,shak_spice,lunch_dinner
04_0008,07_0012,2.0,shak_spice,lunch_dinner
04_0008,07_0013,2.0,shak_spice,lunch_dinner
04_0008,07_0015,2.0,shak_spice,lunch_dinner
04_0008,07_0016,2.0,shak_spice,lunch_dinner
04_0008,07_0018,2.0,shak_spice,lunch_dinner
04_0008,07_0019,2.0,shak_spice,lunch_dinner
04_0001,13_0001,1.8,cooking_fat,lunch_dinner
04_0001,13_0002,1.8,cooking_fat,lunch_dinner
04_0001,13_0003,1.8,cooking_fat,lunch_dinner
04_0001,13_0004,1.8,cooking_fat,lunch_dinner
04_0001,13_0010,1.8,cooking_fat,lunch_dinner
04_0001,13_0011,1.8,cooking_fat,lunch_dinner
04_0001,T005,1.8,cooking_fat,lunch_dinner
04_0002,13_0001,1.8,cooking_fat,lunch_dinner
04_0002,13_0002,1.8,cooking_fat,lunch_dinner
04_0002,13_0003,1.8,cooking_fat,lunch_dinner
04_0002,13_0004,1.8,cooking_fat,lunch_dinner
04_0002,13_0010,1.8,cooking_fat,lunch_dinner
04_0002,13_0011,1.8,cooking_fat,lunch_dinner
04_0002,T005,1.8,cooking_fat,lunch_dinner
04_0003,13_0001,1.8,cooking_fat,lunch_dinner
04_0003,13_0002,1.8,cooking_fat,lunch_dinner
04_0003,13_0003,1.8,cooking_fat,lunch_dinner
04_0003,13_0004,1.8,cooking_fat,lunch_dinner
04_0003,13_0010,1.8,cooking_fat,lunch_dinner
04_0003,13_0011,1.8,cooking_fat,lunch_dinner
04_0003,T005,1.8,cooking_fat,lunch_dinner
04_0032,13_0001,1.8,cooking_fat,lunch_dinner
04_0032,13_0002,1.8,cooking_fat,lunch_dinner
04_0032,13_0003,1.8,cooking_fat,lunch_dinner
04_0032,13_0004,1.8,cooking_fat,lunch_dinner
04_0032,13_0010,1.8,cooking_fat,lunch_dinner
04_0032,13_0011,1.8,cooking_fat,lunch_dinner
04_0032,T005,1.8,cooking_fat,lunch_dinner
04_0033,13_0001,1.8,cooking_fat,lunch_dinner
04_0033,13_0002,1.8,cooking_fat,lunch_dinner
04_0033,13_0003,1.8,cooking_fat,lunch_dinner
04_0033,13_0004,1.8,cooking_fat,lunch_dinner
04_0033,13_0010,1.8,cooking_fat,lunch_dinner
04_0033,13_0011,1.8,cooking_fat,lunch_dinner
04_0033,T005,1.8,cooking_fat,lunch_dinner
04_0006,13_0001,1.8,cooking_fat,lunch_dinner
04_0006,13_0002,1.8,cooking_fat,lunch_dinner
04_0006,13_0003,1.8,cooking_fat,lunch_dinner
04_0006,13_0004,1.8,cooking_fat,lunch_dinner
04_0006,13_0010,1.8,cooking_fat,lunch_dinner
04_0006,13_0011,1.8,cooking_fat,lunch_dinner
04_0006,T005,1.8,cooking_fat,lunch_dinner
04_0007,13_0001,1.8,cooking_fat,lunch_dinner
04_0007,13_0002,1.8,cooking_fat,lunch_dinner
04_0007,13_0003,1.8,cooking_fat,lunch_dinner
04_0007,13_0004,1.8,cooking_fat,lunch_dinner
04_0007,13_0010,1.8,cooking_fat,lunch_dinner
04_0007,13_0011,1.8,cooking_fat,lunch_dinner
04_0007,T005,1.8,cooking_fat,lunch_dinner
04_0008,13_0001,1.8,cooking_fat,lunch_dinner
04_0008,13_0002,1.8,cooking_fat,lunch_dinner
04_0008,13_0003,1.8,cooking_fat,lunch_dinner
04_0008,13_0004,1.8,cooking_fat,lunch_dinner
04_0008,13_0010,1.8,cooking_fat,lunch_dinner
04_0008,13_0011,1.8,cooking_fat,lunch_dinner
04_0008,T005,1.8,cooking_fat,lunch_dinner
03_0001,07_0009,2.2,torkari_spice,lunch_dinner
03_0001,07_0012,2.2,torkari_spice,lunch_dinner
03_0001,07_0013,2.2,torkari_spice,lunch_dinner
03_0001,07_0015,2.2,torkari_spice,lunch_dinner
03_0001,07_0016,2.2,torkari_spice,lunch_dinner
03_0001,07_0018,2.2,torkari_spice,lunch_dinner
03_0001,07_0019,2.2,torkari_spice,lunch_dinner
03_0002,07_0009,2.2,torkari_spice,lunch_dinner
03_0002,07_0012,2.2,torkari_spice,lunch_dinner
03_0002,07_0013,2.2,torkari_spice,lunch_dinner
03_0002,07_0015,2.2,torkari_spice,lunch_dinner
03_0002,07_0016,2.2,torkari_spice,lunch_dinner
03_0002,07_0018,2.2,torkari_spice,lunch_dinner
03_0002,07_0019,2.2,torkari_spice,lunch_dinner
03_0003,07_0009,2.2,torkari_spice,lunch_dinner
03_0003,07_0012,2.2,torkari_spice,lunch_dinner
03_0003,07_0013,2.2,torkari_spice,lunch_dinner
03_0003,07_0015,2.2,torkari_spice,lunch_dinner
03_0003,07_0016,2.2,torkari_spice,lunch_dinner
03_0003,07_0018,2.2,torkari_spice,lunch_dinner
03_0003,07_0019,2.2,torkari_spice,lunch_dinner
03_0004,07_0009,2.2,torkari_spice,lunch_dinner
03_0004,07_0012,2.2,torkari_spice,lunch_dinner
03_0004,07_0013,2.2,torkari_spice,lunch_dinner
03_0004,07_0015,2.2,torkari_spice,lunch_dinner
03_0004,07_0016,2.2,torkari_spice,lunch_dinner
03_0004,07_0018,2.2,torkari_spice,lunch_dinner
03_0004,07_0019,2.2,torkari_spice,lunch_dinner
03_0005,07_0009,2.2,torkari_spice,lunch_dinner
03_0005,07_0012,2.2,torkari_spice,lunch_dinner
03_0005,07_0013,2.2,torkari_spice,lunch_dinner
03_0005,07_0015,2.2,torkari_spice,lunch_dinner
03_0005,07_0016,2.2,torkari_spice,lunch_dinner
03_0005,07_0018,2.2,torkari_spice,lunch_dinner
03_0005,07_0019,2.2,torkari_spice,lunch_dinner
03_0033,07_0009,2.2,torkari_spice,lunch_dinner
03_0033,07_0012,2.2,torkari_spice,lunch_dinner
03_0033,07_0013,2.2,torkari_spice,lunch_dinner
03_0033,07_0015,2.2,torkari_spice,lunch_dinner
03_0033,07_0016,2.2,torkari_spice,lunch_dinner
03_0033,07_0018,2.2,torkari_spice,lunch_dinner
03_0033,07_0019,2.2,torkari_spice,lunch_dinner
03_0006,07_0009,2.2,torkari_spice,lunch_dinner
03_0006,07_0012,2.2,torkari_spice,lunch_dinner
03_0006,07_0013,2.2,torkari_spice,lunch_dinner
03_0006,07_0015,2.2,torkari_spice,lunch_dinner
03_0006,07_0016,2.2,torkari_spice,lunch_dinner
03_0006,07_0018,2.2,torkari_spice,lunch_dinner
03_0006,07_0019,2.2,torkari_spice,lunch_dinner
03_0034,07_0009,2.2,torkari_spice,lunch_dinner
03_0034,07_0012,2.2,torkari_spice,lunch_dinner
03_0034,07_0013,2.2,torkari_spice,lunch_dinner
03_0034,07_0015,2.2,torkari_spice,lunch_dinner
03_0034,07_0016,2.2,torkari_spice,lunch_dinner
03_0034,07_0018,2.2,torkari_spice,lunch_dinner
03_0034,07_0019,2.2,torkari_spice,lunch_dinner
03_0001,13_0001,1.8,cooking_fat,lunch_dinner
03_0001,13_0002,1.8,cooking_fat,lunch_dinner
03_0001,13_0003,1.8,cooking_fat,lunch_dinner
03_0001,13_0004,1.8,cooking_fat,lunch_dinner
03_0001,13_0010,1.8,cooking_fat,lunch_dinner
03_0001,13_0011,1.8,cooking_fat,lunch_dinner
03_0001,T005,1.8,cooking_fat,lunch_dinner
03_0002,13_0001,1.8,cooking_fat,lunch_dinner
03_0002,13_0002,1.8,cooking_fat,lunch_dinner
03_0002,13_0003,1.8,cooking_fat,lunch_dinner
03_0002,13_0004,1.8,cooking_fat,lunch_dinner
03_0002,13_0010,1.8,cooking_fat,lunch_dinner
03_0002,13_0011,1.8,cooking_fat,lunch_dinner
03_0002,T005,1.8,cooking_fat,lunch_dinner
03_0003,13_0001,1.8,cooking_fat,lunch_dinner
03_0003,13_0002,1.8,cooking_fat,lunch_dinner
03_0003,13_0003,1.8,cooking_fat,lunch_dinner
03_0003,13_0004,1.8,cooking_fat,lunch_dinner
03_0003,13_0010,1.8,cooking_fat,lunch_dinner
03_0003,13_0011,1.8,cooking_fat,lunch_dinner
03_0003,T005,1.8,cooking_fat,lunch_dinner
03_0004,13_0001,1.8,cooking_fat,lunch_dinner
03_0004,13_0002,1.8,cooking_fat,lunch_dinner
03_0004,13_0003,1.8,cooking_fat,lunch_dinner
03_0004,13_0004,1.8,cooking_fat,lunch_dinner
03_0004,13_0010,1.8,cooking_fat,lunch_dinner
03_0004,13_0011,1.8,cooking_fat,lunch_dinner
03_0004,T005,1.8,cooking_fat,lunch_dinner
03_0005,13_0001,1.8,cooking_fat,lunch_dinner
03_0005,13_0002,1.8,cooking_fat,lunch_dinner
03_0005,13_0003,1.8,cooking_fat,lunch_dinner
03_0005,13_0004,1.8,cooking_fat,lunch_dinner
03_0005,13_0010,1.8,cooking_fat,lunch_dinner
03_0005,13_0011,1.8,cooking_fat,lunch_dinner
03_0005,T005,1.8,cooking_fat,lunch_dinner
03_0033,13_0001,1.8,cooking_fat,lunch_dinner
03_0033,13_0002,1.8,cooking_fat,lunch_dinner
03_0033,13_0003,1.8,cooking_fat,lunch_dinner
03_0033,13_0004,1.8,cooking_fat,lunch_dinner
03_0033,13_0010,1.8,cooking_fat,lunch_dinner
03_0033,13_0011,1.8,cooking_fat,lunch_dinner
03_0033,T005,1.8,cooking_fat,lunch_dinner
03_0006,13_0001,1.8,cooking_fat,lunch_dinner
03_0006,13_0002,1.8,cooking_fat,lunch_dinner
03_0006,13_0003,1.8,cooking_fat,lunch_dinner
03_0006,13_0004,1.8,cooking_fat,lunch_dinner
03_0006,13_0010,1.8,cooking_fat,lunch_dinner
03_0006,13_0011,1.8,cooking_fat,lunch_dinner
03_0006,T005,1.8,cooking_fat,lunch_dinner
03_0034,13_0001,1.8,cooking_fat,lunch_dinner
03_0034,13_0002,1.8,cooking_fat,lunch_dinner
03_0034,13_0003,1.8,cooking_fat,lunch_dinner
03_0034,13_0004,1.8,cooking_fat,lunch_dinner
03_0034,13_0010,1.8,cooking_fat,lunch_dinner
03_0034,13_0011,1.8,cooking_fat,lunch_dinner
03_0034,T005,1.8,cooking_fat,lunch_dinner
05_0011,07_0009,2.0,aloo_spice,lunch_dinner
05_0011,07_0012,2.0,aloo_spice,lunch_dinner
05_0011,07_0013,2.0,aloo_spice,lunch_dinner
05_0011,07_0015,2.0,aloo_spice,lunch_dinner
05_0011,07_0016,2.0,aloo_spice,lunch_dinner
05_0011,07_0018,2.0,aloo_spice,lunch_dinner
05_0011,07_0019,2.0,aloo_spice,lunch_dinner
05_0017,07_0009,2.0,aloo_spice,lunch_dinner
05_0017,07_0012,2.0,aloo_spice,lunch_dinner
05_0017,07_0013,2.0,aloo_spice,lunch_dinner
05_0017,07_0015,2.0,aloo_spice,lunch_dinner
05_0017,07_0016,2.0,aloo_spice,lunch_dinner
05_0017,07_0018,2.0,aloo_spice,lunch_dinner
05_0017,07_0019,2.0,aloo_spice,lunch_dinner
05_0018,07_0009,2.0,aloo_spice,lunch_dinner
05_0018,07_0012,2.0,aloo_spice,lunch_dinner
05_0018,07_0013,2.0,aloo_spice,lunch_dinner
05_0018,07_0015,2.0,aloo_spice,lunch_dinner
05_0018,07_0016,2.0,aloo_spice,lunch_dinner
05_0018,07_0018,2.0,aloo_spice,lunch_dinner
05_0018,07_0019,2.0,aloo_spice,lunch_dinner
05_0019,07_0009,2.0,aloo_spice,lunch_dinner
05_0019,07_0012,2.0,aloo_spice,lunch_dinner
05_0019,07_0013,2.0,aloo_spice,lunch_dinner
05_0019,07_0015,2.0,aloo_spice,lunch_dinner
05_0019,07_0016,2.0,aloo_spice,lunch_dinner
05_0019,07_0018,2.0,aloo_spice,lunch_dinner
05_0019,07_0019,2.0,aloo_spice,lunch_dinner
05_0005,07_0009,2.0,aloo_spice,lunch_dinner
05_0005,07_0012,2.0,aloo_spice,lunch_dinner
05_0005,07_0013,2.0,aloo_spice,lunch_dinner
05_0005,07_0015,2.0,aloo_spice,lunch_dinner
05_0005,07_0016,2.0,aloo_spice,lunch_dinner
05_0005,07_0018,2.0,aloo_spice,lunch_dinner
05_0005,07_0019,2.0,aloo_spice,lunch_dinner
05_0012,07_0009,2.0,aloo_spice,lunch_dinner
05_0012,07_0012,2.0,aloo_spice,lunch_dinner
05_0012,07_0013,2.0,aloo_spice,lunch_dinner
05_0012,07_0015,2.0,aloo_spice,lunch_dinner
05_0012,07_0016,2.0,aloo_spice,lunch_dinner
05_0012,07_0018,2.0,aloo_spice,lunch_dinner
05_0012,07_0019,2.0,aloo_spice,lunch_dinner
05_0021,07_0009,2.0,aloo_spice,lunch_dinner
05_0021,07_0012,2.0,aloo_spice,lunch_dinner
05_0021,07_0013,2.0,aloo_spice,lunch_dinner
05_0021,07_0015,2.0,aloo_spice,lunch_dinner
05_0021,07_0016,2.0,aloo_spice,lunch_dinner
05_0021,07_0018,2.0,aloo_spice,lunch_dinner
05_0021,07_0019,2.0,aloo_spice,lunch_dinner
05_0016,07_0009,2.0,aloo_spice,lunch_dinner
05_0016,07_0012,2.0,aloo_spice,lunch_dinner
05_0016,07_0013,2.0,aloo_spice,lunch_dinner
05_0016,07_0015,2.0,aloo_spice,lunch_dinner
05_0016,07_0016,2.0,aloo_spice,lunch_dinner
05_0016,07_0018,2.0,aloo_spice,lunch_dinner
05_0016,07_0019,2.0,aloo_spice,lunch_dinner
J001,11_0001,1.8,mushroom_egg,lunch_dinner
J001,11_0005,1.8,mushroom_egg,lunch_dinner
J001,11_0002,1.8,mushroom_egg,lunch_dinner
J001,11_0006,1.8,mushroom_egg,lunch_dinner
J001,11_0003,1.8,mushroom_egg,lunch_dinner
J001,11_0004,1.8,mushroom_egg,lunch_dinner
J001,11_0007,1.8,mushroom_egg,lunch_dinner
J001,M001,1.8,mushroom_egg,lunch_dinner
J003,11_0001,1.8,mushroom_egg,lunch_dinner
J003,11_0005,1.8,mushroom_egg,lunch_dinner
J003,11_0002,1.8,mushroom_egg,lunch_dinner
J003,11_0006,1.8,mushroom_egg,lunch_dinner
J003,11_0003,1.8,mushroom_egg,lunch_dinner
J003,11_0004,1.8,mushroom_egg,lunch_dinner
J003,11_0007,1.8,mushroom_egg,lunch_dinner
J003,M001,1.8,mushroom_egg,lunch_dinner
J004,11_0001,1.8,mushroom_egg,lunch_dinner
J004,11_0005,1.8,mushroom_egg,lunch_dinner
J004,11_0002,1.8,mushroom_egg,lunch_dinner
J004,11_0006,1.8,mushroom_egg,lunch_dinner
J004,11_0003,1.8,mushroom_egg,lunch_dinner
J004,11_0004,1.8,mushroom_egg,lunch_dinner
J004,11_0007,1.8,mushroom_egg,lunch_dinner
J004,M001,1.8,mushroom_egg,lunch_dinner
J001,07_0009,2.0,mushroom_spice,lunch_dinner
J001,07_0012,2.0,mushroom_spice,lunch_dinner
J001,07_0013,2.0,mushroom_spice,lunch_dinner
J001,07_0015,2.0,mushroom_spice,lunch_dinner
J001,07_0016,2.0,mushroom_spice,lunch_dinner
J001,07_0018,2.0,mushroom_spice,lunch_dinner
J001,07_0019,2.0,mushroom_spice,lunch_dinner
J003,07_0009,2.0,mushroom_spice,lunch_dinner
J003,07_0012,2.0,mushroom_spice,lunch_dinner
J003,07_0013,2.0,mushroom_spice,lunch_dinner
J003,07_0015,2.0,mushroom_spice,lunch_dinner
J003,07_0016,2.0,mushroom_spice,lunch_dinner
J003,07_0018,2.0,mushroom_spice,lunch_dinner
J003,07_0019,2.0,mushroom_spice,lunch_dinner
J004,07_0009,2.0,mushroom_spice,lunch_dinner
J004,07_0012,2.0,mushroom_spice,lunch_dinner
J004,07_0013,2.0,mushroom_spice,lunch_dinner
J004,07_0015,2.0,mushroom_spice,lunch_dinner
J004,07_0016,2.0,mushroom_spice,lunch_dinner
J004,07_0018,2.0,mushroom_spice,lunch_dinner
J004,07_0019,2.0,mushroom_spice,lunch_dinner
Q001,03_0001,2.2,shrimp_veg,lunch_dinner
Q001,03_0002,2.2,shrimp_veg,lunch_dinner
Q001,03_0003,2.2,shrimp_veg,lunch_dinner
Q001,03_0004,2.2,shrimp_veg,lunch_dinner
Q001,03_0005,2.2,shrimp_veg,lunch_dinner
Q001,03_0033,2.2,shrimp_veg,lunch_dinner
Q001,03_0006,2.2,shrimp_veg,lunch_dinner
Q001,03_0034,2.2,shrimp_veg,lunch_dinner
Q002,03_0001,2.2,shrimp_veg,lunch_dinner
Q002,03_0002,2.2,shrimp_veg,lunch_dinner
Q002,03_0003,2.2,shrimp_veg,lunch_dinner
Q002,03_0004,2.2,shrimp_veg,lunch_dinner
Q002,03_0005,2.2,shrimp_veg,lunch_dinner
Q002,03_0033,2.2,shrimp_veg,lunch_dinner
Q002,03_0006,2.2,shrimp_veg,lunch_dinner
Q002,03_0034,2.2,shrimp_veg,lunch_dinner
Q004,03_0001,2.2,shrimp_veg,lunch_dinner
Q004,03_0002,2.2,shrimp_veg,lunch_dinner
Q004,03_0003,2.2,shrimp_veg,lunch_dinner
Q004,03_0004,2.2,shrimp_veg,lunch_dinner
Q004,03_0005,2.2,shrimp_veg,lunch_dinner
Q004,03_0033,2.2,shrimp_veg,lunch_dinner
Q004,03_0006,2.2,shrimp_veg,lunch_dinner
Q004,03_0034,2.2,shrimp_veg,lunch_dinner
Q005,03_0001,2.2,shrimp_veg,lunch_dinner
Q005,03_0002,2.2,shrimp_veg,lunch_dinner
Q005,03_0003,2.2,shrimp_veg,lunch_dinner
Q005,03_0004,2.2,shrimp_veg,lunch_dinner
Q005,03_0005,2.2,shrimp_veg,lunch_dinner
Q005,03_0033,2.2,shrimp_veg,lunch_dinner
Q005,03_0006,2.2,shrimp_veg,lunch_dinner
Q005,03_0034,2.2,shrimp_veg,lunch_dinner
Q001,07_0009,2.3,shrimp_spice,lunch_dinner
Q001,07_0012,2.3,shrimp_spice,lunch_dinner
Q001,07_0013,2.3,shrimp_spice,lunch_dinner
Q001,07_0015,2.3,shrimp_spice,lunch_dinner
Q001,07_0016,2.3,shrimp_spice,lunch_dinner
Q001,07_0018,2.3,shrimp_spice,lunch_dinner
Q001,07_0019,2.3,shrimp_spice,lunch_dinner
Q002,07_0009,2.3,shrimp_spice,lunch_dinner
Q002,07_0012,2.3,shrimp_spice,lunch_dinner
Q002,07_0013,2.3,shrimp_spice,lunch_dinner
Q002,07_0015,2.3,shrimp_spice,lunch_dinner
Q002,07_0016,2.3,shrimp_spice,lunch_dinner
Q002,07_0018,2.3,shrimp_spice,lunch_dinner
Q002,07_0019,2.3,shrimp_spice,lunch_dinner
Q004,07_0009,2.3,shrimp_spice,lunch_dinner
Q004,07_0012,2.3,shrimp_spice,lunch_dinner
Q004,07_0013,2.3,shrimp_spice,lunch_dinner
Q004,07_0015,2.3,shrimp_spice,lunch_dinner
Q004,07_0016,2.3,shrimp_spice,lunch_dinner
Q004,07_0018,2.3,shrimp_spice,lunch_dinner
Q004,07_0019,2.3,shrimp_spice,lunch_dinner
Q005,07_0009,2.3,shrimp_spice,lunch_dinner
Q005,07_0012,2.3,shrimp_spice,lunch_dinner
Q005,07_0013,2.3,shrimp_spice,lunch_dinner
Q005,07_0015,2.3,shrimp_spice,lunch_dinner
Q005,07_0016,2.3,shrimp_spice,lunch_dinner
Q005,07_0018,2.3,shrimp_spice,lunch_dinner
Q005,07_0019,2.3,shrimp_spice,lunch_dinner
14_0002,01_0001,2.0,tea_snack,breakfast_snack
14_0002,01_0034,2.0,tea_snack,breakfast_snack
14_0002,01_0002,2.0,tea_snack,breakfast_snack
14_0002,01_0003,2.0,tea_snack,breakfast_snack
14_0002,01_0008,2.0,tea_snack,breakfast_snack
14_0002,01_0035,2.0,tea_snack,breakfast_snack
14_0002,01_0036,2.0,tea_snack,breakfast_snack
14_0002,01_0009,2.0,tea_snack,breakfast_snack
14_0003,01_0001,2.0,tea_snack,breakfast_snack
14_0003,01_0034,2.0,tea_snack,breakfast_snack
14_0003,01_0002,2.0,tea_snack,breakfast_snack
14_0003,01_0003,2.0,tea_snack,breakfast_snack
14_0003,01_0008,2.0,tea_snack,breakfast_snack
14_0003,01_0035,2.0,tea_snack,breakfast_snack
14_0003,01_0036,2.0,tea_snack,breakfast_snack
14_0003,01_0009,2.0,tea_snack,breakfast_snack
14_0004,01_0001,2.0,tea_snack,breakfast_snack
14_0004,01_0034,2.0,tea_snack,breakfast_snack
14_0004,01_0002,2.0,tea_snack,breakfast_snack
14_0004,01_0003,2.0,tea_snack,breakfast_snack
14_0004,01_0008,2.0,tea_snack,breakfast_snack
14_0004,01_0035,2.0,tea_snack,breakfast_snack
14_0004,01_0036,2.0,tea_snack,breakfast_snack
14_0004,01_0009,2.0,tea_snack,breakfast_snack
14_0005,01_0001,2.0,tea_snack,breakfast_snack
14_0005,01_0034,2.0,tea_snack,breakfast_snack
14_0005,01_0002,2.0,tea_snack,breakfast_snack
14_0005,01_0003,2.0,tea_snack,breakfast_snack
14_0005,01_0008,2.0,tea_snack,breakfast_snack
14_0005,01_0035,2.0,tea_snack,breakfast_snack
14_0005,01_0036,2.0,tea_snack,breakfast_snack
14_0005,01_0009,2.0,tea_snack,breakfast_snack
14_0007,01_0001,2.0,tea_snack,breakfast_snack
14_0007,01_0034,2.0,tea_snack,breakfast_snack
14_0007,01_0002,2.0,tea_snack,breakfast_snack
14_0007,01_0003,2.0,tea_snack,breakfast_snack
14_0007,01_0008,2.0,tea_snack,breakfast_snack
14_0007,01_0035,2.0,tea_snack,breakfast_snack
14_0007,01_0036,2.0,tea_snack,breakfast_snack
14_0007,01_0009,2.0,tea_snack,breakfast_snack
14_0008,01_0001,2.0,tea_snack,breakfast_snack
14_0008,01_0034,2.0,tea_snack,breakfast_snack
14_0008,01_0002,2.0,tea_snack,breakfast_snack
14_0008,01_0003,2.0,tea_snack,breakfast_snack
14_0008,01_0008,2.0,tea_snack,breakfast_snack
14_0008,01_0035,2.0,tea_snack,breakfast_snack
14_0008,01_0036,2.0,tea_snack,breakfast_snack
14_0008,01_0009,2.0,tea_snack,breakfast_snack
14_0010,01_0001,2.0,tea_snack,breakfast_snack
14_0010,01_0034,2.0,tea_snack,breakfast_snack
14_0010,01_0002,2.0,tea_snack,breakfast_snack
14_0010,01_0003,2.0,tea_snack,breakfast_snack
14_0010,01_0008,2.0,tea_snack,breakfast_snack
14_0010,01_0035,2.0,tea_snack,breakfast_snack
14_0010,01_0036,2.0,tea_snack,breakfast_snack
14_0010,01_0009,2.0,tea_snack,breakfast_snack
14_0002,06_0001,1.5,tea_snack,breakfast_snack
14_0002,06_0002,1.5,tea_snack,breakfast_snack
14_0002,06_0003,1.5,tea_snack,breakfast_snack
14_0002,06_0004,1.5,tea_snack,breakfast_snack
14_0002,06_0005,1.5,tea_snack,breakfast_snack
14_0002,06_0006,1.5,tea_snack,breakfast_snack
14_0002,06_0007,1.5,tea_snack,breakfast_snack
14_0002,06_0008,1.5,tea_snack,breakfast_snack
14_0003,06_0001,1.5,tea_snack,breakfast_snack
14_0003,06_0002,1.5,tea_snack,breakfast_snack
14_0003,06_0003,1.5,tea_snack,breakfast_snack
14_0003,06_0004,1.5,tea_snack,breakfast_snack
14_0003,06_0005,1.5,tea_snack,breakfast_snack
14_0003,06_0006,1.5,tea_snack,breakfast_snack
14_0003,06_0007,1.5,tea_snack,breakfast_snack
14_0003,06_0008,1.5,tea_snack,breakfast_snack
14_0004,06_0001,1.5,tea_snack,breakfast_snack
14_0004,06_0002,1.5,tea_snack,breakfast_snack
14_0004,06_0003,1.5,tea_snack,breakfast_snack
14_0004,06_0004,1.5,tea_snack,breakfast_snack
14_0004,06_0005,1.5,tea_snack,breakfast_snack
14_0004,06_0006,1.5,tea_snack,breakfast_snack
14_0004,06_0007,1.5,tea_snack,breakfast_snack
14_0004,06_0008,1.5,tea_snack,breakfast_snack
14_0005,06_0001,1.5,tea_snack,breakfast_snack
14_0005,06_0002,1.5,tea_snack,breakfast_snack
14_0005,06_0003,1.5,tea_snack,breakfast_snack
14_0005,06_0004,1.5,tea_snack,breakfast_snack
14_0005,06_0005,1.5,tea_snack,breakfast_snack
14_0005,06_0006,1.5,tea_snack,breakfast_snack
14_0005,06_0007,1.5,tea_snack,breakfast_snack
14_0005,06_0008,1.5,tea_snack,breakfast_snack
14_0007,06_0001,1.5,tea_snack,breakfast_snack
14_0007,06_0002,1.5,tea_snack,breakfast_snack
14_0007,06_0003,1.5,tea_snack,breakfast_snack
14_0007,06_0004,1.5,tea_snack,breakfast_snack
14_0007,06_0005,1.5,tea_snack,breakfast_snack
14_0007,06_0006,1.5,tea_snack,breakfast_snack
14_0007,06_0007,1.5,tea_snack,breakfast_snack
14_0007,06_0008,1.5,tea_snack,breakfast_snack
14_0008,06_0001,1.5,tea_snack,breakfast_snack
14_0008,06_0002,1.5,tea_snack,breakfast_snack
14_0008,06_0003,1.5,tea_snack,breakfast_snack
14_0008,06_0004,1.5,tea_snack,breakfast_snack
14_0008,06_0005,1.5,tea_snack,breakfast_snack
14_0008,06_0006,1.5,tea_snack,breakfast_snack
14_0008,06_0007,1.5,tea_snack,breakfast_snack
14_0008,06_0008,1.5,tea_snack,breakfast_snack
14_0010,06_0001,1.5,tea_snack,breakfast_snack
14_0010,06_0002,1.5,tea_snack,breakfast_snack
14_0010,06_0003,1.5,tea_snack,breakfast_snack
14_0010,06_0004,1.5,tea_snack,breakfast_snack
14_0010,06_0005,1.5,tea_snack,breakfast_snack
14_0010,06_0006,1.5,tea_snack,breakfast_snack
14_0010,06_0007,1.5,tea_snack,breakfast_snack
14_0010,06_0008,1.5,tea_snack,breakfast_snack
14_0006,01_0001,1.8,sweet_cereal,breakfast_snack
14_0006,01_0034,1.8,sweet_cereal,breakfast_snack
14_0006,01_0002,1.8,sweet_cereal,breakfast_snack
14_0006,01_0003,1.8,sweet_cereal,breakfast_snack
14_0006,01_0008,1.8,sweet_cereal,breakfast_snack
14_0006,01_0035,1.8,sweet_cereal,breakfast_snack
14_0006,01_0036,1.8,sweet_cereal,breakfast_snack
14_0006,01_0009,1.8,sweet_cereal,breakfast_snack
I001,01_0001,1.8,sweet_cereal,breakfast_snack
I001,01_0034,1.8,sweet_cereal,breakfast_snack
I001,01_0002,1.8,sweet_cereal,breakfast_snack
I001,01_0003,1.8,sweet_cereal,breakfast_snack
I001,01_0008,1.8,sweet_cereal,breakfast_snack
I001,01_0035,1.8,sweet_cereal,breakfast_snack
I001,01_0036,1.8,sweet_cereal,breakfast_snack
I001,01_0009,1.8,sweet_cereal,breakfast_snack
07_0009,13_0001,1.5,spice_fat,all
07_0009,13_0002,1.5,spice_fat,all
07_0009,13_0003,1.5,spice_fat,all
07_0009,13_0004,1.5,spice_fat,all
07_0009,13_0010,1.5,spice_fat,all
07_0009,13_0011,1.5,spice_fat,all
07_0009,T005,1.5,spice_fat,all
07_0012,13_0001,1.5,spice_fat,all
07_0012,13_0002,1.5,spice_fat,all
07_0012,13_0003,1.5,spice_fat,all
07_0012,13_0004,1.5,spice_fat,all
07_0012,13_0010,1.5,spice_fat,all
07_0012,13_0011,1.5,spice_fat,all
07_0012,T005,1.5,spice_fat,all
07_0013,13_0001,1.5,spice_fat,all
07_0013,13_0002,1.5,spice_fat,all
07_0013,13_0003,1.5,spice_fat,all
07_0013,13_0004,1.5,spice_fat,all
07_0013,13_0010,1.5,spice_fat,all
07_0013,13_0011,1.5,spice_fat,all
07_0013,T005,1.5,spice_fat,all
07_0015,13_0001,1.5,spice_fat,all
07_0015,13_0002,1.5,spice_fat,all
07_0015,13_0003,1.5,spice_fat,all
07_0015,13_0004,1.5,spice_fat,all
07_0015,13_0010,1.5,spice_fat,all
07_0015,13_0011,1.5,spice_fat,all
07_0015,T005,1.5,spice_fat,all
07_0016,13_0001,1.5,spice_fat,all
07_0016,13_0002,1.5,spice_fat,all
07_0016,13_0003,1.5,spice_fat,all
07_0016,13_0004,1.5,spice_fat,all
07_0016,13_0010,1.5,spice_fat,all
07_0016,13_0011,1.5,spice_fat,all
07_0016,T005,1.5,spice_fat,all
07_0018,13_0001,1.5,spice_fat,all
07_0018,13_0002,1.5,spice_fat,all
07_0018,13_0003,1.5,spice_fat,all
07_0018,13_0004,1.5,spice_fat,all
07_0018,13_0010,1.5,spice_fat,all
07_0018,13_0011,1.5,spice_fat,all
07_0018,T005,1.5,spice_fat,all
07_0019,13_0001,1.5,spice_fat,all
07_0019,13_0002,1.5,spice_fat,all
07_0019,13_0003,1.5,spice_fat,all
07_0019,13_0004,1.5,spice_fat,all
07_0019,13_0010,1.5,spice_fat,all
07_0019,13_0011,1.5,spice_fat,all
07_0019,T005,1.5,spice_fat,all
